exam,subject,year,text,option_a,option_b,option_c,option_d,option_e,correct_answer,explanation
JAMB,Chemistry,1983,"X is crystalline salt of sodium. Solution of X in water turns litmus red produces a gas which turns lime water milky when added to sodium carbonate. With barium chloride solution, X gives a white precipitate which is insoluble in dilute hydrochloric acid. X is","Na2,CO3",NaHCO3 C NaHSO4 D Na2SO3,,,Na2SO4,,
JAMB,Chemistry,1983,The alkanol obtained from the production of soap is,ethanol,glycerol,methanol,propanol,glycol,,
JAMB,Chemistry,1983,The flame used by welders in cotton metals is,butane gas flame,acetylene flame,kerosene flame,oxy-acetylene flame,oxygen flame,,
JAMB,Chemistry,1983,Consecutive members of an alkane homologous series differ by,CH,CH2,CH3,CnHn,CnH2n+2,,
JAMB,Chemistry,1983,"If an element has the lectronic configuration 1s2 2s2 2p6 3s2 3p2, it is",a metal,an alkaline earth metal,an s-block element,a p-block element,a transition element,,
JAMB,Chemistry,1983,"Some copper (11) sulphate pentahydrate (CuSO45H2O), was heated at 120oC with the following results: Wt of crucible = 10.00 g; Wt of crucible + CuSO45H2O= 14.98g; Wt of crucible + residue = 13.54g. How many molecules of water of crystallization were lost? [H=1, Cu =63.5, O=16, S= 32]",1,2,3,4,5,,
JAMB,Chemistry,1983,The three-dimensional shape of methane is,hexagonal,tigonal,linear,tertrahedral,"cubical Question 8-10 are based on the following An unknown organic compound X has a relative molecular mass of 180. It is a colourless crystalline solid, readily soluble in water. X contains the element C, H, and O in the atomic ratio 1:2:1. The compound has a sweet taste and melts on heating. In the presence of yeast and in the absence of air X is converted to compound Y in the absence of air, X is converted to compound Y and colourless gas. Compound Y reacts with sodium metal to produce a gas Z which gives a ‘pop’ sound with a glowing splint. Y also reacts with ethanoic acid to give a sweet smelling compound W.",,
JAMB,Chemistry,1983,Compound W is,a soap,an oil,an alkane,an ester,sucrose,,
JAMB,Chemistry,1983,The molecular formula of X is,C12H22O11,C6H12O6,C3H6O3,C7H14O7,C4H3O4,,
JAMB,Chemistry,1983,reaction of X with yeast forms the basic of the,plastic industry,textile industry,brewing industry,soap industry,dyeing industry.,,
JAMB,Chemistry,1983,"A mixture of common salt, ammonium chloride and barium sulphate can best be separated by",addition of water followed by filtration then sublimation,addition of water followed by sublimation then filtration,sublimation followed by addition of water then filtration,fractional distillation,fractional crystallization.,,
JAMB,Chemistry,1983,"Which of the following relationships between the pressure P, the volume V and the temperature T, represents and ideal gas behaviors?",P & VT,P & T/V,PT & V,PV & VT,P & V/T,,
JAMB,Chemistry,1983,In the above experiment (fig1) the litmus paper will initially,be bleached,turn green,turn red,turn blue,turn black Chemistry 1983,,
JAMB,Chemistry,1983,The colour imparted to a flame by calcium ion is,green,blue,brick-red,yellow,lilac,,
JAMB,Chemistry,1983,In the reaction M + N P; H = + Q kJ. Which of the following would increase the concentration of the product?,Decreasing the concentration of N,Increasing the concentration of P,Adding a suitable catalyst.,Decreasing the temperature,,,
JAMB,Chemistry,1983,FeSO4+ H2S FeS + H2SO4 3 FeCl + CI2 2FeCL3 4 FeCl3 + SnCI2 2FeCL2 + SnCI4,1 only,2 only,3 only,1 and 3,2 and 4.,,
JAMB,Chemistry,1983,"Fig.2 In the above experiment (fig.2), a current was passed for 10 minutes and 0.63 g of copper was found to be deposited on the cathode of CuSO4 cells. The weight of AgNO3 cell during the same period would be [Cu = 63, Ag –108]",0.54 g,1.08 g,1.62 g,2.16 g,3.24 g,,
JAMB,Chemistry,1983,"In the reaction Fe + Cu2+ Fe2+ + Cu, iron displaces copper ions to form copper. This is due to the fact that",iron is in the metallic form while dthe copper is in the ionic form,the atomic weight of copper is greater than that of ion,copper metal has more electrons than ion metal,iron is an inert metal,iron is higher in the electrochemical series than copper.,,
JAMB,Chemistry,1983,C2H5 C =CH2 CH3 The correct name of the compound with the above structural formula is,2-methylbut-1-ene,2-methylbut-2-ene,2-methylbut-1-ene,2-ethyprop-1-ene,2-ethylprop-2-ene,,
JAMB,Chemistry,1983,How many isomeric forms are there for the molecular formula C3H6Br2?,1,2,3,4,5,,
JAMB,Chemistry,1983,A piece of burning sulphur will continue to burn in a gas jar of oxygen to give misty fumes which readily dissolve in water. The resulting liquid is,sulphur (1V) trioxide,Tetraoxosulphate acid (V1),Trioxosulphate (1V) acid,Dioxosulphate (11) acid,Hydrogen sulphide,,
JAMB,Chemistry,1983,Sodium decahydrate (Na2SO4 10H2O) an exposure to air loses all its water of crystallization. The process of loss is known as,Efflorescence,Hygroscopy,Deliquescence,Effervescence,Dehydration,,
JAMB,Chemistry,1983,Which of the following happens during the electrolysis of molten sodium chloride?,Sodium ion loses an electron,Chlorine atom gains an electron,Chloride ion gains an electron,Sodium ion is oxidized,Chloride ion is oxidized.,,
JAMB,Chemistry,1983,Crude petroleum pollutant usually seen on some Nigeria creeks and waterways can be dispersed or removed by.,heating the affected parts order to boil off the petroleum,mechanically stirring to dissolve the petroleum in water,pouring organic solvents to dissolve the petroleum,spraying the water with detergents,cooling to freeze out the petroleum.,,
JAMB,Chemistry,1983,An element is electronegative if,it has a tendency to exist in the gaseous form,its ions dissolve readily in water,it has a tendency to lose electrons,it has a tendency to gain electrons,it readily forms covalent bonds,,
JAMB,Chemistry,1983,"Solution X,Y, and Z have pH values 3.0, 5.0 and 9.0 respectively. Which of the following statements is correct?",All the solution are acidic,All solution are basic,Y and Z are more acidic than water,Y is more acidic than X.,Z is the least acidic,,
JAMB,Chemistry,1983,"Which of these metals, Mg, Fe, Pb, and Cu will dissolve in dilute HCI?",All the metals,"Mgm Fe, and Cu","Mg, Fem and Pb",Mg and Fe only,Mg only,,
JAMB,Chemistry,1983,Stainless steel is an alloy of,"Carbon, iron and lead","Carbon, ion and chromium",Carbon iron and copper,"Carbon, iron and silver",Carbon and iron only,,
JAMB,Chemistry,1983,What volume of 0.50 MH2SO4 will exactly neutralize 20cm3 of 0.1 M NaOH solution?,2.0 cm3,5.0 cm3,6.8 cm3,8.3 cm3,10.4 cm3,,
JAMB,Chemistry,1983,Which of the following pair of gases will NOT react further with oxygen at a temperature between 30oC and 400oC?,SO2 and NH3,CO2 and H2,NO2 and SO3,SO3 and NO,CO and H2,,
JAMB,Chemistry,1983,Some metals are extracted from their ores after some preliminary treatments by electrolysis (L) some by thermal reaction(T) and some by a combination of both processes(TL). Which set-up in the following for the extraction of iron copper and aluminum is correct?,"Iron (L), copper (L) m aluminum (T)","Iron (T), copper (L), aluminum (T)","Ion (TL), copper (TL), aluminium (TL)","Iron (L), copper (T), aluminium (T).","Ion (T), copper (L), aluminium (TL).",,
JAMB,Chemistry,1983,"In the preparation of some pure crystals of Cu (NO3)2 starting with CuO, a student gave the following statements as steps he employed. Which of these shows a flaw in his report?",Some CuO was reacted with excess dilute H2SO4,The solution was concentrated,"When the concentrate was cooled, crystals formed were removed by filtration.",The crystals were washed with very cold water,The crystals were then allowed to dry.,,
JAMB,Chemistry,1983,Which of the following seperation processes is most likely to yield high quality ethanol (>95%) from palm wine?,Fractional disllation without a dehydrant,Simple distillation without a dehydrant,Fractional distillation with a dehydrant,Column chromatography,Evaporation,,
JAMB,Chemistry,1983,Increasing the pressure of a gas,lowers the average kinetic energy of the molecules,decreases the density of the gas,decreases the temperature of the gas,increases the density of the gas,increases the volume of the gas.,,
JAMB,Chemistry,1983,"2.5 g of a hydrated barium salt gave on heating, 2.13 g of the anhydrous salt. Given that the relative molecular mass of the anhydrous salt is 208, the number of molecules of water of crystallization of the barium salt is",10,7,5,2,1,,
JAMB,Chemistry,1983,"3.06 g of a sample of potassium trioxochlorate (v) (KCIO3) was required to make a saturated solution with 10cm3 of water at 25oC. The solubility of the salt at 25oC is [K =39, CI =35.5, O=16]",5.0 moles dm3,3.0 moles dm3,"2,5 moles dm3",1.0 moles dm3,0.5 moles dm3,,
JAMB,Chemistry,1983,The cracking process is very important in the petroleum industry because it,gives purer products,Yields more lubricants,Yields more engine fuels,Yields more asphalt,Yield more candle wax,,
JAMB,Chemistry,1983,A gas that can behave as reducing agent towards chlorine and as an oxidizing agent toward hydrogen sulphide is,O2,NO,SO2,NH3,CO2,,
JAMB,Chemistry,1983,Which if the following solution will give a white precipitate with barium chloride solution and a green flame test?,Na2SO4,CuSO4,CaSO4,CaCI2,(NH4)2 SO4,,
JAMB,Chemistry,1983,The mass of an atom is determined by,its ionization potential,its electrochemical potential,the number of protons,the number of neutrons and protons,the number of neutrons and electrons,,
JAMB,Chemistry,1983,Which of the following is neutralization reaction?,Addition of chloride solution,Addition of trioxonirate (V) acid (nitric acid) to distilled water.,Addition of trioxonirate (V) acid (nitric acid) to tetraoxosulphate (V1) acid (sulphuric acid).,,,,
JAMB,Chemistry,1984,"A jet plane carrying 3,000 kg of ethane burns off all the gas forming water and carbondioxide. If all the carbondioxide is expelled and the water formed is condensed and kept on board the plane, then the gain in weight is","1,800 kg",900 kg,600 kg,"2,400 kg","1,200kg",,
JAMB,Chemistry,1984,"Liquid X, reacts with sodium trioxocarbonate (IV) (Na2CO3) to give a gas which turns calcium chloride solution milky. X is",Na2SO4 (aq),KI (ag),An alkali,An acid,A hydrocarbon.,,
JAMB,Chemistry,1984,Which of the following statements is FALSE?,copper (11) ion can be reduced to copper (1) ion by hydrochloric acid and zinc.,Sodium metal dissolves in water giving oxygen,Nitrogen is insoluble in water,Carbondioxide is soluble in water,Lead has a higher atomic weight than copper,,
JAMB,Chemistry,1984,When sodium dioxonitrate (111) (HaNO2 \) dissolves is,Exothermic,Endothermic,Isothermic,Isomeric,Hydroscopic,,
JAMB,Chemistry,1984,"The equilibrium reaction between copper (1) chloride and chloride at 25oC and 1 atmosphere is represented by the equation: 2CuCI2 + CI2 2CuCI2 H = -166kJ . Which of the following statement is TRUE for the reaction, pressure remaining constant.",More CuCI2 is formed at 40oC,More CuCI2 is formed at 10oC,Less CuCI2 is formed at 10oC D there is no change CuCI2 formed at 40oC and 10oC,,More CuCI2 is consumed at 40oC,,
JAMB,Chemistry,1984,Zn + H2SO4 ZnCI2 + H2 The rate of the above reaction will be greatly increased if.,the zinc is in the powered form,a greater volume of the acid is used,a smaller volume of the acid is used,the reaction vessel is immersed in an ice-bath,the zinc is in the form of pellets.,,
JAMB,Chemistry,1984,"Zn + H2SO4 ZnSO4 + H4 In the above reaction how much zinc will be left undissolve if 2.00 g of zinc treated with 10cm3 of 1.0 M of H2SO4? [Zn =65, S=32, O = 16, H = 1]",1.35 g,1.00 g,0.70 g,0.65 g,0.06 g,,
JAMB,Chemistry,1984,30cm3 of 0.1 M AI(NO3)3 solution is reacted with 100cm3 of 0.15M of NaOH solution. Which is in excess and by how much?,"NaOH solution, by 70cm3","NaOH solution, by 60cm3",NaOH solution by 40cm3,"AI (NO3)3, solution by 20cm3","AI (NO3)3 solution, by 10cm3 Chemistry 1984",,
JAMB,Chemistry,1984,Sodium chloride may be obtained from brine by,titration,decantation,distillation,evaporation,sublimation,,
JAMB,Chemistry,1984,20cm3 of hydrogen gas are sparked with 20cm3 of oxygen gas in an eudiometer at 373K (100oC) and 1 at atmosphere. The resulting mixture is cooled to 298 K (25oC) and passed over calcium chloride. The volume of the residual gas is,40cm3,20cm3,30cm3,10cm3,5 cm3,,
JAMB,Chemistry,1984,For the reaction NH4 NO 2 N2 + 2H2O calculate the volume of nitrogen that would be produced at S.T.P from 3.20 g of the trioxonirate (111) salt.,2.24 dm3,2.24 cm3,1.12 cm3,1.12 dm3,"4.48dm3 (Relative atomic masses: N = 14m O =16, H=1).",,
JAMB,Chemistry,1984,Manganese (1V) oxide reacts with concentrated hydrochloric acid according to the equation MnO2 + xHCI MnCI2 + CI +yH2O. x and y are,2 and 5 respectively,2 and 4 respectively,,,,,
JAMB,Chemistry,1984,A molar solution of caustic soda is prepared by dissolving,40 g NaOH in 100 g of water,40 g NaOH in 1000 g of water,20 g NaOH in 500 g of solution,20 g NaOH in 1000 g of solution,20 g NaOH in 80 g of solution.,,
JAMB,Chemistry,1984,Which among the element 1. Carbon 2. Oxygen 3. Copper 4. Bromine 5. Zinc will NOT react with either water of stream?,1 and 2,2 and 3,3 and 4,"1, 2, and 3","2, 3 and 5",,
JAMB,Chemistry,1984,Fig 1 Which of the curves shown in fig 1 represents the relationships between the volume (v) and pressure (p) of an ideal gas at constant temperature?,1,2,3,4,1 and 3,,
JAMB,Chemistry,1984,Naphthalene when heated melts at 354K (81oC) . At this temperature the molecules of naphthalene .,decompose into smaller molecules,change their shape,are oxidized by atmospheric oxygen,contract,become mobile as the inter molecular forces are broken.,,
JAMB,Chemistry,1984,The ration of the number of molecules in 2g of hydrogen to that in 16 g of oxygen is,2:1,1:1,1:2,1:4,1:8,,
JAMB,Chemistry,1984,powdering the reactant if solid,H2SO4 +AISO4 2H2O + AISO4,HSO4 + AIOH H2O +AISO4,3H2SO4 +2AIH3 6H2OH + AI (SO4)3,3H2SO4 + 2AI(OH)3 6H2O + AI (SO4)3,H2SO4 +AI (OH)3 H2O +AI2 (SO4)3,,
JAMB,Chemistry,1984,Fig. 2. The solubility curves of four substances are shown in Fig.2. Which of the four substances would crystallize from a saturated solution cooled from 353 K (80oC) to 323 K (50oC),P and Q,P and R,P and S,R and S,Q and R.,,
JAMB,Chemistry,1984,which of the following mixtures would result in a solution of pH greater than 7?,25.00 cm3 of 0.05 M H2SO4 and 25.00 cm3 of 0.50 m Na2CO3,25.00 cm3 of 0.50 M H2SO4 and 25;00 cm3 of 0.10 M NaHCO3,25.00 cm3 of 0.11 M H2SO4 and 25.00 cm3 of 0.10 M NaOH,25.00 cm3 of 0.11 M H2SO4 and 50.00 cm3 of 0.50 M NaOH,25.00 cm3 of 0.25 MH2SO4 and 50.00 cm3 of) .20 M NaOH,,
JAMB,Chemistry,1984,In which of the following reactions does hydrogen peroxide acts as a reducing agent?,H2S + H2O S + 2H2O,PbSO3 + H2O2 PbSO4 + H2O,2‘! + 2H + H2O I2 + 2H2O,PbO2 + 2HNO3 +H2O2 Pb (NO3)2 + 2H2O + O2,SO + H2O2 H2SO4,,
JAMB,Chemistry,1984,"For the reaction 2Fe + 2 e- 2Fe2+ +I2, which of the following statements is TRUE?",Fe is oxidized to Fe3,Fe3+ is oxidized to Fe2+,,,,,
JAMB,Chemistry,1984,The diagram above (Fig.3) shows the energy profile for the reaction A+B = C+,spontaneous,isothermal,adiabatic,exothermic,endothermic,,
JAMB,Chemistry,1984,In dilute solute the heat of the following NaOH + HCI = NaCI + H2O + H2SO4 Na2SO4 + 2H2O is,+28.65 kJ,–28.65kJ,+57.3 kJ,–114.6 kJ,–229.2 kJ,,
JAMB,Chemistry,1984,For the reactions: (1 Melon oil + NaOH ! Soap + Glycerol (11) 3Fe + 4H2O Fe3O4 + 4H2 (111) N2O4 2NO2. Which of the following statements is true?,Each of the three reactions requires a catalyst,All the reactions demonstrate Le Chatelier’s principle,The presence of a catalyst will increase the yield of products,Increase in pressure will result in higher yields of the products in 1 and 11 only,Increase in pressure will result in higher of the products in 111 only.,,
JAMB,Chemistry,1984,Which of the following methods may be used to prepare trioxonirate (V) acid (nitric acid) in the laboratory?,Heating ammonia gas with tetraoxosulphate (1V) acid,Heating ammonium trioxosulphate (V) with tetraoxonitrate (V) acid,Heating sodium trioxonirate (v) with tetraoxosulphate (V1) acid,Heating potassium trioxonirate (V) with calcium hydroxide.,Heating a mixture of ammonia gas and oxygen\,,
JAMB,Chemistry,1984,"Lime –water, which is used in the laboratory for the detection of carbon (1V) oxide, is an aqueous solution of:",Ca (OH)2,CaCO3,CaHCO3,CaSO4,N2CO3,,
JAMB,Chemistry,1984,An element that can exist in two or more different structure forms which possess the desame chemical properties is said to exhibit,polymerism,isotropy,isomorphism,isomerism,allotropy.,,
JAMB,Chemistry,1984,Sulphur….,Forms two alkaline oxides,Is spontaneously flammable,Burns with a blue flame,Conducts electricity in the molten state,Is usually stored in the form of sticks in water.,,
JAMB,Chemistry,1984,Which off the following statements is NOT true of carbon monoxide?,CO is poisonous,CO is readily oxidized at room temperature by air to form Co2,"CO may be prepared by reducing CO2, mixed coke heated to about 1000oC",CO may be prepared by heating charcoal with a limited amount of O2,CO is a good reducing agent.,,
JAMB,Chemistry,1984,From the reactions: ZnO + Na2O Na2ZnO and ZnO+ CO2 ZnCO3 it may be concluded that zinc oxide is,neutral,basic,acidic,amphoteric,a mixture,,
JAMB,Chemistry,1984,An example of a neutral oxide is,AL2O3,NO2,CO2,CO,SO2,,
JAMB,Chemistry,1984,"3CI2+ 2NH3 N2 + 6HCI. In the above reaction, ammonia acts as .",a reducing agent,an oxidizing agent,an acid,a catalyst,a drying agent,,
JAMB,Chemistry,1984,"In the Haber process for the manufacturer of ammonia, finely divided iron is used as",an ionizing agent,a reducing agent,a catalyst,a dehydrating agent,an oxidizing agent.,,
JAMB,Chemistry,1984,"An organic compound with a vapour density 56.5 has the following percentage composition: C = 53.1%, N = 12.4%, O = 28.3%, H = 6.2%. The molecular formula of the compound is",C3H6O2N,C5H6O2N,(C5H7O2N)½,C5H7O2N,"(C5H7ON)2. Relative atomic masses: N = 12.4%, O = 28.3%, H = 1)",,
JAMB,Chemistry,1984,The hybridization of the carbon atom in ethyne is,Sp^,sp3,sp2,sp,s,,
JAMB,Chemistry,1984,"When the kerosene fraction form petrol is heated at high temperature, a lower boiling liquid is obtained. This process is known as",polymerization,refining,hydrogenation,cracking,fractional distillation O,,
JAMB,Chemistry,1984,CH3- CH2- C OH Is,acetic acid,propanal,propanol,ethanoic acid,propanoic acid,,
JAMB,Chemistry,1984,Alkaline hydrolysis of naturally occurring fats and oils yields.,fats and acids,soaps and glycerol,margarine and butter,esters,detergents.,,
JAMB,Chemistry,1984,Which of the following represents a carboxylic acid? OH,R C O OR,R C O,"H2SO4,",R - COOCOR H,R C O,,
JAMB,Chemistry,1984,which of the statement is INCORRECT?,fractional distillation of crude petroleum will give following hydrocarbon fuels in order of increasing boiling point: Butane < petrol < kerosene,H2C = CH2 will serve as a monomer in the preparation of polythene,Both but – 1- ene and but –1-1yne will decolorize bromine readily.,"But –2 – ene will react with chlorine to form 2, 3 – dichlorobutane.",Calcium carbide will react with water to form any alkayne,,
JAMB,Chemistry,1984,"which of the following statement is NOT correct about all four of the acids: HBr, HNO3 H2CO3 and H2SO4? They",dissolve marble to liberate litmus red,have a pH less than 7,turn blue litmus red,neutralize alkalis to form salt,react with magnesium to liberate hydrogen.,,
JAMB,Chemistry,1984,If the cost of electricity required to deposit 1 g old magnesium is N5.00. How much salt would it cost to deposit 10 g of aluminium?,16.70 g,,N44.44,N66.67,"N33.33. (Relative atomic masses: AI = 27, Mg = 24). 37, In an experiment, copper tetraoxosulphate (V1) solution was electolysed using copper electrodes, The mass of copper deposited at the cathode by the passage of 16000 coulombs of electricity is",,
JAMB,Chemistry,1984,60g,,,67.10 g,,,,
JAMB,Chemistry,1984,67 g,,,,,"60.17 g (Relatively atomic masses: Cu = 63.5m O = 16, H = 1, S = 32).",,
JAMB,Chemistry,1984,"Which of the following statements is NOT true of the elements R, U, S, T, Y?",R is an isotope of hydrogen,U and Y are isotopes,"R,U,S and T are metals",T is a noble gas,S will react with oxygen to form SO,,
JAMB,Chemistry,1984,Nitrogen can best be obtained from a mixture of oxygen and nitrogen by passing the mixture over,potassium hydroxide,heated gold,heated magnesium,heated phosphorus,calcium chloride.,,
JAMB,Chemistry,1984,Water is said to be ‘hard’ if it,easily forms ice,has to be warmed before sodium chloride dissolves in it,forms an insoluble scum with soar,contains nitrates,contains sodium ions.,,
JAMB,Chemistry,1984,Sodium hydroxide (NaOH) pellets are,deliquescent,hygroscopic,efflorescent,hydrated,fluorescent.,,
JAMB,Chemistry,1984,Which of the following structure formulae is NOT numeric with others?,H H H H | | | | H–C- C - C – OH | | | | H H H H,,,,,,
JAMB,Chemistry,1984,Alkalines,are all gases,have the general formula CnH2n + 2O,contains only carbon and hydrogen,are usually soluble in water,are usually active compounds.,,
JAMB,Chemistry,1984,"If an excess of a liquid hydrocarbon is poured into a jar of chlorine, and the sealed jar is then exposed for several hours to bright sunlight, all the chlorine gas is consumed. The hydrocarbon is said to have undergone",a polymerization reaction,an isomerixation reaction,an addition reaction,a substitution reaction,a reduction reaction,,
JAMB,Chemistry,1984,The function of conc. H2SOH4 in the etherification of ethanoic acid with ethanol is to,serves as a dehydrating agent,serves as solvent,act as a catalyst,prevent any side reaction,serve as an oxidizing reaction,,
JAMB,Chemistry,1984,"A piece of sea shell, when dropped into a dilute solution of hydrochloric acid produces a colourless odorless gas, which turns clear limewater milky. The shell contains",sodium chloride,ammonium nitrate,calcium carbonate,calcium chloride,magnesium chloride,,
JAMB,Chemistry,1984,"An aqueous solution of a metal salt, Mm gives a white precipate with NaOH, which dissolves in excess NaOH. With aqueous ammonium the solution of M also gives a white precipate which dissolves in excess ammonia. Therefore the caution in M is",Zn++,Ca++,AI+++,Pb++,Cu++,,
JAMB,Chemistry,1984,The I.U.P.,isopropylethene,acetylene,3-methylbutane,2-methybutane,5-methypentane.,,
JAMB,Chemistry,1984,At S.T.P how many litres of hydrogen can be obtained from the reaction of 500cm3 of 0.5 M H2SO4 excess zinc metal.,22.4 dm3,11.2 dm3,6.5 dm3,5.6 dm3,0.00 dm3 (Gram molecular volume of H2 = 22.4 dm3),,
JAMB,Chemistry,1985,Which of the following conducts electricity?,Sulphur,Graphite,Diamond,Red phosphorus,Yellow phosphorus.,,
JAMB,Chemistry,1985,An organic compound contains 72% carbon 12% hydrogen and 16% oxygen by mass. The empirical formula of the compound is,C6H22O3,C6H10O3,C12H12O,C6H12O,"C3CH10 ( H= 1, C = 12, O= 16).",,
JAMB,Chemistry,1985,0.499 of CuSO4.xH2O when heated to constant weight gave a residue of 0.346 g. The value of x is,0.5,2.0,3.0,4.0,"5.0. (Cu = 63.5, S = 32.0 O = 16, H = 1).",,
JAMB,Chemistry,1985,In an experiment which of the following observation would suggest that a solid sample is a mixture? The,solid can be ground to a fine powder,density of the solid 2.25 g dm-3,solid begins to melt until 648 K,solid absorbs moisture from the atmosphere and turns into a liquid,solid melts at 300 K.,,
JAMB,Chemistry,1985,Hydrogen diffuses through a porous plug,at the same rate as oxygen,at a slower rare than oxygen,twice as fast as oxygen,three times as fast as oxygen,four times as fast as oxygen.,,
JAMB,Chemistry,1985,"Given the molecular mss of iron is 56 and that of oxygen is 16, how many moles of Iron (111) oxide will be contained in 1 kg of the compound?",25.0 moles,12.5 moles,6.25 moles,3.125 moles,0.625 moles,,
JAMB,Chemistry,1985,3.0 g of a mixture of potassium carbonate and potassium chloride were dissolved in a 250cm3 standard flask. 25 cm3 of this solution required 40.00cm3 of 0.1 M HCI for neutralization. What is the percentage by weight of K2CO3 in the mixture?,60,72,82,89,"92 (K = 39, O = 16, C = 12). Figure 2 below represents the solubility curb\ves of two salts, X and Y, in water. Use this diagram to answer question9 to 11",,
JAMB,Chemistry,1985,At room temperature (300K),Y is twice as soluble as X,X is twice as soluble as Y,X and Y soluble to the same extent,X is three times as soluble as Y,Y is three times as soluble as X,,
JAMB,Chemistry,1985,If 80 g each of X and Y are taken up in 100g of water at 353 K we shall have.,only 10 g of X and Y undissolve,only 16 g of Y undissolve,10 g of X and 16 g of Y undissolved,all X and Y dissolved,all X and Y undissolved,,
JAMB,Chemistry,1985,"If the molar mass of X is 36 g, the number of moles of X dissolved at 343 is",0.2 moles,0.7 moles,1.5 moles,2.0 moles,3.0 moles,,
JAMB,Chemistry,1985,Some properties of chemical substances are mentioned below (i) solar taste (ii)slippery to touch (iii)yields alkaline gas with ammonium salts (iv) has pH less than 7 (v) turns phenolphthalein pink. Which of the above are NOT typical properties of alkaline?,"(i), (iv) and (v)",(iv) and (v) Chemistry 1985,,,,,
JAMB,Chemistry,1985,A certain volume of a gas at 298K is heated such that its volume and pressure are now four times the original values. What is the new temperature?,18.6 K,100.0 K,298.0 K,1192.0 K,47689.0 K,,
JAMB,Chemistry,1985,Hydrogen is not liberated when trioxonirate (v) acid reacts with zinc because,Zinc is rendered passive by the acid,Hydrogen produced is oxidized to water,Oxides of nitrogen are produced,All nitrates are soluble in water,trioxonitrate v acid is a strong acid.,,
JAMB,Chemistry,1985,"The boiling points of water, ethanol, toluene and button-2-ol are 373.OK, 351.3K, 383.6 K and 372.5 K respectively. Which liquid has the highest vapour pressure at 323.0K?",water,Toluene,Ethanol,Butan-2-ol,None,,
JAMB,Chemistry,1985,In what respect will two dry samples of nitrogen gas differ from each other if samples 1 is prepared by completely removing CO2 and O2 from air and sample 2 is prepared by passing purified nitrogen (i) oxide over heated copper? Sample 1 is,purer than sample 2,slightly denser than sample 2,in all respects the same as sample 2,colourless but sample 2 has a light brown.,slightly less reactive than sample 2,,
JAMB,Chemistry,1985,Copper sulphate solution is electrolyzed using platinum electrodes. A current of 0.193 amperes is passed for 2hrs. How many grams of copper are deposited?,0.457 g,0.500 g,0.882 g,0.914 g,1.00 g (Cu = 63.5m F = 96500 coulombs),,
JAMB,Chemistry,1985,X + Y Z is an equilibrium reaction. The addition of a catalyst,increases the amount of W produced in a given time,"increase the rate of change in concentrations of X, Y and Z",increases the rate of disappearance of X and Y,increases the rate of the forward reaction,decreases the amounts of X and Y left after the attainment of equilibrium.,,
JAMB,Chemistry,1985,What is the formula of sodium gallate if gallium (Ga) shows an oxidation number of +3.,NaGaO3,Na2G(OH)2,NaGa(OH)3,NaGa (OH)4,NaGaO,,
JAMB,Chemistry,1985,"If the ONLY pollutants found in the atmosphere over a city are oxides of nitrogen suspended lead compounds, carbon monoxide and high level of methane, the probable source(s) of the pollution must be",automobile exhaust and biological decomposition,combustion of coal and automobile exhaust,biological decomposition only,"combustion of coal, automobile exhaust and biological decomposition",combustion of coal and biological decomposition.,,
JAMB,Chemistry,1985,"A correct electrochemical series can be obtained from K, Na, Ca, Al, Mg, Zn, Fe, Pb, H, Cu, Hg, Ag, Au by interchanging",Al and Mg,Zn and Fe,Zn and Pb,Pb and H,Au and Hg.,,
JAMB,Chemistry,1985,A certain industrial process is represented by the chemical equation 2A(g) + B(g) ’!C(g) + 3D(g) H = XkJ mol- . Which of the following conditions will favour the yield of the product?,"Increases in the temperature, decrease in pressure.",Increase in temperature increase in pressure,"Decrease in temperature, increase in pressure","Decrease in temperature, increase in pressure.","Constant temperature, increase in pressure.",,
JAMB,Chemistry,1985,2MnO4 - + 10Cl- + 16H + ’! 2Mn2+ + 5Cl2 + 8H2O. which of the substances serves as an oxidizing agent?,Mn2+,Cl-,H2O,MnO4,Cl2,,
JAMB,Chemistry,1985,"In the reaction H2O(g)’! H2(g) + ½O2(g) H=-2436000kJ2, which of the following has no effect on the equilibrium position?",Adding argon to the system,Lowering the temperature,Adding hydrogen to the system,Decreasing the pressure,Increasing the temperature.,,
JAMB,Chemistry,1985,which of the following metals will displace iron from a solution of iron(11) tetraoxosulphate(1V)?,copper,mercury,silver,Zinc,Gold,,
JAMB,Chemistry,1985,Complete hydrogenation of ethyne yields,benzene,methane,ethene,propane,Ethane,,
JAMB,Chemistry,1985,Which of the following is used in the manufacture of bleaching powder?,sulphur dioxide,chlorine,hydrogen tetraoxosulphate,hydrogen sulphide,nitrogen dioxide,,
JAMB,Chemistry,1985,"When pollen grains are suspended in water and viewed through a microscope, they appear to be in a state of constant but erratic motion. This is due to",convection currents,small changes in pressure,small changes in temperature,a chemical reaction between the pollen grains and water,the bombardment of the pollen grains by molecules of water.,,
JAMB,Chemistry,1985,The energy change (H) for the reaction CO(g) +½O2(g) CO2(g) is,-503.7 kJ,+503.7 kJ,–282.9 kJ,+282.9 kJ,+393.3 kJ ( Hi(CO) = -110.4 kJ mol-1( Hi(CO2) = -393 kJ mol-1,,
JAMB,Chemistry,1985,The neutralization reaction between NaOH solution and nitrogen (1V) oxide (NO2) produces water and,NaNO2 and NaNO3,NaNO3 and HNO3,NaNO2,NaNO3,NaN2O3 CH3.,,
JAMB,Chemistry,1985,The oxidation of CH- CH- C- O gives H H,2-butanone,2-butanal,butane,butanoic acid,3-butanal.,,
JAMB,Chemistry,1985,Tetraoxosulphate (V1) ions are finally tested using,acidified silver nitrate,acidified barium chloride,lime – water,dilute hydrochloric acid,acidified lead nitrate,,
JAMB,Chemistry,1985,The I.U.P.,2-methl-3-patene,4-methy-2-pentane,2-methl-2-penten,4-methyl-3-pentene,2-methyl-3-pentane,,
JAMB,Chemistry,1985,Mixing of aqueous solution of barium hydroxide and sodium tetraoxocarbonate(1V) yields a white precipitate of,barium oxide,sodium tetraoxocarbonate(1V),"sodium, oxide",sodium hydroxide,barium tetraoxocarbonate.,,
JAMB,Chemistry,1985,An organic compound decolorized acidified KMnC4 solution but failed to react with ammoniacal silver nitrate solution. The organic compound is likely to be.,a carbonxyllic acicd,an alkane,an alkene,an alkyne,an alkanone,,
JAMB,Chemistry,1985,Solid sodium hydroxide on exposure to air absorbs a gas and ultimately gives another alkaline substance with the molecular formula.,NaOH.H2O,NaOH.N2,Na2CO3,NaHCO3,NaNO3,,
JAMB,Chemistry,1985,Which of the following is the functional group of carboxylic acids?,-OH,>C = O,>C-OH O,-C OH,-C = N,,
JAMB,Chemistry,1986,Which of the following substances is the most abundant in the universe?,Carbon,Air,Water,Oxygen,"Hydrogen Question 41 and 42 are based on the following. A colourless organic compound X was burnt in exces air to give two colourless and odourless grass, Y and Z , as products. X does not decolorize bomine vapour; Y turns lime milky while Z gives a blue colour with copper (11) tetraoxosulphate (V1).",,
JAMB,Chemistry,1986,Compound X is,an alkene,an alkane,an alkyne,tetra chloromethane,Dichloromethane,,
JAMB,Chemistry,1986,Y and Z are respectively.,CO2 and NH3,CO and NH3,SO2 and H2O,CO2 and H2O,SO2 and NH3,,
JAMB,Chemistry,1986,Which of the following compounds is NOT the correct product formed when the parent metal is heated in air?,Calcium oxide (CaO),Sodium oxide (Na2O),Copper (11) oxide (CuO),Tri-iron tetroxide (Fe3O4),Aluminium oxide (Al2O3),,
JAMB,Chemistry,1986,"The atomic number of an element whose caution, X2+, has the ground state electronic configuration is Is22s22P63s22p6 is",16,18,20,22,24,,
JAMB,Chemistry,1986,"When marble is heated to 1473 K, another whiter solid is obtained which reacts vigorously with water to give an alkaline solution. The solution contains",NaOH,KOH,Mg(OH)2,Zn(OH)2,Ca(OH)2,,
JAMB,Chemistry,1986,Addition of dilute hydrochloric acid to an aqueous solution of a crystalline salt yielded a yellow precipitate and a gas which turned dichromate paper green. The crystalline salt was probably,Na2SO4,Na2S,NaS2O3.5H2O,NaCO3,NaHCO3,,
JAMB,Chemistry,1986,The process involved in the conversion of an oil into margarine is known as,hydrogenation,condensation,hydrolysis,dehydration,cracking,,
JAMB,Chemistry,1986,An aqueous solution of an inorganic salt gave white precipate (i) soluble in excess aqueous NaOH (ii) insoluble in excess aqueous NH3 (III) with dilute HCI. The caution present in the inorganic salt is,NH34 +,Ca++,N++,Al+++,Pb++,,
JAMB,Chemistry,1986,Which of the following roles does sodium chloride play in soap preparation? It,reacts with glycerol,purifies the soap,accelerates the decomposition of the fat and oil,separates the soap form the glycerol,converts the fat acid to its sodium salt.,,
JAMB,Chemistry,1986,The function of sulphur during the vulcanization of rubber is to .,act as catalyst for the polymerization of rubber molecules,convert rubber from thermosetting tio thermo plastic polymer,from chains which bind rubber molecules together,break down rubber polymer molecule,shorten the chain length of rubber polymer. Chemistry 1986,,
JAMB,Chemistry,1986,The movement of liquid molecules from the surface of the liquid gaseous phase above it is known as,Brownian movement,Condensation,Evaporation,Liquefaction,,,
JAMB,Chemistry,1986,What mass of a divalent metal M (atomic mass= 40) would react with excess hydrochloric acid to liberate 22 cm3 of dry hydrogen gas measured as S.T.P?,8.0 g,4.0 g,0.8 g,0.4 g [ G. M. V = 22.4 dm3],,,
JAMB,Chemistry,1986,10cm3 of hydrogen fluoride gas reacts with 5cm3 of dinitrogen difllouride gas (N2F2) to form 10cm3 of a single gas. Which of the following is the most likely equation to the reaction?,HF + N2F2 N2HF3,2HF + N2F2 2NHF2,2HF + N2F2 N2H2F4,HF +2N2F2 N4HF4,,,
JAMB,Chemistry,1986,The number of atom chlorine present in 5.85 g of NaCI is,6.02 x 1022,5.85 x 1023,6.02 x 1023,"5.85 x 1024 [Na = 23, Cl = 35.5] Avogadro’s Number = 6.02 x 1023]",,,
JAMB,Chemistry,1986,How much of magnesium is required to react with 250cm3 of 0.5 M HCl?,0.3 g,1.5 g,2.4 g,3.0 g [Mg = 24],,,
JAMB,Chemistry,1986,200cm3 of oxygen diffuse through a porous plug in 50 seconds. Hoe long will 80 cm3 of methane (CH4) take to diffuse through the same porous plug under the same conditions?,20 sec,20 sec,14 sec,"7 sec [C = 12, O = 16, H = 1]",,,
JAMB,Chemistry,1986,The relationship between the velocity (U) of gas molecules and their relative molecule mass (M) is shown by the equation A Û = (kM) ½,,Û = (kM)2,Û = k m D Û = (k/m ) ½,,,,
JAMB,Chemistry,1986,An element with atomic number twelve is likely to be,electrovalent with a valency of 1,electrovalent with a valency of 2,covalent with a valency of 2,covalent with a valency of 4,,,
JAMB,Chemistry,1986,Which of the following group of physical properties increases form left to right of the periodic table? 1 lonization energy 2 Atomic radius 3Electronegativity 4 Electron affinity,1 and 2,"1, 2 and 3",3 and 4,"1, 2, 3 and 4",,,
JAMB,Chemistry,1986,"When 50 cm3 of a saturated solution of sugar (molar mass 342.0 g) at 40oC was evaporated to dryness, 34.2 g dry of solid was obtained. The solubility of sugar of 40oC is",10.0 moles dm-3,7.0 moles dm-3,3.5 moles dm-3,2.0 moles dm-3,,,
JAMB,Chemistry,1986,"In the solubility curve above, water at 98oC is saturated with KCl impurity in the crystals formed when the solution is cooled to 30oC?","NaHSO4, Ph<5","Na2CO3, Ph>8","Na2Cl, Ph =7","NaHCO3, Ph <6",,,
JAMB,Chemistry,1986,Which of the following is an acid salt?,NaHSO4,Na2SO4,CH3CO2Na,Na2S,,,
JAMB,Chemistry,1986,Which of the following solution will conduct the least amount of electricity?,2.00 M aqueous solution of NaOH,0.01 M aqueous solution of NaOH,0.01 m aqueous solution of hexaonic acid,0.01 M aqueous solution of sugar.,,,
JAMB,Chemistry,1986,"In the electrolysis of aqueous solution of K2SO4 in the above cell, which species migrate to the anode?",SO4 2- and OH-,K+ and SO2-,OH and H3O,H3O and K+,,,
JAMB,Chemistry,1986,How many coulombs of electricity are passed through a solution in which 6.5 amperes are allowed to run for 1.0 hour?,3.90 x 102 coulombs,5.50 x 103 coulombs,6.54 x 103 coulombs,2.34 x104 coulombs,,,
JAMB,Chemistry,1986,Which of these represents a redox reaction?,AgNO3 + NaCl AgCl + NNO3,H2s + Pb(NO3)2 PbS + 2HNO3,CaCO3 CaO + CO2,Zn + 2HCl ZnCI2 + H2,,,
JAMB,Chemistry,1986,How many electrons are transferred in reducing one atom of Mn in the reaction MnO2 + 4HCl MnCl2 + 2H2O + Cl2,2,3,4,5,,,
JAMB,Chemistry,1986,20 cm3 of 0.1 molar NH4OH solution when neutralized with 20.05 cm3 of 0.1 molar HCl liberated 102 Joules of heat. Calculate the heat of neutralization of NH4OH,-51.0 kJ mol-1,+57.3 kJ mol-1,+57.0kJ mol-1,+51.0kJ mol-1,,,
JAMB,Chemistry,1986,What is the consequence of increasing pressure on the equilibrium reaction ZnO(s) + H2(g Zn(s) + H2O(i),The equilibrium is driven to the left,The equilibrium is driven to the right,There is no effect,More ZnO(s) is produced,,,
JAMB,Chemistry,1986,The approximate volume of air containing 10cm of oxygen is,20 cm3,25 cm3,50 cm3,100 cm3,,,
JAMB,Chemistry,1986,The reaction Mg + H2O MgO + H2 takes place only in the presence of,excess Mg ribbon,excess cold water C very hot water,,,steam,,
JAMB,Chemistry,1986,"When steam is passed through red hot carbon, which of the following are produced?",Hydrogen and oxygen and carbon(1V) oxide,Hydrogen and carbon (1V) oxide,Hydrogen and carbon (11) oxixde,Hydrogen and trioxocarbonate(1V) acid,,,
JAMB,Chemistry,1986,"Which of the following contains an efflorescent, a deliquescent and a hydroscopic substance respectively?","Na2SO4, concentrated H2SO2 CaCl2","Na2CO3.H2O, FeSO2.7H2O, concentrated H2SO4","Na2CO3. 10H2O, FeCl3 concentrated H2SO4","Concentrated H2SO4, FeSO4.7H2O, MgCl2",,,
JAMB,Chemistry,1986,The tabulated results below were obtained by titrating 10.0 cm3 of water with soap. The titration was repeated with the same sample of water after boiling. Before boiling After boiling Final (cm3) 25.0 20.0 Initial (cm3) 10.00 15.0 The ratio of permanent to temporary hardness is,1:5,1:4,4:1,5:1,,,
JAMB,Chemistry,1986,The exhaust fumes from a garage in a place that uses petrol of high sulphur content are bound to contain,CO and SO3,CO and SO2,"CO, SO2 and SO3",CO and H2S,,,
JAMB,Chemistry,1986,Oxygen-demanding wastes are considered to be a water pollutant because they.,deplete oxygen which is necessary for the survival of aquatic organisms,increase oxygen which is necessary for the survival of aquatic organisms,increase other gaseous species which are necessary for survival of aquatic organisms,deplete other gaseous species which are necessary for the survival of aquatic organisms.,,,
JAMB,Chemistry,1986,Which of the following will react further with oxygen to form a higher oxide?,NO and H2O,CO and CO2,SO2 and NO,CO2 and H2O,,,
JAMB,Chemistry,1986,"In the course of an experiment, two gases X and Y were produced. X turned wet lead ethanoate to black and Y bleached moist litmus paper. What are the elements(s) in each of the gases X and Y respectively?",H and S;Cl,H and O; Cl,H and S;C and O,H and Cl;S and O,,,
JAMB,Chemistry,1986,Which of the following sulphides is insoluble in dilute HCl?,Na2S,ZnS,CuS,FeS,,,
JAMB,Chemistry,1986,"When chlorine is passes into water and subsequently exposed to sunlight, the gas evolved is",HCl,HOCl,O2,Cl2O2,,,
JAMB,Chemistry,1986,Which of the following metals does NOT form a stable trioxocarbonate(1V),Fe,Al,Zn,Pb,,,
JAMB,Chemistry,1986,"Which of the following metals with NaOH to give salt and water only. When Z is treated with dilute HCl, a gas is evolved which gives a yellow suspension on passing into concentrated H2SO4. Substance Z is.",NaHS,Na2SO3,NaS,NaHSO3,,,
JAMB,Chemistry,1986,Ammonia gas is normally dried with,concentrated sulphuric acid,quicklime,anhydrous calcium chloride,"magnesium sulphate,",,,
JAMB,Chemistry,1986,"What are the values of x, y and z respectively in the equation xCu +yHNO3 xCu(NO3)2 + 4H2O + zNO?s",4;1;2,3;8;2,2;8;3,8;3;2,,,
JAMB,Chemistry,1986,The iron (111) oxide impurity in bauxite can be removed by,fractional crystallization in acid solution,dissolution in sodium hydroxide and filtration,extraction with concentrated ammonia and reprecipitation,electrolysis of molten mixture.,,,
JAMB,Chemistry,1986,"A white solid suspected to be lead trioxonirate (V), zinc trioxocarbonate(1V) of calcium trioxocarbonate (1V) was heated strongly. Its residue, which was yellow when hot and white when cold, is",lead (11) oxide,calcium oxide,zinc oxide,lead nitrite,,,
JAMB,Chemistry,1986,Which of the following compounds would give lilac fame coloration and a white precipitate with acidified barium chloride solution?,KCl,NaNO3,K2SO,CaSO4,,,
JAMB,Chemistry,1986,"How will a metal X, which reacts explosively with air and with dilute acids be best extracted from its ores?",Electrolysis of the solution of its salt,Decomposition of its oxide,Displacement from solution by an alkali metal,Electrolysis of fused salt,,,
JAMB,Chemistry,1986,Which of the following is NOT correct for the named organic compound in each case?,Butanoic acid solution gives effervescence with Na2CO3 solution,Glucose when reacted with Na2CrO4 at 0oC will show immediate discharge of colour,When but-2-ene is reacted with dilute solution of KmnO4 the purple colour of KMnO is discharge readily even at room temperature,When butan-2-ol is boiled with Butanoic acid with a drop of concentrated H2SO4 a sweet smelling liquids is produced.,,,
JAMB,Chemistry,1986,Which of the following is used as an‘anti-knock’ in automobile engines?,Tetramethyl silane,Lead tetra-ethyl,Glycerol,N-heptanes,,,
JAMB,Chemistry,1986,What reaction takes place when palm-oil is added to potash and foams are observed?,Neutralization,Saponification,Etherification,Salting-out,,,
JAMB,Chemistry,1986,How many isomers can be formed from organic compounds with the formula C3H8O?,2,3,4,5,,,
JAMB,Chemistry,1986,"When ethanol is heated with excess concentrated sulphuric acid, the ethanol is",oxidized to ethene,polymerized to polyethene,dehydrated to ethene,dehydrated to ethyne.,,,
JAMB,Chemistry,1986,Which of the following compounds is NOT formed by the action of chlorine on methane?,CH3Cl,C2H5Cl,CH2Cl2,CHCl3,,,
JAMB,Chemistry,1986,The general formula of an alkyl halide (where X represent the halide) is,CnH2n-2X,–CnH2n +1X,CnH2n +2X,CnH2nX,,,
JAMB,Chemistry,1986,Which of the following are made by the process of polymerization?,Nylon and soap,Nylon and rubber,Soap and butane,Margarine and Nylon,,,
JAMB,Chemistry,1986,Starch can converted to ethyl alcohol by,distillation,fermentation,isomerization,cracking. .,,,
JAMB,Chemistry,1987,The atomic numbers of two elements X and Y are 12 and 9 respectively. The bond in the compound formed between the atoms of these two elements is.,ionic,convalent,neutral,co-ordinate.,,,
JAMB,Chemistry,1987,"An element Z, contained 90% of 16 8 Z and 10% of 18 8Z. Its relative atomic mass is",16.0,16.2,17.0,17.8,,,
JAMB,Chemistry,1987,"The greater the difference in electronegativity between bonded atoms, the",lower the polarity of the bond,higher the polarity of the bond C weaker the bond,,,higher the possibility of the substance formed being a molecule.,,
JAMB,Chemistry,1987,"A stream of air was successively passed through three tubes X, Y, and Z containing a concentrated aqueous solution of KOH, red hot copper powder and fused calcium chloride respectively. What was the composition of gas emanating from tube Z?",CO2 and the inert gases,"N2, CO2 and the inert gases",N2 and the inert gases,"Water vapour, N2 and the inert gases.",,,
JAMB,Chemistry,1987,"In the purification of town water supply, alum is used principally to .",kill bacteria,control the pH of water,improve the taste of the water,coagulate small particles of mud.,,,
JAMB,Chemistry,1987,Which of the following water samples will have the highest titer value wages titrated for the Ca2+ ions using soap solution?,Permanently hard water after boiling,Temporarily hard water after boiling,Rain water stored in a glass jar for two years,Permanently hard water passed through permutit,,,
JAMB,Chemistry,1987,Oil spillage in ponds and creeks can be cleaned up by,burning off the oil layer,spraying with detergent,dispersal with compressed air,spraying with hot water.,,,
JAMB,Chemistry,1987,The solubility of Na3AsO4(H2O)12 is 38.9 g per 100 g H2O. What is the percentage of Na3AsO4 in the saturated solution?,87.2%,38.9%,19.1%,"13.7% [As = 75, Na = 23, O = 12, H= 1]",,,
JAMB,Chemistry,1987,"A brand of link containing cobalt (11), copper (11) and irons can best be separated into its various components by.",fractional crystallization,fractional distillation,sublimation,chromatography.,,,
JAMB,Chemistry,1987,Which of the following substances is a mixture?,Granulated sugar,Sea-water,Sodium chloride,Iron fillings,,,
JAMB,Chemistry,1987,The number of molecules of carbon (1V) oxide produced when 10.0 g CaCO3 is treated with 0.2 dm3 of 1 M HCl in the equation CaCO3 + 2HCI CaCl2 + H2O + CO2 is,1.00 x 1023,6.02 x 1023,6.02 x 1022,"6.02 x 10 23 [Ca = 40, O = 16, C = 12, NA = 6.02 x 1023, H = 1, Cl = 35.5]",,,
JAMB,Chemistry,1987,In the reaction CaC2(s) + 2H2O(1) Ca (OH2(s)+ C2H2(g) what is the mass of solid acetylene gas at S.T.P?,3.8 g,2.9 g,"2.0 g D 1.0 g [C = 12, Ca –40, G.M.V = 22400 cm3]",,,,
JAMB,Chemistry,1987,"If the quality of oxygen occupying a 2.76 liter container at a pressure of 0.825 atmosphere and 300 K is reduced by one-half, what is the pressure exerted by the remaining gas?",1.650 atm,0.825 atm,0.413 atm,0.275 atm,,,
JAMB,Chemistry,1987,Which of the following substances has the lowest vapour density?,Ethanoic acid,Propanol,Dichlomethane,"Ethanal [O = 16, Cl = 35.5, H =1, C = 12]",,,
JAMB,Chemistry,1987,"If d represents the density of a gas and K is a constant, the rate of gaseous diffusion is related to the equation",r = k d,r = kd,r = k d,r = k d,,,
JAMB,Chemistry,1987,An isotope has an atomic number of 17 and a mass number of 36. Which of the following gives the correct number of neutrons and protons in an atom of the isotope? Neutrons Protons,53 17,17 36,19 17,36 17 Chemistry 1987,,,
JAMB,Chemistry,1987,Which is the correct set results for tests conducted respectively on fresh lime and ethanol? Test Fresh lime juice Ethanol,Add crystals of NaHCO3 Gas evolve No gas evolved,Test with methyl orange Turns colourless No change,Taste Bitter Sour,Add a piece of sodium No gas evolved H2 evolved,,,
JAMB,Chemistry,1987,In which of the following are the aqueous solutions of each of the substances correctly arranged in order of decreasing acidity?,"Ethanoic acid, milk of magnesia, sodium chloride, hydrochloric acid and sodium hydroxide.","Ethanoic acid hydrochloric acid, milk of magnesiam sodium chloride and sodium, hydroxide.","Hydrochloric acid, ethanoid acid solution chloride, milk of magnesia and sodium hydroxide",Hydrochloric acid sodium hydroxide sodium chloride ethanoic acid and milk of magnesia,,,
JAMB,Chemistry,1987,The basicity of tetraoxophosphate (v) acid is,7,5,4,3,,,
JAMB,Chemistry,1987,"If 24.83 cm3 of 0.15 M NaOH is tritrated to its end point with 39.45 cm3 of HCl, what is the molarity of the HCl ?",0.09 4 M,0.150 M,0.940 M,1.500 M,,,
JAMB,Chemistry,1987,A quantity of electricity liberates 3.6 g of silver from its salt. What mass of aluminium will be liberated from its salt by the same quantity of electricity? A 2.7 g,,1.2 g,0.9 g,0.3 g,,,
JAMB,Chemistry,1987,Which of the following statements is CORRECT if 1 Faraday of electricity is passed through 1 M CuSO4 solution for 1 minute?,The pH of the solution at the cathode decreases,The pH of the solution at the anode decreases,1 mole of Cu will be liberated at the cathode,60 moles of Cu will be liberated at the anode.,,,
JAMB,Chemistry,1987,What mass of magnesium would be obtained by passing a current of 2 amperes for 2 hrs. 30mins through molten magnesium chloride?,1.12 g,2.00 g,2.24 g,"4.48 g [1 faraday = 96500 coulombs, Mg = 24]",,,
JAMB,Chemistry,1987,In the reaction of 3CuO + 2NH3 3Cu + 3H2O + N2 how many electrons are transferred for each mole to copper produced?,4.0 x 10-23,3.0 x 10–23,1.2 x 1024,6.0 x 1024,,,
JAMB,Chemistry,1987,"Z is a solid substance, which liberates carbon (1V) oxide on treatment with concentrated H2SO4, KnnO4. The solid substance, Z is .",sodium hydrogen trioxocarbonate(1V),ethanoic acid,iron (11) trioxocarbonate (1V),ethanedioc acid (oxalic acid),,,
JAMB,Chemistry,1987,5 g of ammonium trioxonirate (V) on dissolution in water cooled its surrounding water and container by 1.6kJ. What is the heat of solution of NH4NO3?,+51.4 kJ mol-1,+25.6 kJ mol-1,+12.9 kJ mol-1,"–6.4 kJ mol-1 [N = 14, O = 16, H = 1]",,,
JAMB,Chemistry,1987,"Tetraoxosulphate (1V) acid is prepared using the chemical reaction SO3(g) + H2O(1) H2SO4(1). Given the heat of formation for SO3(g), H2O(1) and H2SO4(1) as –395 kJ mol-1 –286 kJ mol-1 and – 811 kJ mol-1 respectively is",-1032 kJ,– 130 kJ,+130kJ,+1032 kJ,,,
JAMB,Chemistry,1987,The times taken for iodine to be liberated in the reaction between sodium thisosulphate and hydrochloric acid at various temperatures are as follows: TempoC 25 35 45 Time (seconds) 72 36 18 These results suggest that.,for a 10o rise in temperature rate of reaction is doubled,for a 10o rise in temperature rate of reaction is halved,time taken for iodine to appear does not depend on temperature,"for a 10o rise in temperature, rate of reaction is tripled.",,,
JAMB,Chemistry,1987,"The reaction between sulphur (1V) oxide and oxygen is represented by the equilibrium reaction 2SO2(g H + O2(g) 2SO3(g), H = - 196 kJ. What factor would influence increased production SO3(g)?",Addition of a suitable catalyst,Increase in the temperature of the reaction,Decrease in the temperature of SO2(g),Decrease in the concentration of SO2(g),,,
JAMB,Chemistry,1987,Which of the following equations correctly represents the action of hot concentrated alkaline solution on chlorine?,Cl2(g) + 2OH(g) OCl(q) + Cl(q) + H2O(1),3Cl2(g) + 6OH ClO3(aq) + 5Cl (aq) + 3H2O(1),3CI2(g) + 6OH(aq) ClO3(s) + 5Cl- (aq) + 3H2O(1),3Cl2(g) + 6OH(aq) 5ClO3(aq) + Cl (aq) +3H2O(1),,,
JAMB,Chemistry,1987,Magnesium ribbon was allowed to burn inside a given gas P leaving a white solid residue Q. Addition of water to Q liberated a gas which produced dense white fumes with a drop of hydrochloric acid. The gas P was,nitrogen,chlorine,oxygen,sulphur (1V) oxide,,,
JAMB,Chemistry,1987,The best treatment for a student who accidentally poured concentrated tetraoxosulphate(V1) acid on his skin in the laboratory is to wash he skin with,cold water,sodium trioxocarbondioxide solution,Iodine solution,Sodium triocarbonate (1V) solution.,,,
JAMB,Chemistry,1987,In which of the following pairs of elements is allotropy exhibited by each element?,Phosphorus and hydrogen,Oxygen and chlorine,Sulphur and nitrogen,Oxygen and sulphur.,,,
JAMB,Chemistry,1987,Which of the following gases can best be used for demonstrating the fountain experiment? (i) Nitrogen (ii) Ammonia (iii) Nitrogen (l)oxide (iv) Hydrogen chloride,(ii) and (iii),(i) and (iii),(ii) and (iv),(ii) only.,,,
JAMB,Chemistry,1987,"When calcium hydroxide us heated with ammonium tetraoxosulphate (V1), the gas given off may be collected by",bubbling it through concentrated H2SO4.,Bubbling it through water and then passing it through calcium oxide,Passing it directly through calcium oxide,Passing it directly through calcium chloride.,,,
JAMB,Chemistry,1987,Which of the following elements will form oxide which will dissolve both dilute HNO3 and NaOH solution to form salts?,Cl,Mg,Ag,Mn,,,
JAMB,Chemistry,1987,Stainless steel is an alloy of,"iron, carbon and silver",ironm carbon and lead,"iron, carbon and chromium",iron and carbon only.,,,
JAMB,Chemistry,1987,Alloys are best prepared by.,high temperature are welding of the metals,electrolysis using the major metallic component as cathode,reducing a mixture of the oxides of the elements,"cooling a molten, mixture of the necessary elements.",,,
JAMB,Chemistry,1987,Corrosion is exhibited by.,iron only,electropositive metals,metals below hydrogen in the electrochemical series,all metals,,,
JAMB,Chemistry,1987,"Inspite of the electronic configuration, 1s22s2p22, carbon is tetravalent because",the electrons in both 2s and 2p orbital have equal energy,the electrons in both 2s and 2p orbital are equivalent,both the 2s and 2p orbital hybridize,the six orbital hybridize to four.,,,
JAMB,Chemistry,1987,Which of the following compounds will give a precipitate with an aqueous ammoniacal solution of copper (1) chloride?,CH3CH = CHCH3,CH3C——CCH3,CH = C—CH2CH3,CH2= CH-CH-=CH2,,,
JAMB,Chemistry,1987,The efficiency of petrol as a fuel in high compression inetrnal combustion engines improves with an increase in the amount of,Branched chain alkanes B Straight chain alkanes,,Cycloalkanes,Halogenated hydrocarbons,,,
JAMB,Chemistry,1987,A palm wine seller stoppered a bottle of his palm wine in his stall and after a few hours the bottle represents the reaction that occurred?,C6H12O6 2 C2H5OH + 2CO2(g),C2H5OH CH2 = CH2(G)) + H2O,C2H5OH + dil H2SO4 C2H5OSO2OH,2C6H12O6 C12H12O13 + H2O,,,
JAMB,Chemistry,1987,ethanol reacts with aqueous sodium mono-oxoio date(1) to gives a bright yellow solid with a characteristic smell. The products is,trichlomethane,ftriiodomethane,iodoethane,ethanal,,,
JAMB,Chemistry,1987,The most volatile fraction obtained from fractional distillation of crude petroleum contains,butane propane and kerosene,butane propane and petrol,"ethane, methane and benzene",ethane methane and propane,,,
JAMB,Chemistry,1987,Local black soap is made by boiling palm with liquid extract of ash. The function of the ash is to provide the,acid,ester of alkanoic acid,alkali,alkanol,,,
JAMB,Chemistry,1987,Synthetic rubber is made by polymerization of,"2 methyl buta-1,3-diene","2 methl buta-1, 2 – diene",2 methyl buta – 1-ene,2 methy buta –2-ene,,,
JAMB,Chemistry,1987,Complete oxidation of propan – 1 – of gives,propanal,propan-2-L,propan-1-one,propanoic acid,,,
JAMB,Chemistry,1987,When water drops are added to calcium carbide in a container and the gas produced is passed called and,oxyethylene flame,oxyhydrocarbon flame,oxyacetylene flame,oxymethane flame.,,,
JAMB,Chemistry,1988,"In the experiment above, ammonium chloride crystals deposit on the walls of the tube is as a result of",Evaporation,Recrystallization,Sublimation,Fractional precipitation.,,,
JAMB,Chemistry,1988,The formula of the compound formed in a reaction between a trivalent metal M and a tetravalent non-metal X is.,MX,M3X4,M4X3,M3X2,,,
JAMB,Chemistry,1988,2.25 g of sample of an oxide of a copper. 2.50 g of another oxide of Copper on reduction also gave2.0 g of copper. These results are in accordance with the law of,constant composition,conversation of matter,multiple proportions,definite proportions.,,,
JAMB,Chemistry,1988,One role of propane is mixed with five moles of oxygen. The mixture is ignited and the propane burns completely. What is the volume of the products at soap?,112.0 dm3,67.2 dm3,56.0 dm3,44.8 dm3 [G.M.V = 22.4 dm3 mol-1],,,
JAMB,Chemistry,1988,0.9 dm3 of a gas at s. t. p was subjected by means of a movable piston to two times the original pressure with the temperature being now kept at 364 K. What is the volume of the gas in dm3 at this pressure?,2.0,4.5,6.0,8.3,,,
JAMB,Chemistry,1988,Which of the gas laws does the above graph illustrate?,average velocity of the molecules,number of collisions between the molecules,density of the molecules,free mean path between each molecules and other.,,,
JAMB,Chemistry,1988,The forces holding naphthalene crystal together can be overcome when naphthalene is heated to a temperature of 354 K resulting in the crystals melting. These forces are known as.,coulombic,ionic,covalent,van der waals,,,
JAMB,Chemistry,1988,A metallic ion X2+ with an inert gas structure contain 18 electrons. How many protons are there in this ion?,20,18,16,2,,,
JAMB,Chemistry,1988,Which of the following physically properties decreases across the periodic table.,Ionization potential,Electron affinity,Electronegativity,Atomic radius,,,
JAMB,Chemistry,1988,What are the possible oxidation numbers for an element if its atomic is 17?,-1 and 7,– 1 and 6,– 3 and 5,– 2 and 6,,,
JAMB,Chemistry,1988,The energy change accompanying the addition of an electron to a gaseous atom is called,first ionization energy,second ionization energy,electron affinity,electronegativity,,,
JAMB,Chemistry,1988,The molar ratio of oxygen to nitrogen in dissolved air is 2:1 whereas the ratio is 4:1 in atmospherics air because,nitrogen is less soluble than oxygen,oxygen is heavier than nitrogen,nitrogen has a higher partial than pressure in air,gases are hydrated in water.,,,
JAMB,Chemistry,1988,"An eruption polluted an environment with a gas suspected to H2S, a poisonous gas. A rescue team should spray the environment with",water,moist SO2,acidified KmnO4 and water,"water, acidified KnnO4 and oxygen. Chemistry 1988",,,
JAMB,Chemistry,1988,1.34 g of hydrated sodium tetraoxosulphate (V1) was heated to give an anhydrous salt weighing 0.71g. The formula of the hydrated salt.,Na2SO4.7H2O,Na2SO4.3H2O,Na2SO4.2H2O,"Na2SO4.H2O. [Na = 23, S =32, O = 16, H=1].",,,
JAMB,Chemistry,1988,The ion that may be assumed to have negligible concentration in a sample of water that lathers readily with soap is,Mg2+,K+,CO2- 3,HCO3,,,
JAMB,Chemistry,1988,"A substance S is isomorphous with another substance R. When a tiny crystal of R,",S dissolves in the solution,Crystals of R are precipitated,There is no observable change,R and S react to the generate heat.,,,
JAMB,Chemistry,1988,Which of the following dilute solutions has the lowest pH value?,Calcium trioxocarbonate(1V) B Sodium trioxocarbonate(1V),,,hydrochloric acid,ethanoic acid,,
JAMB,Chemistry,1988,Which of the following in aqueous solution neutralize litmus?,NH4Cl,Na2CO3,FeCl3,NaCl.,,,
JAMB,Chemistry,1988,What volume of a 0.1 M H3PO will be required to neutralize 45.0cm3 of a 0.2 M NaOH?,10.0 cm3,20.0 cm3,27.0 cm3,30.0cm3,,,
JAMB,Chemistry,1988,Which of the following substances is a basic salt?,Na2CO3,Mg(OH)Cl,NaCHO3,K2SO4.Al2(SO4)3.24H2O.,,,
JAMB,Chemistry,1988,Which of the following acts both as reducing and an oxidizing agent?,H2,SO2,H2S,C,,,
JAMB,Chemistry,1988,Which of the following reactions takes place in the cathode compartment during the electrolysis of copper (11) chloride solution?,Cu2+ (aq) + 2e Cu(s),2Cl – 2e Cl2,Cu(s) – 2e Cu2+ (aq),Cu2+ (aq) + 2Cl(aq CuCl2(aq),,,
JAMB,Chemistry,1988,"A mixture of starch solution and potassium iodide was placed in a test tube. On adding dilute tetraoxosulphate (V1) acid and then K2Cr2O7 solutions, a blue-black colour was produced. In this reaction, the",iodine ion is oxidized,tetraoxosulphate(V1) acid acts as an oxidizing agent,starch has been oxidized,K2Cr2O7 is oxidized.,,,
JAMB,Chemistry,1988,Which of the following statements is TRUE?,The dissolution of NaOH(s) in water is endothermic,The heat of solution of NaOH(s) is positive,The NaOH(s) gains heat from the surroundings.,The heat of solution of NaOH(s) is negative.,,,
JAMB,Chemistry,1988,Which of the following will produced the greatest increase in the rate of the chemical reaction represented by the equation Na2S2O3(aq) +2HCl(a q 2NaCl(aq) + H2O(1) + SO2(g) +S(s)?,decrease in temperature and an in increase in the concentration of the reactants,An increase in the temperature and a decrease in the concentration of the reactants,An increase in the temperature and an increase in the concentrations of the reactants,A decrease in the temperature and a decrease in the concentration of the reactants.,,,
JAMB,Chemistry,1988,Which property of reversible reaction is affected by a catalyst?,heat content(enthalpy),energy of activation,free energy change,equilibrium position.,,,
JAMB,Chemistry,1988,Which of the following is used in fire extinguishers?,Carbon (11) oxide,Carbon (1V) oxide,Sulphur (1V) oxide,Ammonia,,,
JAMB,Chemistry,1988,"When H2S gas is passed into a solution of iron (111) chloride, the colour changes from yellow to green. This is because.",H2S is reduced to S,Fe3+ ions are oxidized by H2S,H2S ions are oxidized by Fe3+,Fe3+ ions are reduced to Fe3+ ions,,,
JAMB,Chemistry,1988,Carbon (11) oxide may be collected as shown above because it,is heavier than air,is less dense than air,is insoluble in water,burns in oxygen to form carbon(1V)oxide.,,,
JAMB,Chemistry,1988,In the reaction C5H10O5(s) 6C(s) + 5H2O concentrated H2SO4 is acting as,a reducing agent,an oxidizing agent,a dehydrating agent,a catalyst,,,
JAMB,Chemistry,1988,Suitable regents for the laboratory preparation of nitrogen are,sodium trioxonirate (lll) and ammonium chloride,sodium trioxonirate(V) and ammonium chloride,sodium chloride and ammonium trioxonirate (V),sodium chloride and ammonium trioxonirate(lll),,,
JAMB,Chemistry,1988,"The thermal decomposition of copper (ll) trioxonirate (V) yields copper (ll) oxide, oxygen and",nitrogen (ll) oxide,nitrogen(ll) oxide,nitrogen (lV) oxide,nitrogen,,,
JAMB,Chemistry,1988,Chlorine is produced commercially by,electrolysis of dilute hydrochloric acid,electrolysis of brine,neutralization of hydrogen chlorine,heating potassium trioxochlorate(V) catalyst,,,
JAMB,Chemistry,1988,Which of the following is used in the manufacture of glass?,Sodium chlorine,Sodium trioxocarbonate (lV),Sodium tetraoxosulphate (Vl),Sodium trioxonirate (V),,,
JAMB,Chemistry,1988,Aluminium is extracted commercially from its ore by,heating aluminium oxide with coke in a furnace,the electrolysis of fused aluminium oxide in cryolite,treating cryolite with sodium hydroxide solution under pressure,heating sodium aluminium silicate to a high temperature.,,,
JAMB,Chemistry,1988,"Given the reactions (i) Fe(s) + (NO3)2(aq) Fe(NO3)2(aq) + X(s) (ii) H2(g) + XO(s) X(s) + H2O(g), X is likely to be.",copper,zinc,calcium,lead.,,,
JAMB,Chemistry,1988,Crude copper can be purified by the electrolysis of CuSO4(aq) if,platinum electrodes are used,the crude copper is made the anode of the cell,the crude copper is made the cathode of the cell,crude copper electrodes are used. O,,,
JAMB,Chemistry,1988,The IUPAC name for CH3 CH2 CHC CH3 OH,2 – methylbutanoic acid,2 – methyl - -hydrosyketone,2 – methyl - - hydroxyl baldheaded,2 – methylpentanoic acid,,,
JAMB,Chemistry,1988,Alkanoates are formed by the reaction of alkanoic acids with,alkyl halides,alkanols,ethers,sodium,,,
JAMB,Chemistry,1988,The acidic hydrogen in the compound 1 2 3 4 5 H—C= C—CH=CH—CH3 is the hydrogen attached to carbon number,5,4,3,2,,,
JAMB,Chemistry,1988,The four classes of hydrocarbons are,"ethane, ethene ethyne and benzene","alkanes, alkenesm alkynes and aromatics","alkanes, alkenes, alkynes and benzene","methane, ethane, propane and butane",,,
JAMB,Chemistry,1988,Alkanes 400-700oC smaller + alkanes +hydrogen. The above reaction is known as,Photolysis,Cracking,Isomerization,Reforming. alkanes,,,
JAMB,Chemistry,1989,In the reaction 2(C6H10O5) n + nH2O nC12H22O11 diastase is functioning as,a dehydrating agent,a reducing agent,an oxidizing agent,a catalyst.,,,
JAMB,Chemistry,1989,which of the following compounds has the highest boiling point?,CH3 CH2 CH2 CH2 OH,CH3 CH2 CH2 CHO,CH3 CH2 CH2 CH3,CH3 CH2 OCH2 CH2,,,
JAMB,Chemistry,1989,Detergents have the general formula,R(CH2)NOH,RSO3 Na+,RCO2 Na+,RCO2H,,,
JAMB,Chemistry,1989,"What process would coal undergo to give coal gas, coal tar, ammoniac liquor and coke?",steam distillation,Destructive distillation,"Liquefaction,",Hydrolysis. Chemistry 1989,,,
JAMB,Chemistry,1989,Which of the following would support the conclusion that a solid sample is mixture?,The solid can be ground to a fine powder,The density of the solid is 2.25 g dm3,The solid has a melting range of 300oC to 375oC.,The solid of the moisture from the atmosphere.,,,
JAMB,Chemistry,1989,The molar of carbon to hydrogen of volatile liquid compound is 1:2. 0.12 g of the liquid evaporation at s.t.p gave 32 cm3 of vapour. The molecular formula of the liquids is,C3H6,C4H8 C C5H10,,"C6H12 [ G.M.V = 22.4 DM3, C=12, H=1]",,,
JAMB,Chemistry,1989,It can be deduced from the vapour of pressure curves above that.,liquid has the highest boiling point,liquid has the highest boiling point,liquid lll has the highest boiling point,liquid lll has the lowest boiling point.,,,
JAMB,Chemistry,1989,20.00 cm3 of a solution containing 0.53 g of anhydrous Na2CO3 in 100 cm3 requires 25.00 cm3 of H2SO4 for complete neutralization. The concentration of the acid solution in moles per dm3 is,0.02 B 0.04 C 0.06,,,"0.08 [ H= 1, C = 12, 0 = 16, Na = 23 , S =32]",,,
JAMB,Chemistry,1989,The minimum volume of oxygen required for the complete combustion of mixture of 10cm3 of CO and 15 cm3 of H2 is,25.0 cm3 B 12.5 cm3 C 10.0 cm3 D 5.0 cm3,,,,,,
JAMB,Chemistry,1989,What is the partial pressure of hydrogen gas collected over water at standard atmospheric pressure and 25oC if the saturation vapour pressure of water is 23 mm Hg at that temperature?.,737 mm Hg,763 mm Hg,777 mm Hg,737 mm Hg,,,
JAMB,Chemistry,1989,"The atomic radius Li, Na and K are 1:33 A m 1.54A and 1.96A respectively. Which of the following explain this gradation in atomic radius?",Electropositivity decreases from Li to Na to K,Electronegativity decreases from Li to Na to K.,The number of electron shells increase from Li to Ma to K,The elements are in the same period.,,,
JAMB,Chemistry,1989,Which of the curves in the above graph illustrates the behaviors of an ideal gas?,W,X,Y,Z diastase,,,
JAMB,Chemistry,1989,"Elements X and Y have electronic configurations 1s22s22p4 and 1s22s22p63s23p1 respectively. When they combine, the formula of the compound formed is",XY,YX,X2Y3,Y2X3,,,
JAMB,Chemistry,1989,The atomic number of cesium is 55 and its atomic mass is 133. The nucleus of cesium atom therefore contains,78 protons and 55 electrons,55 protons and 78 neutrons,55 neutrons and 78 electrons,78 neutron and 55 neutrons,,,
JAMB,Chemistry,1989,"Four elements P,Q,R and S have atomic numbers of 4, 10, 12, and 14 respectively. Which of these elements is a noble gas?",P,Q,R,S,,,
JAMB,Chemistry,1989,How many valence electrons are contained in the element represented by 31 15P?,3,5,15,31,,,
JAMB,Chemistry,1989,"In the above set up, substances X and Y are respectively.",Lime water and copper (ll) tetraoxosulphate (Vl),Potassium trioxocarbonate(lV) and alkaline prygallol,Potassium hydroxide and alkaline pyrogallo,Potassium trioxocarbonate (lV) and concerntrate tetraoxosulphate (Vl) aid,,,
JAMB,Chemistry,1989,The gaseous pollutant sulphur (lV) oxide is most likely to be detected in fairly reasonable quantities in the area around a plant for the,extraction of aluminium from bauxite,production of margarine,smelting of copper,production of chlorine from brine,,,
JAMB,Chemistry,1989,Calcium hydroxide is added in the treatment of town water supply to,kill bacteria in the water,facilitate coagulation of organic particles,facilitate sedimentation,improve the tase of the water.,,,
JAMB,Chemistry,1989,A hydrated salt of formula MSO4.XH2O contains 45.3% by mass of the water of crystallization. Calculate the value of X.,7.45 g,14.90 g,74.50 g,"149.00 g [K = 39, Cl= 35.5]",,,
JAMB,Chemistry,1989,"Using 50cm3 of 1 M potassium hydroxide and 100cm3 of 1M tetraoxosulphate(Vl) acid, calculate the respective volumes in cm3 of bade and acid 100 cm3 of base and acid that would be required to produce the maximum amount of potassium tetraoxosulphate(Vl)","0.1,0.1","0.1,0.2","0.1,0.05","0.05,0.1 [Ca = 40, Br = 80]",,,
JAMB,Chemistry,1989,The substance of ZnO dissolves in sodium hydroxide solution and mineral acid solution to gives soluble products in each case. ZnO is therefore referred to as.,an allotropic acid,an atmopheric oxide,a peroxide,a dioxide.,,,
JAMB,Chemistry,1989,An acid its conjugate base .,can neutralize each other to form a salt,differ only by a proton,differ only by the opposite charges they carry,are always neutral substances,,,
JAMB,Chemistry,1989,The same current is passed for the same time through solutions of AgNO3 and CuSO4 connected in series. How much silver will be deposited if 1.0 g of copper is produced?,1.7 g,3.4 g,6.8 g,,,,
JAMB,Chemistry,1989,CO(g) + H2O CO2(g) + H2(g) H = -41000 J. Which of the following factors favour the formation of hydrogen in the above reaction? I high pressure II low pressure III high temperature IV use of excess steam,"I, III, and IV",III only,"II, III and I",Iv only.,,,
JAMB,Chemistry,1989,The above graph shows a typical heating curve from the solid phase through the liquid phase to the gaseous phase of a substance . What part of the curve shows solid and liquid in equilibrium?,T,U,X,Y,,,
JAMB,Chemistry,1989,Which of the following represents the balanced equation for the reaction of copper with concentrated trioxonirate (V) acid?,2NHO3(aq) Cu(NO3)2(aq) + H2(g),Cu(s) + 4HNO3 Cu(NO3)2(aq) + 2H2O(l) + 2NO2(g),3Cu(s) + 8HNO3(aq) 3Cu(NO3)2(aq) + 4H2O(l) + 2NO(g),3Cu(s) + 4 HNO3(aq 3Cu(NO3)2(aq) + 2H2O(l) + 2NO(g).,,,
JAMB,Chemistry,1989,The catalyst used in the contact process for the manufacture of tetraoxosulphate(Vl) acid is,Manganese (lV) oxide,Manganese (ll) tetraoxosulphate (lV),Vanadium (V) oxide,Iron metal,,,
JAMB,Chemistry,1989,Some products of destructive distillation of coal are,carbon (iV) oxide and ethanoic acid,trioxocarbonate (lV) acid and methanoic acid,producer gas and water gas,coke and ammonia liquor,,,
JAMB,Chemistry,1989,"Gunpowder is made from charcoal, sulphur and potassium trioxonirate (V). The salt in the mixture performs the function of",an oxidant,a reductant,a solvent,a catalyst,,,
JAMB,Chemistry,1989,What is discharged at the cathode during the electrolysis of copper (ll) tetraoxosulphate (Vl) solution?,Cu2+ only,H+ only,Cu2+ and H+,Cu2+ and SO2-,,,
JAMB,Chemistry,1989,"An element, Z forms an anion whose formula is [Z(CN)6]y. If has an oxidation number of +2, what is the value of y?","I, II, III",II and III,III and IV,IV only.,,,
JAMB,Chemistry,1989,The above diagram gives the potential energy profile of the catalyzed uncatalysed reactions of X(g) + Y(g) XY(g) . Deduce the respective activation energies in kJ of the catalyzed and uncatalysed reverse reactions. XY(g) + X(g) X(g) + Y(g),"300, 500","500, 300","–300, -500",–5000.,,,
JAMB,Chemistry,1989,Which of the following reaction is (are) feasible? l Br (2l) + 2Cl(aq 2Br(aq) + Cl2(aq ) ll 21(aq) + Br2(1) 2Br(aq) + l2(s) lll 2F(aq) + Cl2(aq 2Cl(aq) + F2(g) lV 2F(ag) + Br2(1) 2Br(aq) + F2(g) A l,,ll C I and lll,,lll and lV,,,
JAMB,Chemistry,1989,"Bleaching powder, CaOCl2.H2O, deteriorates on exposure to air because",it loses its water of crystallization,atmospheric nitrogen displaces chlorine from it,carbon (lV) oxide of the atmosphere displaces chlorine from it,bleaching agents should be stored in solution,,,
JAMB,Chemistry,1989,The product of the thermal decomposition of ammonium trioxonirate (V) are.,NO2 and oxygen,NH3 and oxygen,nitrogen and water,N2O and water.,,,
JAMB,Chemistry,1989,The scale of a chemical balance is made of iron plate and coated with copper electrolytically because.,iron is less susceptible to corrosion than copper,copper is less susceptible corrosion as ion,copper is less susceptible to corrosion than ion,copper and ion are equally susceptible to corrosion.,,,
JAMB,Chemistry,1989,"A metal is extracted for, its ore by the electrolysis of tits molten chlorine and it displace lead from lead (ll) trioxonirate(V) solution. The metal is",copper,aluminium,zinc,sodium,,,
JAMB,Chemistry,1989,Mortar is NOT used for under-water construction because.,It hardens by loss of water,Its hardening does not depent upon evaporation,,It requires concrete to harden,It will be washed away by the flow of water.,,
JAMB,Chemistry,1989,Which of the following is NOT involved in the extraction of metals from their ores?,CH-CH2-CH-CH2-CH3,CH-CH2-CH-CH2-CH3 CH3 C2H5,CH-CH2-CH-CH3,CH3-CH-CH2-CH3 C2H5 CH3,,,
JAMB,Chemistry,1989,"When excess chlorine is mixed with ethene at room temperature, the product is","1,2 – dichloroethane","1,2 – dichloroethene","1, 1- dichloroethane","1, 1- dichloroethene.",,,
JAMB,Chemistry,1989,Vulcanization of rubber is a process by which,Isoprene units are joined to produce rubber,Rubber latex is coagulated,Sulphur is chemically combined in the rubber,Water is removed from the rubber.,,,
JAMB,Chemistry,1989,The reaction between ethanoic acid and sodium hydroxide is an example of,esterification,neutralization,hydrosylation,hydrolysis,,,
JAMB,Chemistry,1989,The bond which joins two ethanoic acid molecules in the liquid state is,a covalent bond,an ionic bond,a dative covalent bond,a hydrogen bond,,,
JAMB,Chemistry,1989,The alkaline hydrolysis of fats and oils produces soap and,"propane 1, 1, 3-triol","propane – 1, 3, 3-triol",propane-1-2-2-triol,propane-1-2-3-triol,,,
JAMB,Chemistry,1989,which of the following is NOT a monomer?,,CH2 = CH2,,CH2 = CHCl,,,
JAMB,Chemistry,1989,What is the IUPAC name for the compound CH3 CH2 = C CH2CI,"1-chloro-2-methylprop-2, 3-ene",1-chloro-2-methlprop-2-ene,3-chloro-2-methylprop-1-ene,"3-chloro-2-methyprop-1,2-ene",,,
JAMB,Chemistry,1989,The gas responsible for most of the fatal explosion in coal mines is,butane,ethene,ethane,methane,,,
JAMB,Chemistry,1990,"Three liquids X,Y and Z containing only hydrogen and carbon were burnt on a spoon, X and Y burnt with sooty flames while Z did not. Y is able to discharge the colour of bromine water whereas X and Z cannot. Which of the liquids would be aromatic in nature?",X and Z,Y,X,Z Chemistry 1990,,,
JAMB,Chemistry,1990,Which of the following is a physical change?,The bubbling of chlorine into water,The bubbling of chlorine into jar containing hydrogen,The dissolution of sodium chlorine in water,The passing of steam over heated iron.,,,
JAMB,Chemistry,1990,"Changes in the physical states of chemical substances T are shown in the scheme below. Liquid T Z Y Solid T X Gaseous T The letters X, Y and Z respectively represent","sublimation, condensation and freezing","sublimation, vaporization and solidification","freezing, condensation and sublimation","evaporation, liquefaction and sublimation.",,,
JAMB,Chemistry,1990,In the reaction: SnO2 + 2C Sn + 2CO the mass of coke containing 80% carbon required to reduce 0.032 kg of pure tin oxide is,0.40 kg,0.20 kg,0.06 kg,"0.40 g [Sn = 119, O = 16, C = 12]",,,
JAMB,Chemistry,1990,The Avogadro’s number of 24 of magnesium is same as that of,1 g of hydrogen molecules,16 g of oxygen molecules,32 g of oxygen molecules,35.5 of chlorine molecules.,,,
JAMB,Chemistry,1990,"If a gas occupies a container of volume 146 cm3 at 18oC and 0.971 atm, its volume on cm3 at s.t.p is",133,146,266,292,,,
JAMB,Chemistry,1990,The volume occupied by 1.58 g of gas s.t.p is 500 cm3. What is the relative molecule mass of the gas?,28,32,344,71 [G.M.V at s.t.p = 22.40 dm3],,,
JAMB,Chemistry,1990,"Equal volumes of CO, SO2 NO2 and H2S, were released into a room at the same point and time. Which of the following gives the order of the room?","CO2, SO2, NO, H2S,","SO2, NO2, H2S, CO","CO, H2S, SO2, NO2","CO, H2S, NO2, SO2 [S = 32, C=12, 0=16, N = 14, H =1]",,,
JAMB,Chemistry,1990,A basic postulate of the kinetic theory of gases is that the molecules of a gas move in straight lines between collisions. This implies that.,collisions are perfectly elastics,forces of repulsion exist,forces of repulsion and attraction are in equilibrium,collisions are inelastic. P Q R S,,,
JAMB,Chemistry,1990,"Proton 13 16 17 19 Electron 13 16 17 19 Neutron 14 16 35 20 Which of the four atoms P,Q,R and S in the above data can be described by the following properties: relative atomic mass is greater than 30 but less than 40 ; it has an odd atomic number and forms a unipositive ion in solution?",P,Q,R,S,,,
JAMB,Chemistry,1990,Which of the following terms indicates the number of bonds that can be formed by atom?,Oxidation number,Valence,Atomic number,Electronegativity.,,,
JAMB,Chemistry,1990,X(g) X(g). The type of energy involved in the above transformation is,ionization energy,sublimation energy,lattice energy,electron affinity,,,
JAMB,Chemistry,1990,"Chlorine, consisting of two isotope of mass numbers 35 and 37, has an atomic of 35.5. The relative abundance of the isotope of mass number 37 is.",20,25,50,75,,,
JAMB,Chemistry,1990,10.0 dm3 of air containing H2S as an Impurity was passed through a solution of Pb(NO3)2 until all the H2S had reacted. The precipitate of PbS was found weight 5.02 g. According to the equation: Pb(NO3)2 + H2O ’! PbS “!+2HNO3 the percentage by volume of hydrogen sulphides in the air is.,50.2,47.0,4.70,"0.47 [Pb = 207, S = 23, GMV at s.t.p = 22.4 dm3]",,,
JAMB,Chemistry,1990,"A blue solid, T, which weighted 5.0 g was placed on a table. After 8 hours, the resulting pink sold was found to weight 5.5 g. It can be inferred that substance T",is deliquescent,is hydroscopic,has some molecules of water of crystallization,is efflorescent,,,
JAMB,Chemistry,1990,"The effluent of an industrial plant used ins the electrolysis of concentrated brine, with a flowing mercury cathode may contain impurities like.",oxygen,hydrogen,mercury (ll) chloride,hydrogen chloride,,,
JAMB,Chemistry,1990,The solubility in moles per dm3 of 20 g of CuSO4 dissolved in 100 g of water at 180oC is,0.13,0.25,1.25,"2.00 [Cu = 63.5, S = 32, O = 16]",,,
JAMB,Chemistry,1990,Smoke consists of,solid particles dispersed in liquid,solid or liquid particles dispersed in gas,gas or liquid particles dispersed in liquid,liquid particles dispersed in liquid.,,,
JAMB,Chemistry,1990,"NaC2O4 + CaCl CaC2O4 + 2NaCl. Given a solution of 1.9 g of sodium oxalate in 50 g of water at room temperature, calculate the minimum volume of 0.1 M calcium oxalate required to produce maximum calcium oxalate using the above equation.",1.40 x 102 dm3,1.40 x 102 cm3,1.40 x 10-2 dm3,1.40 x 10-2 cm3,,,
JAMB,Chemistry,1990,2.0 g of monobasic acid was made up to 250 cm3 with distilled water. 25.00 cm3 of this solution required 20.00 cm3 of 0.1 M NaOH solution for complete neutralization. The molar mass of the acid is,200 g,160 g,100 g,50 g,,,
JAMB,Chemistry,1990,What is concentration of H+ ions in moles per dm3 of a solution of pH 4.398?,4.0 x 10-5,0.4 x 10-5,4.0 x 10-3,0.4 x 10-3,,,
JAMB,Chemistry,1990,What volume of 11.0 M hydrochloric acid must be dilute to obtain 1 dm3 of 0.05 M acid?,0.05 dm3,0.10 dm3,0.55 dm3,11.0 dm3,,,
JAMB,Chemistry,1990,"If 10.8 g of silver is deposited in a silver coulometer connected in series with a copper coulometer, the volume of oxygen liberated is",0.56 dm3,5.50 dm3,11.20 dm3,"2 2 . 4 0 dm3 [Ag = 108, Cu = 64, GMV at s.t.p = 22.40 dm3 ].",,,
JAMB,Chemistry,1990,0.1 faraday of electricity deposited 2.95 g of nickel during electrolysis is an aqueous solution. Calculate the number of moles of nickel that will Be deposited by 0.4 faraday,0.20,0.30,0.034,5.87 [Ni = 58.7],,,
JAMB,Chemistry,1990,Cr2O7 2- + 6Fe2+ + 14H+ 2Cr3+ + 6Fe3+ + 7H2O. In the above chromium change from.,+7 to +3,+6 to +3,+5 to +3,–2 to+3,,,
JAMB,Chemistry,1990,"In the reaction 10- 3 + 51- + 6H+ 312 + 3H2O, the oxidizing agent is",H+,1-,10- 3,12,,,
JAMB,Chemistry,1990,"Fe2O3(s) + 2Al Al2O3 + 2Fe(s) are –1670 kJ mol-1 and –822kJ mol-1 respectively, the enthalpy change in kJ for the reason is",+2492,+848,–848,–2492,,,
JAMB,Chemistry,1990,Iron galvanized with zinc catholically protected from corrosion. This is because,zinc has a more positive oxidation potential than iron,zinc has a less positive oxidation potential than iron,both have the same oxidation potential,zinc is harder than iron.,,,
JAMB,Chemistry,1990,Which of the following samples will react faster with dilute dtrioxonitrate (V) acid?,5 g of lumps of CaCO3 at 25oC,5 g of powered CaCO3 at 25oC,5 g of lumps of CaCO3 at 50oC,5 g of powered CaCO3 at 50oC,,,
JAMB,Chemistry,1990,"In the reaction , 2Hl(g) H2(g) + I2(g), H = 10 kJ; the concentration of iodine in the equilibrium mixture can be increased by",raising the pressure,,,,,,
JAMB,Chemistry,1990,Which of the following gases can be collected by upward displacement of air?,NO,H2,NH3,Cl2,,,
JAMB,Chemistry,1990,The brown fumes given off when trioxonirate (V) acid consist of,NO2 and O2,H2O and NO2,"NO2, O2 and H2O",NO2 and H2O,,,
JAMB,Chemistry,1990,"Which of the following tests will completely identify any one of sulphur (lV) oxide, hydrogen, carbon (lV) oxide and nitrogen (ll) oxixde?",pass each gas into water and test with blue litmus pare,pass each gas into lime water,expose each gas to atmospheric air,passs each gas to concentrated tetraoxosulphate(Vl) acid.,,,
JAMB,Chemistry,1990,"In the Haber process for the manufacture of ammonia, the catalyst commonly used is finely divided.",vanadium,platinum,iron,copper,,,
JAMB,Chemistry,1990,A metallic oxide which reacts with both HCl and NaOH to give salt and water only can be classified as,an acidic oxide,an atmospheric oxide,a neutral oxide,an atmospheric oxide,,,
JAMB,Chemistry,1990,Which of the following metals will liberate hydrogen form steam or dilute acid?,copper,iron,lead,mercury,,,
JAMB,Chemistry,1990,Coal fire should not be used in poorly ventilated rooms because,of the accumulation of CO2 which cause deep sleep,it is usually too hot,of the accumulation of CO which causes suffocation,it removes most of the gases in the room,,,
JAMB,Chemistry,1990,The major component of the slag from the production of iron is,an alloy of calcium and iron,coke,impure ion,,calcium trioxosilicate (V),,
JAMB,Chemistry,1990,Sodium hydroxide should be stored in properly closed containers because it,readily absorbs water vapour from the air,is easily oxidized by atmospheric oxygen,turns golden yellow when exposed to light.,Melts at a low temperature.,,,
JAMB,Chemistry,1990,"To make coloured glasses, small quantities of oxides of metals which form coloured silicates are often added to the reaction mixture consisting of Na2CO3 and SO2. Such a metal is",potassium,barium,zinc,copper,,,
JAMB,Chemistry,1990,Which of the following compounds gives a yellow residue when heated and also reacts with aqueous sodium hydroxide to give a white gelatinous precipitate soluble in excess sodium hydroxide solution.,(NH4)2CO3,ZnCO3,Al2(SO4)3,PbCO3,,,
JAMB,Chemistry,1990,A cycloalkane with molecular formula C5H10 has,one isomer,two isomers,three isomers,four isomers,,,
JAMB,Chemistry,1990,The structure of cis-2butene is,CH3 -CH=CH-CH3 -,,,,,,
JAMB,Chemistry,1990,What is the IUPAC name for the hydrocarbon CH3 CH3—C = CH— CH—CH3 CH2 CH3,2-ethyl-4-methylpent-2-ene,"3,5-dimenthylhex-3-ene","2,4-dimenthylhex-3-ene",2-methyl-4-ethylpent-3-ene,,,
JAMB,Chemistry,1990,"CH3 = CH P. Compound P, in the above reaction, is.",CH — C = CH NH2 NH2,CH3 — C CH Na,CH3 — C C — Na,CH3 — C C — NH2,,,
JAMB,Chemistry,1990,The label on a reagent bottle containing a clear organic liquid dropped off. The liquid was neutral to litmus and gave a colourless gas with metallic sodium. The liquid must be an,alkanoate,alkene,alkanol,alkane,,,
JAMB,Chemistry,1991,COOH COOH + H2O + NaOH COOH COO-Na+ The above reaction is an example of,displacement reaction,a neutralization reaction,an elimination reaction,Saponification,,,
JAMB,Chemistry,1991,Alkanoic acids have low volatility compared with Alkanoic because they,are more polar than alkanols B have two oxygen atoms while alkanols have one,,form two hydrogen bonds while alkanols donot,form two hydrogen bonds while alkanols form one.,,,
JAMB,Chemistry,1991,"The octane number of a fuel whose performance is the same as that of a mixture of 55 g of 2, 2, 4-trimethyl pentane and 45 g of n-heptanes is",45,55,80,100,,,
JAMB,Chemistry,1991,Which of the following is formed when maltose reacts with concentrated tetraoxosulphate (Vl) acid.,Carbon (lV) oxixde,Coal tar,Charcoal,Toxic fumes,,,
JAMB,Chemistry,1991,Which of the following compounds represents the polymerization product of ethyne?,.,,,Chemistry 1991,,,
JAMB,Chemistry,1991,Which of the following can be obtained by fraction of distillation?,Nitrogen from liquid air,Sodium chloride for sea water,Iodine from a solution of iodine in carbon tetrachloride,Sulphur from a solution of sulphur in carbon disulphide.,,,
JAMB,Chemistry,1991,Which of the following are mixture? I Petroleum ii Rubber latex. Iii Vulcanizes’ solution. Iv Carbon (ll) sulphides,"I, ii and iii","I, ii and iv",I and ii only,I and iv,,,
JAMB,Chemistry,1991,An iron ore is known to contain 70.0% Fe2O3. The mass of iron metal which can theorically be obtained from 80kg of the ore is.,35.0 kg,39.2 kg,70.0 kg,"78.4 kg [Fe = 356, O = 16]",,,
JAMB,Chemistry,1991,In two separate experiments 0.36 g and 0.71 g of chlorine combine with a metal X to give Y and Z respectively. An analysis showed that Y and Z contain 0.20 g and 0.40 g of X respectively. The data above represents the law of .,multiple proportion,conversation of mass,constant composition,reciprocal proportion.,,,
JAMB,Chemistry,1991,30cm3 of oxygen at 10 atmosphere pressure is placed in a 20 dm3 container. Calculate the new pressure it temperature is kept constant.,6.7 atm,15.0 atm,6.0 atm,66.0 atm,,,
JAMB,Chemistry,1991,A given quantity of gas occupies a volume of 228 cm3 at a pressure of 750 mm Hg. What will be its volume at atmospheric pressure?,200cm3,225 cm3,230 cm3,235 cm3,,,
JAMB,Chemistry,1991,"Calculate the volume of carbon (lv) oxide measure at s.t.p, produced when 1 kg of potassium hydrogen trioxocarbonate (iV) is totally decomposed by heat.",28 dm3,56 dm3,112 dm3,"196 dm3 [G.M.V at s.t.p = 22.4 dm3, K = 39, O = 16, C = 12, H = 1]",,,
JAMB,Chemistry,1991,A sample of a gas exerts a pressure of 8.2 atm when confined in a 2.93dm3 container at 20oC. The number of moles of gas in the sample is,1.00,2.00,3.00,4.00 [ R= 0.082 litre atm/deg mole],,,
JAMB,Chemistry,1991,Atoms of element X (with 2 electrons in the outer shell) combine with atoms of Y( with 7 electrons in the outer shell). Which of the following is FALSE? The compound formed,has formula XY,is likely to be ionic,contains X2+ ions,contains Y- ions,,,
JAMB,Chemistry,1991,"The ions X- and Y+ are isoelectronic, each containing a total of 10 electrons. How many proteins are in the nuclei of the neutral atoms of X and Y respectively?",10 and 10,9 and 9,11 and 9,9 and 11,,,
JAMB,Chemistry,1991,The electronic configuration of an element is 1s2 2s2 2p6 3s2 3p3. How many unpaired electron are there in the element.,5,4,3,2,,,
JAMB,Chemistry,1991,Which of the following represents the type of bonding present in ammonium chloride molecule?,Ionic only,Covalent only,Ionic and dative covalent,Dative covalent only.,,,
JAMB,Chemistry,1991,Which of the following is arranged in order of increasing electronegativity?,"Chlorine, aluminium, magnesium, phosphorus, sodium.","Sodium, magnesium, aluminium phosphorus, chlorine","Chlorine, phosphorus, aluminium, magnesium, sodium.","Sodium, chlorine, phosphorus, magnesium, aluminium.",,,
JAMB,Chemistry,1991,A quantity of air was passed through a weighed mount of alkaline pyrogallol. An increase in the weight of the pyrogallol would result from the absorption of.,nitrogen,neon,argon,oxygen.,,,
JAMB,Chemistry,1991,The electrons of two atoms of Y and Z are arranged in shells as shown above. The bond formed between the atoms of Y and Z is,ionic,covalent,dative,metallic.,,,
JAMB,Chemistry,1991,Which of the following ionsis a pollutant in drinking water even in trace amount?,Ca2+,Hg2+,Mg2+,Fe2+,,,
JAMB,Chemistry,1991,"The solubility of copper (ll) tetraoxosulphate (Vl) is 75 g in 100 g of water at 100oC and 25 g in 100 g of water at 30oC.What mass of the salt would crystallize, if 50 g of copper (ll) tetraoxosulphate (Vl) solution saturated at 100oC were cooled to 30oC?",57.5 g,42.9 g,,,,,
JAMB,Chemistry,1991,6g,,,,14.3 g,,,
JAMB,Chemistry,1991,A sample of temporary hard water can be prepared in the laboratory by.,dissolving calcium chloride in distilled water,saturating lime water with carbon(lV) oxide,saturating distilled water with calcium hydroxide,dissolving sodium hydrogen trioxocarbonate (lV) in some distilled water.,,,
JAMB,Chemistry,1991,A property of a colloidal dispersion which a solution does not have is .,the Tyndall effect,homogeneity,osmotic pressure,surface polarity.,,,
JAMB,Chemistry,1991,"50 cm3 of sulphur (lV) oxide, 800cm3 of ammonia, 450 cm3 of hydrogen chloride, 1.0 cm3 of water at 15oC. Which of the following is suitable for demonstrating the fountain experiment?",Sulphur (lV) oxide and hydrogen chloride,Carbon (lV) oxide and ammonia,Ammonia and hydrogen chloride,Carbon (lV) oxide and sulphur (1V) oxide,,,
JAMB,Chemistry,1991,Which of the following substances could be satisfactorily used as X in the above figure?,Ammonia and Potassium hydroxide,Potassium hydroxide and sodium chloride,Ammonia and ethanoic acid,Ethanoic and sodium chloride,,,
JAMB,Chemistry,1991,What volume of CO2 at s.t.p would be obtained by reacting 10cm3 of 0.1 M solution of anhydrous sodium trioxocarbonate (lV) with excess acid?,2.240 cm3,22.40 cm3,224.0 cm3,2240 cm3 [G.M.V at s.t.p = 22.4 dm3,,,
JAMB,Chemistry,1991,"If a current of 1.5 A is passed for 4.00 hours through a molten tin salt and 13.3 g of tins is deposited, What is the oxidation state of the metal in the salt?",1,2,3,"4 [Sn = 118.7, F = 96500 C mol-1]",,,
JAMB,Chemistry,1991,"Which of the following equivocal solutions, Na2CO3, Na2SO4, FeCl3, NH4Cl and CH3 COONa, have pH greater than?",FeCl3 and NH4Cl,"Na2CO3 CH3 COONa and Na2SO4,",Na2CO3 and CH3 COONa,"FeCl3 , CH3, COONa. NH4Cl",,,
JAMB,Chemistry,1991,MnO- 4 + 8H+ + ne M++ + 4H2O. Which is the value of n the reaction above?,2,3,4,5,,,
JAMB,Chemistry,1991,2H2(g) + SO2(g) 3S(s) + 2H2O(1). The above reaction is,a redox reaction in which H2S is the oxidant and SO2 is the reductant.,a redox reaction in which SO2is the oxidant and H2S is the reductant.,Not a redox reaction because there is no oxidant in the reaction equation,Not a redox reaction because there is no reductant in the reaction equation.,,,
JAMB,Chemistry,1991,Manganese(lV) oxide is known to hasten the decomposition of hydrogen peroxide. Its main actions is to.,increase the surface area of the reactants,increase the concentration of the reactants,lower the activation energy for the reaction,"lower the heat of reaction, H, for the reaction,",,,
JAMB,Chemistry,1991,"1.1 g of CaCl2 dissolved in 50 cm3 of water caused a rise in temperature of 34oC. The heat reaction, H for CaCl2 in kJ per moles is",-71.1,–4.18,+17.1,"+111.0 [Ca = 40, Cl = 35.5, specific heat of water is 4.18 KJ-1",,,
JAMB,Chemistry,1991,NO + CO 1/2 N2 + CO2 H = -89.3kJ .What conditions would favour maximum conversion of nitrogen (ll) oxide and carbon(ll) oxide in the reaction above?,low temperature and high pressure,high temperature and low pressure,high temperature and high pressure,low temperature and low pressure.,,,
JAMB,Chemistry,1991,Which of the following equilibria is unaffected by a pressure change?,2NaCl 2Na + Cl2,H2 + I2 2HI,2O3 3O2,2NO2 N2O4,,,
JAMB,Chemistry,1991,Initial concentration of no in moles Initial Rate (moles / sec) 0.001 3.0 x 10-5 0.002 1.2 x 10 -4 The data in the table above shows the rate of reaction of nitrogen (ll) oxide with chlorine at 25oC. It can be concluded that doubling the intial concentration of NO increase the rate of reaction by factor of,two,three,four,five,,,
JAMB,Chemistry,1991,Which of the following gases will rekindle a brightly glowing splint?,NO2,NO,N2O,Cl2,,,
JAMB,Chemistry,1991,Which of the following salts can be melted without decomposition?,Na2CO3,CaCO3,MgCO3,ZnCO3,,,
JAMB,Chemistry,1991,Oxygen gas can be prepared by heating,ammonium trioxonirate (V),ammonium trioxonirate (lll),potassium trioxonirate (V),manganese (lV) oxide.,,,
JAMB,Chemistry,1991,The appropriate test paper to use in the above experiment is moist.,litmus paper,potassium heptaoxodichromate (1V) paper,lead (11)trioxonirate (V) paper.,Universal indicator paper.,,,
JAMB,Chemistry,1991,Addition of aqueous ammonia to a solution of Zn++ gives a white precipitate which dissolves in an excess of ammonia because.,zinc is amphoteric,zinc hydroxide is readily soluble,zinc forms a complex which is readily soluble in excess ammonia,ammonia solution is a strong base.,,,
JAMB,Chemistry,1991,"Which of the following, in clear solution, forms a white precipitate when carbon(1V) oxide is bubbled into it for a short time?",KOH,NaOH,Ca(OH)2,Al(OH)3,,,
JAMB,Chemistry,1991,Copper (11) tetraoxosulphate (V1) is widely used as a,Fertilizer,Fungicide,Disinfectant,Purifier,,,
JAMB,Chemistry,1991,Which of the following metals can be prepared in samples by the thermal decomposition to their trioxonirate (V) salt?,Copper and mercury,Silver and copper,Mercury and silver,Magnesium and mercury,,,
JAMB,Chemistry,1991,Which of the following compounds can exist as geometric isomers?,2-methylbut2-ene,But-2-ene,But-1-ene,H Cl — C—Br H,,,
JAMB,Chemistry,1991,How many structural isomers can be written for the alkyl bromide C2H9Br?,3,4,6,8,,,
JAMB,Chemistry,1991,The final products of the presence of ultraviolet light are hydrogen chloride and,chloromethane,tetrachloromethane,trichloromethane,dichloromethane,,,
JAMB,Chemistry,1991,How many grams of bromine will be required to completely react with 10 g of propyne?,20 g,40 g,60 g,"80 g [C = 12, H = 1, Br = 80].",,,
JAMB,Chemistry,1991,Ethene when passed into concentrated H2SO4 is rapidly absorbed. The product is diluted with water and then warmed to produce.,ethanol,diethyl ether,ethanal,diethyl sulphate.,,,
JAMB,Chemistry,1991,One of the advantages of detergents over soap is that detergents.,are easier to manufacture,foam more than soap,form soluble salts with hard water,are able to deter germ more than soap.,,,
JAMB,Chemistry,1991,CH3CH2 CHCH3 alc.KOH CH3CH = CHCH3 X CHCH3 + CH3CH2CH =CH2 The above reaction is an example of,dehydration,dehydrohalogenation,neutralization,a fission reaction,,,
JAMB,Chemistry,1991,"A certain liquid has a high boiling point. It is viscous, non-toxic, miscible with water to be hygroscopic. This liquid is most likely to be.",CH3CH2CH2CH2OH,CH3CH2OHCH3,CH3CH2CHOHCH3,,CH3OHCHOCH2 OH,,
JAMB,Chemistry,1991,The compound. CH3¯CH¯CH3 sCH2Cl Is known as,1-chloro-2-methylbutane,1-chloro-2-methylpronane,2-chloromethylethane,"1-chloro-2,2-dimethylethane",,,
JAMB,Chemistry,1991,Which of the following statements is TRUE of the complete hydrolysis of a glyceride by sodium hydroxide?,3 moles of NaOH are required for each mole of glyceride,3 moles of glycerol are produced,only one mole of soap is formed.,Concentrated H2SO4 is essential for the completion of the reaction.,,,
JAMB,Chemistry,1992,Which of the following are the products of the reaction between CH3COOH and Cl2 in sunlight?,ClCH2COOH + HCl,CH3COCl + HOCl,CH3COOCl + HCl,CH3COCl + H2O,,,
JAMB,Chemistry,1992,Which of the following substances is not a homogeneous mixture?,Filtered sea water,Soft drink,Flood water,Writing ink,,,
JAMB,Chemistry,1992,There is a large temperature interval between the melting point and the boiling point of a metal because.,metals have very high melting points,metals conduct heat very rapidly,melting does not break the metallic bond but boiling does.,the crystal lattice of metals is easily broken.,,,
JAMB,Chemistry,1992,How many moles of [H+] are there in 1 dm3 of 0.5 solution of H2SO4,2.0 moles,1.0 mole,0.5 mole,0.25 mole,,,
JAMB,Chemistry,1992,"wH2SO4 + xA(OH)3 yH2O + zAl2(SO4)3. The respective values of w, x, y and z in the equation above are","2,2,5 and 1","3,2,5and 2","3,2,6 and 1","2,2,6 and 2",,,
JAMB,Chemistry,1992,A given mass of gas occupies 2 dm3 at 300 K. At what temperature will its volume be doubled keeping the pressure constant?,400 K,480 K,550 K,600 K,,,
JAMB,Chemistry,1992,"If 100 cm3 of oxygen pass through a porous plug is 50 seconds, the time taken for the same volume of hydrogen to pass through the same porous plug is",10.0 s,12.5 s,17.7 s,"32.0 s [ O = 16, H = 1]",,,
JAMB,Chemistry,1992,Which of the following is a measure of the average kinetic energy of the molecules of a substance.,number of molecules of the gas,density of the gas molecules C number of collisions between the gas,Pressure,number of collision between the gas molecules and the walls of the container.,,,
JAMB,Chemistry,1992,"The nucleus of the isotope tritium, contains",two neutrons with no protons,one neutron and one proton,two neutron and one electron,"two neutron, one proton, and one electron.",,,
JAMB,Chemistry,1992,How many lone pairs of electron are there on the central atom of the H2O molecules?,1,2,3,4,,,
JAMB,Chemistry,1992,"Four elements P,Q,R and S have 1,2,3 and 7 electrons in their outermost shells respectively. The element which is unlikely to be a metal is",P,Q,R,S,,,
JAMB,Chemistry,1992,The pollutants that are likely to be present in an industrial environment are,"H2S, SO2 and oxides of nitrogen","NH3, HCl and CO",CO2 NH3 and H2S,"Dust, No and Cl2",,,
JAMB,Chemistry,1992,Which of the following gases dissolves in water vapour to produce acid rain during rainfall?,Oxygen,Carbon (11) oxide,Nitrogen,Sulphur (lV) oxide,,,
JAMB,Chemistry,1992,Water for town supply is chlorinate to make it free from,bad odour,bacteria,temporary hardness,permanent hardness.,,,
JAMB,Chemistry,1992,Nature of solute 11. Temperature. 1V.Pressure.,"l, ll, lll and lV",l and ll only,ll only,"l, lll and iV only Chemistry 1992",,,
JAMB,Chemistry,1992,"14 N + X 17 8 O + 1 1 H . In the above reaction , X is a","neutron,",Helium atom,Lithium atom,Deutrium atom,,,
JAMB,Chemistry,1992,An emulsion paint consist of,gas or liquid particles dispersed in liquid,liquid particles dispersed in liquid,solid particles dispersed in liquid,solid particles dispersed in solid,,,
JAMB,Chemistry,1992,A sample of orange juice is found to have a pH of 3.80. What is the concentration of the hydroxide ion in the juice?,1.6 x 10-4,6.3 x 10-11,6.3 x 10-4,1.6 x 10-11,,,
JAMB,Chemistry,1992,"Arrange HCl, CH3 COOH, C6H5CH3 in order of increasing conductivity.","HCl,CH3 COOH,C6H5CH3","C6H5CH3 HCl, CH3, COOH","C6H5CH3 COOH, HCl,","CH3, COOH, C6H5CH3,HCl",,,
JAMB,Chemistry,1992,Which of these is an acid salt?,K2SO4 Al2(SO4)3.24H2O,CuCO3.Cu(OH)2,NaHS,CaOCl2,,,
JAMB,Chemistry,1992,How many grams of H2SO4 are necessary for the preparation of 0.175 dm3 of 6.00 M H2SO4?,206.0 g,103.0 g,98.1 g,"51.5 g [S = 32.06, O = 16.00, H = 1.00].",,,
JAMB,Chemistry,1992,Copper (ll) tetraoxosulphate (lV) solution is electrolyzed using carbon electrodes. Which of the following are produced at the anode and cathode respectively.,Copper and oxygen,Oxygen and copper,Hydrogen and copper,Copper and hydrogen,,,
JAMB,Chemistry,1992,"Calculate the mass, in kilograms, of magnesium produced by the electrolysis of magnesium(ll) chloride in a cell operating for 24 hours at 500 amperes.",2.7,5.4,10.8,"21.7 [Faraday = 96,500 C mmol-1, Mg = 24]",,,
JAMB,Chemistry,1992,"MnO2 + 2Cl- + 4H Mn2+ +Cl2 + 2H2O. The change is oxidation numbers when the manganese, chlorine and hydrogen ions react according to the above equation are respectively.","2, 2, 4","–1,-2 4","–2, 1, 0","2, 4, 0",,,
JAMB,Chemistry,1992,"S2O32- + l2 S4O62- + 21. In the reaction above, the oxidizing agents is",S2O32-,l2,S4O62-,l-,,,
JAMB,Chemistry,1992,In which of the following is the entropy change positive?,H2O(l) H2O(g),Cu2+ (aq) + Fe(s) Fe2+ (aq)+Cu(s),N2(g) + 3H2(g 2NH3(g),2HCl(s) N2(g) + Cl2(g),,,
JAMB,Chemistry,1992,In what way is equilibrium constant for the forward reaction related to that that of the reverse reaction?,The addition of the two is expected to be one,The product of the two is expected to be one,The two equilibrium constants are identical,The product of the two is always greater than one.,,,
JAMB,Chemistry,1992,Which of the following equilibra shows little or no net reaction when the volume of the volume of the system is decreased?,H2(g) + l2(g 2Hl(g),2NO2(g N2O4(g),PCl5( PCl3(g) + Cl2(g),ZnO(s) + CO2(g ZnCO3(s),,,
JAMB,Chemistry,1992,"For a general equation of the nature xP + yQ mR + nS, the expression for the equilibrium constant is",k [P]x [Q]y,[P]x [Q]y [R]m [S]n,[R]m [S]n [P]x [Q]y,m [R] n [S] X [P] y [Q].,,,
JAMB,Chemistry,1992,Which of these statements is TRUE about carbon(1V)oxide?,It supports combustion,It is strong acidic in water,It is very soluble in water,It supports the burning of magnesium to produce magnesium oxide.,,,
JAMB,Chemistry,1992,"In the experiment above, Z can be",a solution of sodium dioxonitrate(lll) and ammonium chloride,a solution of lead trioxonitrate(V),,,,,
JAMB,Chemistry,1992,"Which of the following combination of gases is used for metal welding? 1. Oxygen and ethyne. ll Hydrogen and ethyne. 1ll. Hydrogen and oxygen. 1V Ethyne, hydrogen and oxygen.",1 and 11,111 and 1V,1 and 111,11 and 1V,,,
JAMB,Chemistry,1992,Which of the following oxides of nitrogen is unstable in air?,NO2,NO,N2O4,N2O5,,,
JAMB,Chemistry,1992,The gas formed when ammonium trioxonitrate (V) is heated with sodium hydroxide is,hydrogen,nitrogen(1V) oxide,oxygen,ammonia,,,
JAMB,Chemistry,1992,Safety matches contain sulphur and,Potassium trioxochlorate(V),Potassium trioxonitrate (V),Charcoal,Phosphorus sulpide,,,
JAMB,Chemistry,1992,Addition of an aqueous solution of barium chloride to the aqueous solution of a salt gives a white precipate.,nitrate,carbonate,chloride,sulphide,,,
JAMB,Chemistry,1992,Sodium hydroxide solution can be conveniently stored in a container made of,lead,zinc,aluminum,copper,,,
JAMB,Chemistry,1992,Which of the following is NOT used as raw material in the solvary process?,Ammonia,Sodium chloride,Calcium trioxocarbonate,Sodium trioxocarbonate(V1),,,
JAMB,Chemistry,1992,"Duralumin consists of aluminum, copper,",zinc and gold,lead and manganese,nickel and silver,manganese and magnesium.,,,
JAMB,Chemistry,1992,CaO(s) + H2O(l ) Ca(OH)2(s) H = -65kJ. The process represented by the above equation is known as.,dissolution,slackin,liming,mortaring,,,
JAMB,Chemistry,1992,The carbon atoms in ethane are,sp3 hybridized,sp hybridized,sp2 hybridized,not hybridized.,,,
JAMB,Chemistry,1992,CH3 CH3¯C = CH¯CH 2¯CH¯ CH 3 CH2 CH3 The IUPAC name for the hydrocarbon above is,2-ethyl-5-methylhex-2-ene,"2, 5-dimethylhex-2-ene","3,5-dimethylhept-3-ene","3,6-dimethylhexpt –3-ene",,,
JAMB,Chemistry,1992,Which of the following compounds is a secondary alkanol?,CH3¯ CH 2¯CH¯ CH 3 OH,,CH3 CH2 CH2 CH2 OH,CH3 CH2 OCH2 CH3 CH3 CH3¯ C¯OH CH3,,,
JAMB,Chemistry,1992,Which of the following compounds reacts with sodium metals as well as silver and copper salt.,CH3 Ca = C ¯CH 3 B CH3 CH2 CH2 CH2 CH3,,CH3 Ca CH3,CH3 CH CH CH3,,,
JAMB,Chemistry,1992,Which of the following are isomers?,Ethanol and dimethyl ether,Benzene and methylbenzene,Ethanol and propanone,Trichloromethane and tetrachloromehane,,,
JAMB,Chemistry,1992,The function group present in an treatment with a saturated solution of NaHCO3 is .,hydroxyl group,carbonalkoxyl group,carbonyl group,carboxy group.,,,
JAMB,Chemistry,1992,The characteristic reaction of carbonyl compounds is.,Substitution,Elimination,Addition,Saponificatioon,,,
JAMB,Chemistry,1992,An organic compound containing 40.1% carbon and 6.667% hydrogen has an empirical formula of .,C2H4O2,C2H3O2,CH2O,CH3O,,,
JAMB,Chemistry,1992,Alkanals can be differentiated from alkanones by reaction with.,"2,4-dinitrophenlhydrazine",hydrogen cyanide,sodium hydrogen sulphite,tollen’s reagent.,,,
JAMB,Chemistry,1992,An example of a polysaccharide is,dextrose,mannose,glucose,starch.,,,
JAMB,Chemistry,1993,The dissolution of common salt in water is physical change because,the salt can be obtained by crystallization,the salt can be recovered by the evaporation of water.,Heat is not generated during mixing,The solution will not boil at 100oC,,,
JAMB,Chemistry,1993,Which of the following substances is mixture?,Sulphur powder,Bronze,Distilled water,Ethanol,,,
JAMB,Chemistry,1993,How many moles of oxygen molecules would be produced dfrom the decompostition of 2.5 moles of potassium trioxochlorate (V)?,2.50,3.50,3.75,7.50,,,
JAMB,Chemistry,1993,A balanced chemical equation obeys the law of,Conservation of mass,Definite proportions,Multiple proportions,Conservation of energy,,,
JAMB,Chemistry,1993,"At 25oC and 1 atm, a gas occupies a volume of 1.50 dm3. What volume will it occupy at 100oC at 1 atm?",1.88 dm3,6.00 dm3,18.80 dm3,60.00 dm3,,,
JAMB,Chemistry,1993,A gaseous mixture of 80.0 g of oxygen and 56.0 g of nitrogen has a total pressure of 1.8 atm. The partial pressure of oxygen in the mixture is,0.8 atm,1.0 atm,1.2 atm,"1.4 atm [O = 16, N = 14]",,,
JAMB,Chemistry,1993,Which of the curves above represents the behavior of 1 mole of an ideal gas?,1,11,111,1V,,,
JAMB,Chemistry,1993,"For iodine crystals to sublime on heating, the molecules must acquire energy that is",less than the forces of attraction in the solid,equal to the forces of attraction in the solid,necessary to melt the solid,greater than the forces of attraction in both solid and the liquid phases,,,
JAMB,Chemistry,1993,"An element, E, has the electronic configuration 1s22s22p63s23p3. The reaction of E with a halogen X can give.",EX3 and EX5,EX3 only,EX5 only,EX2 and EX3,,,
JAMB,Chemistry,1993,Two atoms represented as 235 92Uand 238 92U are,isomers,allotropes,isotopes,anomers,,,
JAMB,Chemistry,1993,"As the difference in electronegativity between bonded atoms increase, polarity of the bond",decreases,increases,remains unchanged,reduces to zero.,,,
JAMB,Chemistry,1993,Which group of elements forms hydrides that are pyramidal in structure?,111,1V,V,V1,,,
JAMB,Chemistry,1993,Water has a rather high boiling point despite its low molecular mass because of the presence of,hydrogen bonding,covalent bonding,ionic bonding,metallic bonding,,,
JAMB,Chemistry,1993,Argon is used in gas-filled electric lamps because it helps to,prevent the reduction of the lamp filament,prevent oxidation of lamp filament,make lamp filaments glow brightly,keep the atmosphere in the lamp inert.,,,
JAMB,Chemistry,1993,The air around a petroleum refinery is most likely to contain,CO2 SO3 and N2O,CO2 CO and N2O,SO3 CO and NO2,PH3 H2O and CO2,,,
JAMB,Chemistry,1993,Water can be identified by the use of,an hydrogen copper(11) tetraoxosulphate(1V),an hydrogen sodium trioxocarbonate(1V),potassium heptaoxochromate(vii),copper (11) trioxocarbonate(iv),,,
JAMB,Chemistry,1993,The phenomenon whereby sodium trioxocarbonate (1) decahydrate loses some of its water crystallization on exposure to the atmosphere is known as,deliquescence,hygroscopy,effervescence,efflorescence Chemistry 1993,,,
JAMB,Chemistry,1993,A student prepares 0.5 M solution each of hydrochloric and ethanoic acids and then measured their pH. The result would show that the,pH values are equal,HCl solution has higher pH,Sum of the pH values is 14,Ethanoic acid solution has a higher pH.,,,
JAMB,Chemistry,1993,For which salt in the graph above does the solubility increase most rapidly with rise in temperature,CaSO4,KNO3,NaCl,KCl,,,
JAMB,Chemistry,1993,NH3 + H3O NH4 + H2O. it may be deduced from the reaction above that,a redox reaction has occurred,H3O+ acts as an oxidizing agent,H3O+ acts as an acid,Water acts as an acid,,,
JAMB,Chemistry,1993,4.0 g of sodium hydroxide in 250 cm3 of solution contains,0.40 moles per dm3,0.10 moles per dm3,0.04 moles per dm3,0.02 moles per dm3,,,
JAMB,Chemistry,1993,"During the electrolysis of a salt of metal M, a current of 0.05 A flow for 32 minutes 10 second and deposit 0.325 g of M. What is the charges of the metal ion?",1,2,3,"4 [M = 65,l = 96,500 C per mole of electron]",,,
JAMB,Chemistry,1993,Which of the following reactions occurs at the anode during the electrolysis of a very dilute aqueous solution of sodium chloride?,OH –CH OH,Cl- - e- Cl,OH + Cl- HCl,Na+ + e- Na/Hg amalgam,,,
JAMB,Chemistry,1993,"Half – cell reaction E0 Cu2+(aq) + 2e Cu(s) +0.34V Fe2+(aq) + 2e Fe -0.44V Ba2+(aq) + 2e Ba(s) -2.90V Zn2+(aq) + 2e Zn(s) -0.76V From the data above, it can be deduced that the most powerful reducing agent of the four metals is",Cu,Fe,Ba,Zn,,,
JAMB,Chemistry,1993,"The oxidation states of chlorine in HOCl, HClO3 and HClO4 are respectively","-1, +5 and +7","–1 ,-5 and 7","+1, +3 and +4","+1, +5 and +7",,,
JAMB,Chemistry,1993,A reaction takes place spontaneously if,ÄG = O,ÄS < O and ÄH > O,ÄH < TÄS,ÄG>O,,,
JAMB,Chemistry,1993,"The standard enthalpies of formation of CO2(g), H2O(g) and CO(g) in kJ mol-1 are –394, -242 and –110 respectively. What is the standard enthalpy change for the reaction CO(g) + H2O CO2(g) + H2(g)?",-42 kJ mol-1,+42 kJ mol-1,–262 kJ mol-1,+262 kJ mol-1,,,
JAMB,Chemistry,1993,"10 g of a solid is in equilibrium with its own vapour. When 1 g of a small amount of solid is added, the vapour pressure",remain the same,drops,increase by 1%,increase by 99%,,,
JAMB,Chemistry,1993,"In the diagram above, curve X represents the energy profile for a homogeneous gaseous reaction. Which of the following conditions would produce curve Y for the same reaction?",increase in temperature,increase in the concentration of a rectant,addition of a catalyst,increase in pressure.,,,
JAMB,Chemistry,1993,NaCl(s) + H2SO4(1) HCl(g) + NaHSO4(s). In the reaction above. H2SO4 behaves as,a stron acid,an oxiding agent,a good solvent,a dehydrating agent. Hg,,,
JAMB,Chemistry,1993,"Which of these salts will produce its metal, oxygen and nitrogen(1V) oxide on heating?",Silver trioxonitrate(V),Sodium trioxonitrate (V),Calcium trioxonitrate (V),Lithium trioxonitrate (V),,,
JAMB,Chemistry,1993,"An experiment produces a gaseous mixture of carbon (1V) oxide and carbon(11) Oxide. In order to obtain pure carbon (11) oxide, the gas mixture should be",passed over heated copper(11) oxide,bubbled through concentrated tetraoxosulphate(V1) acid,bubbled through sodium hydroxide solution,bubbled through water.,,,
JAMB,Chemistry,1993,Which of the following is property of ionic chlorides?,They can be decomposed heat.,They react with aqueous AgNO3 to give q white precipitate which is soluble in excess ammonia,They explode when in contact with dry ammonia gas,They react with concentrated tetraoxosulphate (V1) acid to give white fumes of chlorides gas,,,
JAMB,Chemistry,1993,"When dilute aqueous solutions of (11) nitrate and potassium bromide are mixed, a precipitate is observed. The products of this reaction are.",PbO(s) + Br- (aq) + KNO3,Br2 + NO2(g) + PbBr2(s),PbO(s) PbO(s) + K+(aq) + Br(aq) +NO2(g),PbBr2(s) + K+(aq) + NO3(aq),,,
JAMB,Chemistry,1993,Bronze is an alloy will react to,Silver and copper,Silver and gold,Copper and nickel,Copper and zinc,,,
JAMB,Chemistry,1993,Copper metal will react with concentrated trioxonitrate (V) acid to give,Cu(NO3)3 + NO + N2O4 + H2O,Cu(NO3)2 + NO + H2O,CuO +NO2 + H2O,Cu(NO3)2 + NO2 + H2O,,,
JAMB,Chemistry,1993,The active reducing agent in the blast furnace for the extraction of iron is,carbon,limestone,carbon (11) oxide,calcium oxide,,,
JAMB,Chemistry,1993,Al2O3(s) + 3H2SO4(aq)=Al2(SO4)3(aq) + 3H2O(1) Al2O3(s) + 2NaOH(aq) + 3H2O (1) ’! 2NaAl(OH)4(aq). We can conclude from the equations above that Al2O3(s) is,an acidic oxide,an amphoteric oxide,a basic oxide,a neutral oxide,,,
JAMB,Chemistry,1993,H H2N CH C OH The two functional groups in the above compound are. A alcohol and amine,,acid and amine,aldehyde and acid,ketone and mine,,,
JAMB,Chemistry,1993,The fraction of crude oil used as jet fule is,refinery gas,diesel oil,kerosene,gasoline,,,
JAMB,Chemistry,1993,CH3CHCH2CHCH2CH3 CH3 CH3. The IUPAC nomenclature for the compound above is.,dimethylhexane,"3,5 dimethlpentane","1,1 dimethyl , 3 methylpentane","2,4 dimethylhexane.",,,
JAMB,Chemistry,1993,It is not desirable to use lead tetraethyl as an anti- knock agent because,it is expensive,of pollution effects from the exhaust fumes,it lowers the octane rating of petrol,it is explosive.,,,
JAMB,Chemistry,1993,The carbon atoms on ethane are,sp2 hybridized,sp3 hybridized,sp2d hybridized,sp hybridized.,,,
JAMB,Chemistry,1993,Catalytic hydrogenation of benzene produces,an aromatic hydrocarbon,margarine,cyclohexane,T,,,
JAMB,Chemistry,1993,O O CH3 C-OCH2CH2 and CH3CH2CH2 C-OH are,isomers,esters,carboxylic acids,polymers.,,,
JAMB,Chemistry,1993,Palm wine turns sour with time because.,the sugar content is converted into alcohol,the carbon(1V) oxide formed during the fermentation process has a sour taste,it is commonly adulterated by the tappers and sellers,microbial activity results in the production of organic acids within it.,,,
JAMB,Chemistry,1994,Which of the represents Saponification?,reaction of carboxylic acids with sodium hydroxide,reaction of Alkanoates with acids,reaction of carboxylic acids with sodium alcohols,reaction of Alkanoates with sodium hydroxide.,,,
JAMB,Chemistry,1994,The confirmatory test for Alkanoic acids in organic qualitative analysis is the,turning of wet blue litmus paper red,reaction with alkanols to form esters,reaction with sodium hydroxide to foem salt and water,reaction with aqueous Na2CO3 to liberate a gas which turns lime water milky. Chemistry 1994,,,
JAMB,Chemistry,1994,"A mixture of sand, ammonium chloride and sodium chloride is best separated by",sublimation followed by addition of water and filtration,sublimation followed by addtion of water and evaporation,addition of water followed by filtration and sublimation,addition odf water followed by crystallization and sublimation.,,,
JAMB,Chemistry,1994,A pure solid usually melts,25 cm3 of methane,40 cm3 of hydrogen,50 cm 3 of ammonia,100 cm3 of chlorine,,,
JAMB,Chemistry,1994,8 g CH4 occupies 11.2dm3 at s.t.p. What volume would 22 g of CH3CH2CH occupy under the sme condition?,3.7 dm3,11.2 dm3,22.4 dm3,"33.6 dm3 [ C= 12, H =1]",,,
JAMB,Chemistry,1994,To what temperature must a gas 273 K be heated in order to double both its volume and pressure?,298 K,546 K,819K,1092 K,,,
JAMB,Chemistry,1994,"For a gas, the relative molecular mass is equal to 2Y. What is Y?",The mass of the gas,The vapour density of the gas,The volume of the gas,The temperature of the gas,,,
JAMB,Chemistry,1994,"The densities of two gases, X and Y are 0.5 g dm-3 and 2.0 g dm-3 respectively. What is the rate of diffusion of X relative to Y?",0.1,0.5,2.0,4.0,,,
JAMB,Chemistry,1994,An increase in temperature curves causes an increase in the pressure of a gas because,it decreases the number of Collision between the molecules,the molecules of the gas bombard the walls of the container more frequently,it increase the number of Collision between the molecules,it causes the molecules to combine,,,
JAMB,Chemistry,1994,The shape of ammonia molecules is,trigonal planar,octahedral,square planar,tetrahedral.,,,
JAMB,Chemistry,1994,The number of electrons in the valence shell of an element of atomic number 14 is,1,2,3,4,,,
JAMB,Chemistry,1994,Which of the following physical properties decreases down a group ion the periodic table?,Mangnesium,Helium,Chlorine,Neon,,,
JAMB,Chemistry,1994,"Elements X, Y and Z belongs to groups 1,V and V11 respectively. Which of the following is TRUE about the bond types of XZ and YZ",Both are electrovalent,Both are covalent,XY is electrovalent and YZ3 is covalent,XZ is covalent and YZ3 is electrovalent.,,,
JAMB,Chemistry,1994,Which of the following atoms represents deuterium? ‘ No of No of No of protons neutrons electrons,1 0 0,1 0 1,1 1 1,1 2 1,,,
JAMB,Chemistry,1994,The set-up above would be useful for determining the amount of,Oxygen in air,Water vapour in air,CO2 in air,Argon in air.,,,
JAMB,Chemistry,1994,A solid that absorbs water from the atmosphere and forms an aqueous solution is,hydrophilic,efflorescent,deliquescent,hygroscopic,,,
JAMB,Chemistry,1994,A major effect of oil pollution in coastal water is the,destruction of marine life,desalination of water,increase in the acidity of the water,detoxification of the water.,,,
JAMB,Chemistry,1994,Sodium chloride has no solubility product value because of its.,saline nature,high solubility,low solubility,insolubility,,,
JAMB,Chemistry,1994,The solubility in moles per dm3 of 20.2g of potassium trioxonitrate (V) dissolved in 100g of water at room temperature is,0.10,0.20,1.00,"2.00 [K = 39, O = 16, N = 14]",,,
JAMB,Chemistry,1994,A few drops of concentrated PCl are added to about 10cm3 of a solution of pH 3.4. The pH of the resulting mixture is,less than 3.4,greater than 3.4,unaltered,the same as that of pure water,,,
JAMB,Chemistry,1994,Which of the following compounds is a base?,CO2,CaO,H3PO3,CH3COOH,,,
JAMB,Chemistry,1994,20cm3 of a 2.0 M solution of ethanoic acid was added to excess of 0.05 M sodium hydroxide. The mass of the salt produced is,2.50 g,2.73 g,3.28 g,,,,
JAMB,Chemistry,1994,What volume of oxygen measured at s.t.p would be liberated on electrolysis by 9650 coulombs of electricity?,22.4 dm3,11.2 dm3,1.12 dm3,"0.560 dm3 [Molar Volume of gas = 22.4 dm3, F = 96,500 C mol-1]",,,
JAMB,Chemistry,1994,Crude copper could be purified by the electrolysis of concentrated copper911) chloride if the crude copper is,made both the anode and the cathode,made the cathode,made the anode,dissolved in the solution.,,,
JAMB,Chemistry,1994,"H-(s) + H2O(1) H2(g) + OH-(aq). From the equation above, it can be inferred that the",-100 kJ mol-1,+100 kJ mmol-1,+50kJ mol-1,–50 kJ mol-1,,,
JAMB,Chemistry,1994,An anhydride is an oxide of a non-metal.,Which will not dissolve in water,whose solution water has pH greater than7,whose solution in water has a pH less than 7,whose solution in ware has a pH of 7,,,
JAMB,Chemistry,1994,MnO4(aq) + 8H +(aq) + Fe2+(aq) Mn2+(aq) +5Fe3+ + 4H2O(1). The oxidation number of manganese in the above reaction change from,+7 to +2,+6 to +2,+5 to +2,+4 to +2,,,
JAMB,Chemistry,1994,"In the diagram above, the activation energy is represented by",y-x,x,x-z,y,,,
JAMB,Chemistry,1994,Which of the following is TRUE of Le Chatelier’s principle for an exothermic reaction?,Increase in temperature will cause an increase in equilibrium constant,Increase in temperature will cause a decrease in the equilibrium constant,Addition of catalyst will cause a decrease in the equilibrium constant.,,,,
JAMB,Chemistry,1994,Which of the following are produced when ammonium trioxonirate(V) crystals are cautiously heated in a hard glass round bottomed flask?,N2O and steam,NO2 and ammonia,N2O4 and NO2,NO and NO2,,,
JAMB,Chemistry,1994,"2HCl(aq) + CaCO3(s) CaCl2(aq) + H2O(10 + CO2g). From the reaction above, which of the following curves represents the consumption of calcium trioxocarbonate(lV) as dilute HCl is added to it?",L,M,N,P,,,
JAMB,Chemistry,1994,"In the diagram above, R is a mixture of",potassium tetraoxochlorate(Vii) and concentrated H2SO4,potassium tetraoxomanganate (vii) and concentrated HCl,manganese(1V) oxide and concentrated HCl,manganese (1V) oxide and concentrated HCl,,,
JAMB,Chemistry,1994,Which of these metals CANNOT replace hydrogen from alkaline solutions?,Aluminium,Zinc,Tin,Iron,,,
JAMB,Chemistry,1994,Clothes should be properly rinsed with water after bleaching because,the bleach decolourizes the clothes,chlorine reacts with fabrics during bleaching,the clothes are sterilized during bleaching,hydrogen chloride solution is produced during bleaching.,,,
JAMB,Chemistry,1994,Which of these solutions will give a white precipate with a solution of barium chloride acidified with hydrochloride acid?,Sodium trioxocarbonate(1V),Sodium tetraoxosulphate,Sodium trioxosulphate (1V),Sodium sulphides,,,
JAMB,Chemistry,1994,SO3 is NOT directly dissolved in water in the preparation of H2SO4 by the contact process because.,the reaction between SO3 and water is violently exotheremic,acid is usually added to water and never water to acid,SO3 is an acid not dissolve in water readily,SO3 is an acid gas.,,,
JAMB,Chemistry,1994,"In an electrolytic set-up to protect iron from corrosion, the iron is",made the cathode,made the anode,used with a metal of lower electropositive potential,initially coated with tin,,,
JAMB,Chemistry,1994,Which of the following is NOT true of metals?,They are good conductors of electricity,They ionize by electron loss,Their oxides are acidic,They have high melting points.,,,
JAMB,Chemistry,1994,"Which of the following is the correct order of decreasing activity of the metal Fe, Ca, Al and Na?",Fe > Ca > Al > Na,Na > Ca > Al > Fe,Al > Fe > Na > Ca,Ca > Na > Fe > Al.,,,
JAMB,Chemistry,1994,H CH3 H H H¯C ¯ C¯ C P- C H CH3 H The IUPAC name of the compound above is,"2,2-dimethyl but-1-yne","2,2-dimethyl but-1-ene","3,3-dimethyl but-1-ene","3,3-dimethyl but-1-yne",,,
JAMB,Chemistry,1994,"When sodium is added to ethanol, the products are",sodium hydroxide and water,sodium hydroxide and hydrogen,sodium ethnocide and water,sodium ethnocide and hydrogen.,,,
JAMB,Chemistry,1994,The general formula of alkanones is,RCHO,R2CO,RCOOH,RCOOR,,,
JAMB,Chemistry,1994,When sodium ethanoate is treated with a few drops of concentrated tetraoxosulphate(V1) acid one of the products is,CH3COOH,CH3COOH3,CH3COOC2H5,C2H4COOCH,,,
JAMB,Chemistry,1994,"One mole of a hydrocarbon contains 48 g of carbon. If its vapour density is 28, the hydrocarbon is",hydrolysis,double decomposition,dehydration,pyrolysis,,,
JAMB,Chemistry,1994,The caustic soda solution in the conical flask serves to,dry ethene,remove carbon (1V) oxide from ethene,remove carbon (11) oxide from ethene,remove sulphur (1V0 oxide from ethene.,,,
JAMB,Chemistry,1994,Which of the following orbital of carbon are mixed with hydrogen in methane?,1s and 2p,1s and 2s,2s and 2p,2s and 3p,,,
JAMB,Chemistry,1994,Which of the following reagents will confirm the presence of instaurations in a compound?,Fehling’s solution,Bromine water,Tollen’s reagent,Benedict’s solution,,,
JAMB,Chemistry,1995,Chromatography is used to separate components of mixtures which differ in their rates of,diffusion,migration C reaction,,sedimentation.,,,
JAMB,Chemistry,1995,Which of the following is an example of chemical change?,Dissolution of salt in water.,Rusting of iron,Melting of ice.,Separating a mixture by distillation.,,,
JAMB,Chemistry,1995,The number of hydrogen ions in 4.9 g of tetraoxosulphate (VI) acids is,3.01 x 1022,6.02 x 1022,3.01 x 1023,"6.02 x 1022. (S = 32, O = 16, H =1, NA = 6.02 x 1023).",,,
JAMB,Chemistry,1995,What volume of oxygen will remain after reacting 8 cm3 of hydrogen with 20 cm3 of oxygen?,10 cm3,12 cm3,14 cm3,16 cm3.,,,
JAMB,Chemistry,1995,A gas sample with initial volume of 3.25 dm3 is heated and allowed to expand to 9.75 dm3 is heated and allowed to expand to 9.75 dm3 at constant pressure. What is the ratio of the final absolute temperature to the initial absolute temperature?,3:1,5:2,5:4,8:3,,,
JAMB,Chemistry,1995,"Two cylinders A and B each contains 30 cm3 of oxygen and nitrogen respectively at the same temperature and pressure. If there are 5.0 moles of nitrogen, then the mass of oxygen is",3.2 g,6.4g,80.0g,160.0g.,,,
JAMB,Chemistry,1995,A liquid begins to boil when,its vapour pressure is equal to vapour pressure of its solid at the given temperature,molecules start escaping from its surface,its vapour pressure equals the atmosheric pressure,its volume is slightly increased.,,,
JAMB,Chemistry,1995,"A particle that contains 8 protons, 9 neutrons and 7 electrons could be written as",16 8O,17 8O+,17 9O+,17 8O. Use the section of the periodic table below to answer questions 9 and 10. 1 2L 3G X 5 6 7 8J 9E 10 11 12 M 13 R 14 15 16 T 17 18,,,
JAMB,Chemistry,1995,Which of the letters indicate an alkali metal and a noble gas respectively?,M and,G and,R and L.,G and L.,,,
JAMB,Chemistry,1995,Which letter represents a non-metal that is a solid at room temperature?,T,R.,J.,X.,,,
JAMB,Chemistry,1995,"In the oil drop experiment, Milikan determined the",charge to mass ratio of the electron,mass of the electron,charge of the electron,mass of the proton.,,,
JAMB,Chemistry,1995,The stability of ionic solids is generally due to the,negative electron affinity of most atoms,crystal lattice forces,electron pair sharing,positive ionization potentials.,,,
JAMB,Chemistry,1995,Which of the following statements is FALSE about isotopes of the same element?,They have the same number of electrons in their outermost shells.,they have different atomic masses.,They have the same atomic number and the same number of electrons.,they have the same atomic number but different number of electrons.,,,
JAMB,Chemistry,1995,Helium is often used in observation balloons because it is,light and combustible,light and non-combustible,heavy and combustible,heavy and non-combustible.,,,
JAMB,Chemistry,1995,"When plastic and packaging materials made from chloromethane are burnt in the open, the mixture of gases released into the atmosphere is most likely to contain",ethane,chlorine,hydrogen chlorine,ethane.,,,
JAMB,Chemistry,1995,Deliquescent substances are also,efflorescent,anhydrous,hydroscopic,insoluble.,,,
JAMB,Chemistry,1995,The difference between colloids and suspensions is brought out clearly by the fact that while colloids,"do not scatter light, suspensions cannot be so separated","can be separated by filteration, suspension cannot be separated","can be separated by a membrane, suspensions cannot","do not settle out on standing, suspensions do.",,,
JAMB,Chemistry,1995,"In general, an increase in temperatue increases the solubility of a solute in water because",more solute molecules collide with each other,most solutes Chemistry 1995,,,,,
JAMB,Chemistry,1995,Neutralization involves a reaction between H3O+ and,CI-,OH-,NO3 -,CO3 2-.,,,
JAMB,Chemistry,1995,Which of the following solutions will have a pH < 7?,Na2SO4(aq),NaCI(aq),Na2CO3(aq),NH4CI(aq).,,,
JAMB,Chemistry,1995,What is the pH of a 2.50 x 10-5 M solution of sodium hydroxide?,3.6,5.0,9.4,12.0.,,,
JAMB,Chemistry,1995,The graph above shows the pH changes for the titration of a,strong acid versus strong base,weak acid versus strong base,strong acid versus weak base.,weak acid versus weak base.,,,
JAMB,Chemistry,1995,"In the process of silver-plating a metal M, the metal M is the",anode and a direct current is used,cathode and an alternating current is used,anode and an alternating current is used.,cathode and a direct current is used.,,,
JAMB,Chemistry,1995,How many moles of copper would be deposited by passing 3F of electricity through a solution of copper (II) tetraoxosulphate (VI)?,0.5,1.0,1.5,3.0 (F = 96 500 C mol-1).,,,
JAMB,Chemistry,1995,2Cl-(aq) ’!CI2(g) = 2e- (aq). The above half-cell reaction occurring at the anode during the electrolysis of dilute ZnCI2 solution is,ionization,oxidation,reduction.,recombination.,,,
JAMB,Chemistry,1995,Which of the following is a redox reaction?,KCI(ag) + H2SO4(aq) KHSO4(aq) + HCI(aq),2FeBr2(ag) + Br2( !2FeBr3(aq),AgNO3(ag) + FeCI3 !3AgCl(aq) + CO Fe(NO3)3(aq),H2CO3(aq) H2O(l) + CO2(g).,,,
JAMB,Chemistry,1995,Cr2O7 2- (aq) + 14H+ (ag) + 6I- (aq) ’! 2Cr3+ (ag) + 3I2(g) + 7H2O(1)+. The change in the oxidation number of oxygen in the equation above is,O.,1,2,7.,,,
JAMB,Chemistry,1995,"If an equilibrium reaction has “H < O, the reaction will proceed favourably in the forward reaction at",low temperature,high temperatures,all temperatures,all pressures.,,,
JAMB,Chemistry,1995,Which of the following processes lead to increase in entrophy?,mixing a sample of NaCl and sand,Condensation of water vapour.,Boiling a sampled of water,Cooling a saturated solution.,,,
JAMB,Chemistry,1995,Which of the following equibrai is shifted to the right as a result of an increase in pressure?,H2(g) + I2(g) 2H(g),2N2O2(g) N2O4(g),PCl5(g) PCl3(g) + Cl2(g),2O3(g) 3O2(g) .,,,
JAMB,Chemistry,1995,The arrangement above can be used for the collection of,sulphur (IV) oxide,ammonia,nitrogen,hydrogen chloride.,,,
JAMB,Chemistry,1995,The activation energy of the uncatalysed reaction is,x,x + y,x- y,y,,,
JAMB,Chemistry,1995,It can be deduced that the rate of the reaction,for path I is higher than path II,for path II is higher than path I,is the same for both paths at all temperatures,depends on the values of both x and y at all pressures.,,,
JAMB,Chemistry,1995,"In the industrial production of hydrogen from natural gas, carbon (IV) oxide produced along with the hydrogen is removed by",washing under pressure,passing the mixture into the lime water,using ammoniacal copper (I) chloride,drying over phosphorus (V) oxide.,,,
JAMB,Chemistry,1995,Sulpur exists in six forms in the solid state. This property is known as,isomerism,allotrophy,isotopy,isomorphism.,,,
JAMB,Chemistry,1995,A gas that will turn orange potassium heptaoxodichromate (VI) solution to clear green is,sulpur (VI) oxide,hydrogen sulphide,sulpur (IV) oxide,hydrogen Chloride.,,,
JAMB,Chemistry,1995,Which of the following ions will give a white precipitate with aqueous NaOH and soluble in excess of the base?,Ca2+,Mg2,Zn2+,Cu2+. 14 12 10 8 6 25VOL OF BASE,,,
JAMB,Chemistry,1997,"In the extraction of iron in the blast furnace, limestone is used to",release CO2 for the reaction,reduce the iron,Increase in the strenght of Iron,remove impurities.,,,
JAMB,Chemistry,1997,Which of the following compound will impart a brick- red colour to a non-luminous Busen flame?,are of low melting and boiling points,have weak metallic bonding,conduct electricity and heat,are very reactive.,,,
JAMB,Chemistry,1997,CH3COOH + CH3CH2OH Conc H 2 SO X + Y. X and Y in the reaction of above are respectively,an addition reaction,a substitution reaction,chlorination reaction,a condensation reaction.,,,
JAMB,Chemistry,1997,CH3 – CH –CH = CH –CH3 CH3. The IUPAC nomenclature for the compound above is,1.1-dimenthyilbut –ene,2-methlypnet 3 –ene,"4,4 –dimethy –1but –2 –ene",4 –methylpent –2 –ene .,,,
JAMB,Chemistry,1997,Which of the following pairs has compounds that are isomers?,propanal and propanone,ethanoic acid and ethylmethanoate,"ethanoic acid and thane –1 ,2 –diol","2 –methylbutnae and 2,2 –dimethylbutane",,,
JAMB,Chemistry,1997,Aromatic and aliphatic hydrocarbons can be distinguished from each other by the,action of bromine,use of polymerization reaction.,Action of heat,Use of oxidation reaction,,,
JAMB,Chemistry,1997,The role of sodium chloride in the preparation of soap is to,purify the soap,separate the soap from glycerol,accelerate the decomposition of the fat or oil,react with glycerol. O CH3CH2=CH2- C - H,,,
JAMB,Chemistry,1997,The functional group represented in the compound above is,alkanol,alkanal,alkanone,alkanoate,,,
JAMB,Chemistry,1997,"CxHy + 4O2 3CO2 + 2H2O. The hydrocarbon, Cx Hy in the reaction above is",propane,propene,propyne,propanone.,,,
JAMB,Chemistry,1997,An example of a secondary amine is,propylene,di-butylamine C . methylamine,,trimethylamine.,,,
JAMB,Chemistry,1997,The relatively high boiling points of alkanol are due to,ionic bonding,aromatic character,covalent bonding,hydrogen bonding. Chemistry 1997,,,
JAMB,Chemistry,1997,2.85 g of an oxide of copper gave 2.52g of copper on reduction and 1.90 g of another oxide gave 1.52 g of copper on reduction. The data above illustrates the law of,11%,31%,35%,69%,,,
JAMB,Chemistry,1997,"In the periodic table, what is the property that decrease along the period and increases down the group",Atomic number,Electron affinity.,Ionization potential,Atomic radius.,,,
JAMB,Chemistry,1997,"Two elements, P and Q with atomic numbers 11 and 8 respectively, combine chemically values of x and y are",1 and 1,1 and 2,2 and 1,3 and 1,,,
JAMB,Chemistry,1997,Oxygen is a mixture of two isotopes 16 8 O and 18 8 O with relative abundance of 90% and 10% respectively. The relative atomic mass of oxygen,16.0,16.2,17.0,18.0,,,
JAMB,Chemistry,1997,200cm3 of air was passed over heated copper in a syringe several times to produce copper (11) oxide. When cooled the final volume of air recorded was 158cm3. Estimate the percentage of oxygen in the air.,31%,27%,21%,19%,,,
JAMB,Chemistry,1997,Which of the following gases is the most dangerous pollutant,Hydrogen sulphide,Carbon (1V) oxide,Sulphur (1V) oxide,Carbon (11) oxide,,,
JAMB,Chemistry,1997,A major process involve in the softening of hard water is the,conversion of a soluble calcium salt to its trioxocarbonate (1V),decomposition of calcium trioxocarbonate (1V),conversion of an insoluble calcium salt to its trioxocrbonate (1V),oxidation of calcium atom to its ions.,,,
JAMB,Chemistry,1997,"On recrystallization, 20g of magnesium tetraoxosulphate (V1) forms 41 g of magnesium tetraoxosulphate (1V) crystals, MgSO4.yH2O. The value of y is",1.30x 10-5 mol 2 dm-6,1.30 x 10-7 mol2 dm-6,1.69 x 10-10 mol2 dm-6,2.60 x 10-12 mol2 dm –6,,,
JAMB,Chemistry,1997,"The hydroxyl ion concentration, (OH-), in a solution of sodium hydroxide of pH 10.0 is",10-10 mol dm-3,10-6 mol dm-3,10-4 mol dm-3,"10-2 mol dm-3 Use the graph below to answer question 3 and 4 A sample, X, solid at room temperature, was melted, heated to a temprature of 358 K and allowed to cool as shown in OPQR.",,,
JAMB,Chemistry,1997,The section PQ indicate that X is,Liquid state,Solid/liquid state,Solid state,Gaseous state.,,,
JAMB,Chemistry,1997,"An element, X, format a volatile hydride XH3 with a vapour density of 17.o. The relation mass of X is",34.0,31.0,20.0,14.0,,,
JAMB,Chemistry,1997,"A mixture of 0.20 mole of Ar, 0.20 mole of N2 and 0.30 mole of He exerts a total pressure of 2.1 atm. The partial pressure of He in the mixture is",0.90 atm,0.80 atm,0.70 atm,0.60 atm,,,
JAMB,Chemistry,1997,"If 30cm3 of oxygen diffuses through a porous plug in 7s, how long will it take 60 cm3 of chlorine to diffuse through the same plug",12 s,14 s,21 s,30 s,,,
JAMB,Chemistry,1997,The electron configuration of two elements with similar chemical properties are represented by,Is22s2 2p5 and Is22s22p4,Is22s2 2p4 and Is22s22p63s1 C Is22s22p63s1 and Is22sI,,Is22s2 2p4 and Is22sI,,,
JAMB,Chemistry,1997,The temperature of a body decreases when drops of liquid placed on it evaporates because,the atmospheric vapour pressure has a cooling effect on the body,a temperature gradient exists between the drops of liquid and the body,the heat of vapourization is drawn from the bodycausing it to cool,the random motion of the liquid molecules causes a cooling effect on the body.,,,
JAMB,Chemistry,1997,Which of the aqueous solution with the pH values below will liberate hydrogen when it reacts with magnesium metal?,13.0,7.0,6.5,3.0,,,
JAMB,Chemistry,1997,"Given that 15.00cm3 of H2SO4 was required to completely neutralize 25.00 cm3 of 0.125 mol dm-3 NaOH, calculate the molar concentration of the acid solution.",0.925 mol dm-3,0.156 mol dm-3,0.104 mol dm-3,0.023 mol dm –3,,,
JAMB,Chemistry,1997,"When platinum electrodes are used during the electrolysis of copper (11) tetraoxosulphate (1V) solution, the solution gets progressively",acidic,basic,neutral,amphoteric,,,
JAMB,Chemistry,1997,"How many faradays of electricity are required to deposit 0.20 mole of nickel, if 0.10 faraday of electricity deposited 2.98 g of nickel during electrolysis of its aqueous solution?",0.20,0.30,0.40,"0.50 ( Ni =058.7, IF=96 500C mol-1)",,,
JAMB,Chemistry,1997,What is the oxidation unmber of Z in K3 ZCI6 ?,-3,+3,–6,+6,,,
JAMB,Chemistry,1997,"2H2S(g) + SO2(g) +H2O(1) 3S (s) +3H2O(1)…. (I) 3CuO(s) + 2NH3 (g) 3Cu(s)+3H2)(1)+N2(g)… (ii) In the equation above, the oxidizing agent in (I) and the reducing agent in (ii) respectively are A H2S and NH3 B SO2 and CuO",,,SO2 and NH3,H2S and CuO,,,
JAMB,Chemistry,1997,"2SO 2(g)+O2(g) 2 SO3(g) In the reaction above, the standard heats of formation of SO2(g) and SO3(g) are –297 kJ mol-1 and –396 kJ mol-1 respectively. The heat change of the reaction is",-99 kJ mol-1,–198 kJ mol-1,+198 kJ mol-1,+683 kJ mol-1,,,
JAMB,Chemistry,1997,"½ N2(g) +1/2 O2(g); H- = 89 kJ mol-1 If the entropy change for the reaction above at 25oC is 11.8 J, calculate the change in free energy, G , for the reaction at 250C",88.71 KJ,85.48 kJ,–204.00 kJ,–3427.40 kJ,,,
JAMB,Chemistry,1997,"If the rate law obtained for a given reaction is rate=k(X)n(Y)m, what is the overall order of the reaction?",nm,n m,n+m,n-m,,,
JAMB,Chemistry,1997,One method of driving the positon of equilibrium of an endothermic reaction forward is to,increase temperature at constant pressure,decrease pressure at constant temperature,cool down the apparatus with water,decrease temperature at constant pressure.,,,
JAMB,Chemistry,1997,Oxidation of concentrated hydrochloric acid with manganese(1V) oxide liberates a gas used in the,manufacture of tooth pastes,treatment of simple goiter,valcanization of rubber,sterilization of water.,,,
JAMB,Chemistry,1997,"mE + nF pG + qH In the equation above, the equlibrium constant is given by",(E)m(F)n (G)p(H)q,(E)(F) (G) (H),(G)p(H)q (E)m(F)n,(G)(H) (E) (F),,,
JAMB,Chemistry,1997,A compound that will NOT produce oxygen on heating is,potassium dioxonitrate (111),lead (1V) oxide,potassium trioxochlorate (V),potassium trioxochlorate (V),,,
JAMB,Chemistry,1997,"Coal gas is made up to carbon (11) oxide, hydrogen and",nitrogen,air,argon,methane,,,
JAMB,Chemistry,1997,"In the diagram above, the gas Y could be",hydrogen chloride,oxygen,carbon (1V) oxide,chlorine.,,,
JAMB,Chemistry,1997,The reaction that occurs during the laboratory test for the presence of tetraoxosulphate (V1),SO2- 4(aq) + Ba2+ (aq) dilHNO3 BaSO4,Cu(s) +4H+ (aq) + 2SO2- 4(aq) CuSO4(s) + 2H2O(1) +SO2(g),4H+ (aq)+ 2SO2-4(aq) +2e- SO2- 4(aq) +2H2O(1) + SO2(g),CuO(s) + 2H+ (aq) + SO2- 4(aq) CuSO4(aq)+H2O(1),,,
JAMB,Chemistry,1997,The removal of rust from iron by treatment with tetraoxosulphate (V1) acid is based on the,hydrolysis of the iron,reaction of acid with base,oxidation of the rust,dehydration of the iron.,,,
JAMB,Chemistry,1997,Which of the following additives could improve the quality of steel?,Silicon,Sulphur and phosphorus,Carbon.,Chromium and nickel.,,,
JAMB,Chemistry,1997,Sodium hydroxide is prepared commercially from sodium chloride solution by.,CH3,CH2,CH4,"C2H5 (C= 12, O=16, H= 1)",,,
JAMB,Chemistry,1997,An undesirable paraffin in the petroleum industry which is particularly prone to knocking is,iso-octane,n-heptane,iso-heptane,n-octane CH3,,,
JAMB,Chemistry,1997,CH3 CH CH CH2 CH CH3 CH2 CH3 CH3 The IUPAC nomenclature of the organic compund with the above structural formular is,"3-ethyl-2, 5-dimethylhexane","4-ethyl-2, 5-dimethylexane","3-ethyl-1, 1, 4-trimethypentane","3-ethyl-2,5,5-trimethypentane",,,
JAMB,Chemistry,1997,The reaction of an alkanol with an alkanoic acid in the presence of concentrated H2SO4 will produce an,Alkanal,Alkanonate,Alkanone,Alkayne.,,,
JAMB,Chemistry,1997,The final product of the reaction of ethyne with hydrogen iodide is,CH3 CHI2,CH2I CH21,CH3 CI3 D CH2 =CHI CH3,,,,
JAMB,Chemistry,1997,CH3CH2 C CH3 CH3 How many more isomers of the compound above can be obtained?,5,4,3,2,,,
JAMB,Chemistry,1997,Synthesis detergents are preferred to soap for laundry using hard water because,detergent are water soluble while soap not,the calcium salts of detergent are water soluble,the magnesium salt of soap is soluble in hard water,soap does not have a hydrocarbon terminal chain.,,,
JAMB,Chemistry,1997,The synthetic rubber obtained by the polymerization of chlorobutadiene in the presence of sodium is called,Teflon,Isoprene,Polythene,Neoprene,,,
JAMB,Chemistry,1997,25cm3 of 0.02 M KOH neutralized 0.03 g of a monobasic organic acid having the general formula CnH2n+1COOH. The molecular formula of the acid is,HCOOH,CH3 CH2 CH2 CH2 C H,CH3COOH,"C3H7COOH (C= 12, H=1, 0=16) 48 When Fehling’s solution is added to two isomeric carbonyl compounds X and Y with the molecular formula C5H10O, compound X gives a red precipitate while Y does not react. It can be inferred that X is O A .CH3 C CH2 CH2 CH3",,,
JAMB,Chemistry,1998,The compound above contains,sp3 hybridized carbon atoms only,sp3 hybridized carbon atoms only,sp3 and sp hybridized carbon atoms,sp3 and sp2 hybridized carbon atoms. H H H O,,,
JAMB,Chemistry,1998,H C C C C H H H H CH3 The compound above is the product of the oxidation of,2 – methylbutan – 2 - o1,2 – methylbutan –1 - o1,"2,3 – dimenthylpropan – 1 – o1",Pentan –2 – o1,,,
JAMB,Chemistry,1998,The addition of water to calcium oxide leads to,a physical change,a chemical change,the formation of mixture,an endothermic change.,,,
JAMB,Chemistry,1998,A mixture of iron and sulphur can be separated by dissolving the mixture in,steam,dilute hydrochloric acid,dilute sodium hydroxide,benzene,,,
JAMB,Chemistry,1998,8.0 g of an element X reacted with an excess of copper (11) tetraoxosulphate (1V) solution to deposit 21.3 g of copper. The correct equation for the reaction is,X(s) +CuSO4(aq) Cu(s) + XSO4(aq),X(s) +2CuSO4(aq) 2 Cu(s) + X(SO4)(aq),2X(s) +2CuSO4(aq) Cu(s) + X2(SO4) (aq),2X(s) +3CuSO4(aq) 3Cu(s) + X2(SO)3(aq),,,
JAMB,Chemistry,1998,C3H8(g) + 5O2(g) 4H2O(g) +3CO2(G) From the equation abovem the volume of oxygen at s.t.p. required to burn 50cm3 of propane is,250cm3,150cm3,100cm3,50cm3,,,
JAMB,Chemistry,1998,30cm3 of hydrogen was collected over water at 27oC and 780 mm Hg. If the vapour pressure of water at the temperature of the experiement was 10mm Hgm calcuale the volume of the gas at 760mm Hg and 70C.,0.089 mol,1.90 mol,3.80 mol,5.70 mol [Molar volume of gas at s.t.p.= 22.4 dm3 ],,,
JAMB,Chemistry,1998,"If sulphur oxide and methane are released simultaneously at the opposite ends of narrow tube, the rates of diffusion Rso2 and RCH4 will be in the ratio",4:1,2:1,1:2,"1:4 [S=32, O= 16, C=12, H=1]",,,
JAMB,Chemistry,1998,A solid begins to melt when,constituent particles acquire a greater kinetic energy,energy of vibration of particles of the solid is less than the intermolecular forces,Constituent particles acquire energy of the above the average kinetic energy,energy of vibration of particles of the solid equals the intermolecular forces.,,,
JAMB,Chemistry,1998,Which of the following electron configurations indicates an atom with the highest ionization energy?,"2, 8, 7","2, 8, 8, 1","2, 8, 8, 2","2, 8, 8, 7",,,
JAMB,Chemistry,1998,The lines observe in the simple hydrogen spectrum are due to emission of,x y X + 1 o n Y – 1 X Z+1,Y Z X + 1o n Y + 1 Z X,,,,,
JAMB,Chemistry,1998,The property used in obtaining oxygen and nitrogen industrially from air is the,boiling point,density,rate of diffusion,solubility,,,
JAMB,Chemistry,1998,Excess phosphorus was burnt in gas jar and the residual gas passed successively over concentrated KOH solution and concentrated H2SO4 before being collected in a flask. The gases collected are,carbon (1V) oxide nitrogen and the rare gases,nitrogen (1V) oxide and the rare gases,nitrogen and the rare gases,carbon (1V) oxide nitrogen (1V) oxide and the rare gases.,,,
JAMB,Chemistry,1998,Potassium tetraoxomanganate (v11) is often added to impure water to,reduce organic impurities,reduce inorganic impurities,destroy bacteria and algae,remove permanent hardness.,,,
JAMB,Chemistry,1998,The soil around a battery manufacturing factory is likely to contain a high concentration of,Ca2+ salts,Pb2+ salts,Mg2+ salts,AI3+ salts.,,,
JAMB,Chemistry,1998,"90.0 g of MgCI2 was placed in 50.0cm3 of water to give a saturated solution at 298 K. If the solubility of the salt is 8.0-mol dm-3 at the same temperature, what is the mass of the salt felt undissolve at the given temperature?",52.0 g,58.5 g,85.5 g,"88.5 g [Mg = 24, CI=35.5]",,,
JAMB,Chemistry,1998,Soap leather is an example of a colloid in which a,Liquid is dispersed in gas,Solid is dispersed in liquid,Gas is dispersed in liquid,Liquid is dispersed in liquid.,,,
JAMB,Chemistry,1998,The pH of a solution obtained by mixing 100cm3 of a 0.1 M HCI solution with 100cm3 of a 0.2 M solution of NaOH is,1.3,7.0,9.7,12.7,,,
JAMB,Chemistry,1998,"In the conductance of aqueous potassium tetraoxosulphate (1V) solution, the current carriers are the",ions,electrons,hydrated ions,hydrated electrons,,,
JAMB,Chemistry,1998,What volume of 0.1 mol dm-3 solution of tetraoxosulphate (1V) acid would be needed to dissolve 2.86 g of sodium trioxocarbonate (1V) decahydrate crystals?,20 cm3,40 cm3,80 cm3,"100 cm3 [H=1, C=12, 0= 16, S= 32, Na =23]",,,
JAMB,Chemistry,1998,"1.2 of electricity are passed through electrolytic cells containing Na+, Cu2+ and AI3+ in series. How many moles of each metal would be formed at the cathode of each cell?","0.6 mole of Na, 1.2 moles of Cu and 1.2 moles of AI","1.2 moles of Na, 0.6 mole of Cu and 0.4 mole of AI","1.3 mmoles of Na, 2.4 moles of Cu and 2.4 moles of AI","1.2 moles of Na, 2.4 moles of Cu and 3.6 moles of AI",,,
JAMB,Chemistry,1998,What mass of gold is deposited during the electrolysis of gold (111) tetraoxosulphate (V1)when a current of 15 A is passed for 193 seconds?,1.97 g,3.94 g,5.91 g,"19.70g [Au = 97, F=96 5000C mol-1]",,,
JAMB,Chemistry,1998,Fe(s) + Cu 2+ (aq) Fe2+ (aq) +Cu(s) From the reaction above it can be inferred that,Fe is the oxidizing agent,Fe is reduced,Cu2+ loses electrons,Cu2+ is the oxidizing agent. Z y X + 1 o n Y Z+1 X Z+1 Y Z X + 1o n Y + 1 Z-1 X,,,
JAMB,Chemistry,1998,2FeCI2(s) + CI2(g) 2FeCI3(s) The reducing agent in the reaction above is,FeCI2,CI2,FeCI3,Fe,,,
JAMB,Chemistry,1998,The reaction that is accompanied by a decrease in entropy when carried out constant temperature is,N2O4(g) NO2,N2 + 3H2 2NH3,CaCO3 CaO + CO2,2N2H4 3N2 + 4H2O,,,
JAMB,Chemistry,1998,32g of anhydrous copper 11 tetraoxosulphate (1V) dissolved in 1 dm3 of water generated 13.0kJ of heat. The heat of solution is,26.0 kJ mol-1,65.0kJ mol-1,130.0kJ mol-1,260.0 kJ mol-1,,,
JAMB,Chemistry,1998,Mg2+ (ag) + 2e- (aq) Eo (volts) = -2.370 Zn2+ (ag) + 2e- (aq) Zn(s) Eo (volts) = -0.763 Cd2+ (ag) + 2e- (aq) Cd(s) Eo (volts) = -0.403 Cu2+ (ag) + 2e- (aq) Cu(s) Eo (volts) = +0.403 In the electrochemical series above the strongest reducing agent is,Cu(s),Cd(s),Zn(s),Mg(s),,,
JAMB,Chemistry,1998,"In the diagram above, the activation energy for the backward reaction is",+5 kJ,+15 kJ,+25kJ,+30kJ,,,
JAMB,Chemistry,1998,2X(g) + Y(g) Z(g) In the equation above the rate of formation of Z is found to be independent of the concentration of Y and to quadruple when rate equation for the reaction is,R = k [X][Y],R= k [X]2 [Y],R = k [X]2 [Y]2,R = k [X]2 [Y]0,,,
JAMB,Chemistry,1998,2CI2(g) + 2H2O(g) 4HCI(g) +O2(g) Ho = +115kJ mol-1 In the above equilibrium reaction a decrease in temperature will.,favour the reverse reaction,favour the forward reaction,have no effect on the equilibrium state,double the rate of the reverse reaction,,,
JAMB,Chemistry,1998,3CuO(s) +2NH3(g) 3Cu(s) + 3H2O(1) + N2(g) (i) 2NH3(s) + 3CI2(g) 6HCI(s) + N(1) + H2O (ii) 4NH3(s) + 3CI2(g) 6H2O(I) + 2N2(g) + HCl The reactions represented by the equations above demonstrate the,basic properties of ammonia,acidic properties of ammonia,reducing properties of ammonia,oxidizing properties of ammonia.,,,
JAMB,Chemistry,1998,A gas that trun a filter paper previously soaked in lead ethanoate solution black is,hydrogen chloride,hydrogen sulphide,sulphur (1V) oxide,sulphur (VI) oxide.,,,
JAMB,Chemistry,1998,A solution containing chloride gives a white precipitate with silver trioxonirate (V) solution. The precipitate will be insoluble in dilute,HNO3 but soluble in ammonia solution,HNO3 and in ammonia solution,HCI but soluble in ammonia solution,HCI and in ammonia solution.,,,
JAMB,Chemistry,1998,"In the experiment above, X could be a solution of","Sodium, trioxonirate (V) and ammonium chloride",Sodium trioxonirate (111) and ammonium chloride,lead (11) trioxonirate (V) and copper turnings,"potassium, trioxonirate (V) and copper turnings.",,,
JAMB,Chemistry,1998,The oxide that remains unchanged when heated in hydrogen is,CuO,Fe2O3,PbO2,ZnO,,,
JAMB,Chemistry,1998,Which of the following is observed when a solution of Iron (111) chloride is mixed with a solution of sodium hydroxide?,calcium,aluminium,iron,zinc,,,
JAMB,Chemistry,1998,A common characteristic shared by iron and aluminum is that both,are extracted by reduction methods,form only basic oxides,show oxidation states of +2 and +3,form soluble hydroxides.,,,
JAMB,Chemistry,1999,Alloys are often used in preference to pure metals bacause,metals are too hard,metals are ductile,metallic properties are improved in alloys,alloys are a mixture of metals. OH,,,
JAMB,Chemistry,1999,CH3 CH2 CHCH(CH3)2 The IUPAC nomenclature for the above compound is,4-methylpentan –3-ol,2-methylpentan –3-0l,3- methylpentan –3 –0l,"1,1-dimenthylbutan-2-0l",,,
JAMB,Chemistry,1999,Dehydration of CH3 CH2 CH2 CH2 OH gives,CH2 - CH - CH - CH2 - CH3,CH3CH- CH - CH2 - CH3,H - C - C - CH2 - CH3,CH3 C - C -CH3,,,
JAMB,Chemistry,1999,nCH2 =CH2 O2 (initiator) ( CH2 CH2 CH2 The above equation represents the manufacture of,rubber,polythene,polystyrene,butane,,,
JAMB,Chemistry,1999,"One mole of a hydrocarbon contains 6 g of hydrogen. If the molecular weight is 54, the hydrocarbon is an.",alkanone,alkane,alkene,alkyne,,,
JAMB,Chemistry,1999,The products obtained when a pure hydrocarbon is burn in excess oxygen are,carbon and hydrogen,carbon and water,carbon (11) oxide and hydrogen,carbon (1V) oxide and water.,,,
JAMB,Chemistry,1999,How many structural isomers can be drawn for the non- cyclic alkanol with molecular formula C4H10O,1,2,3,4,,,
JAMB,Chemistry,1999,"On cracking medicinal paraffin, a gas is evolved which gives a pop sound with a lighted splinter and a oily liquid which decolourizes bromine solution is also obtained. The products of the cracking are",carbon (1V) oxide and alkyne,carbon (11) oxide and alkane,hydrogen gas and alkane,hydrogen gas and alkane,,,
JAMB,Chemistry,1999,An example of aromatic compound is,CH6H13OH,C6H13CI,C6H5OH,C6H14,,,
JAMB,Chemistry,1999,"Terylene is synthesized from ethane –1, 2- diol and benzene –1, 4- dicarboxylic acid by",addition reaction,consensation reaction,elimination reaction,substitution reaction.,,,
JAMB,Chemistry,1999,Which of the following is true concerning the properties of benezene and hexane?,Both undergo subtitution reaction.,Both undergo addtion reaction,Both are solids,Both can decolourize bromine water. Chemistry 1999,,,
JAMB,Chemistry,1999,"200 cm3 each of 0.1 M solution of lead (11) trioxonirate (V) and hydro chlorioc acid were mixed. Assuming that lead (11) chloride is completely insoluble, calculate the mass of lead (11) chloride that will be precipate.",2.78 g,5.56 g,8.34 g,"11.12 g [Pb = 207, CI = 35.5, N = 14, O = 16]",,,
JAMB,Chemistry,1999,"56.00cm3 of a gas at s.t.p weighed 0.11 g, What is the vapour density of the gas?",11.00,22.00,33.00,44.00 [Molar volume of a gas at s.t.p = 22.4 dm3],,,
JAMB,Chemistry,1999,Which of the following gases will diffuse fastest when passed through a porous plug?,Propane,Oxygen,Methane,"Ammonia [H = 1, C = 12, N= 14, O = 16]",,,
JAMB,Chemistry,1999,Which of the following will have its mass increased when heated in air?,Helium,Magnesium,Copper pyrites,Glass,,,
JAMB,Chemistry,1999,"In the diagram above, the mixture of the two solid P and Q can be separated by",distillation,fractional distillation,crystallization,fractional crystallization.,,,
JAMB,Chemistry,1999,"Mg(s) + 2HCl (aq) MgCl2(aq) + H2(g). From the equation above, the mass of magnesium required to react with 250cm3 of .5 M HCl is",0.3 g,1.5 g,2.4 g,"3.0 g [ M = 27, Cl = 35.5]",,,
JAMB,Chemistry,1999,A gaseous metallic chloride MClx consist od 20.22% of M by mass. The formula of the chloride is,MCl,MCl2,MCl3,"M2Cl6 [M = 27, Cl = 35.5]",,,
JAMB,Chemistry,1999,In which of the following are water molecules in the most disorderly arrangement?,Ice at –10oC,Ice at OoC,Water at 100oC,Steam at 100oC,,,
JAMB,Chemistry,1999,"In order to remove one electron from 3s-orbital of gaseous sodium atom, about 496 kJ mol-1 of energy is required. This energy is referred to as",electron affinity,ionization energy,activation energy,electronegativity,,,
JAMB,Chemistry,1999,Nitrogen obtained from the liquefaction of air has a higher density than that obtained from nitrogen containing compounds because the former contains A Water vapour,,Oxygen,Carbon (1V) oxide,Rare gases Use the table below to answer question 13 and 14.,,,
JAMB,Chemistry,1999,The method that can be used to convert hard water to soft water is,Chlorination B Passage over activated charcoal,,the use of an ion exchange resin,aeration Use the table below to answer question 13 and 14,,,
JAMB,Chemistry,1999,The element that is likely to participate in covalent rather than ionic bonding is,Z,Y,X,W,,,
JAMB,Chemistry,1999,The least reactive elements is,W,X,Y,Z,,,
JAMB,Chemistry,1999,ls22s22p63s23p63d74s2. An element with the electron configuration above is a,non-metal,metal,transition element,group two element,,,
JAMB,Chemistry,1999,"Given that electronegativity increases across a period and decreases down a group in the periodic table, in which of the following compounds will the molecules be held together by the strongest hydrogen bond?",HF(g),NH(g),CH4(g),HCl(g),,,
JAMB,Chemistry,1999,"0.25 mole of hydrogen chloride was dissolved in distilled water and the volume made up to 0.50dm3. If 15.00cm3 of the solution requires 12.50 cm3 of aqueous sodium trioxocarbonate (1V0 for neutralization, calculate the concentration of the alkaline solution.",0.30 mol dm-3,0.40 mol dm-3,0.50 mol dm-3,0.60 mol dm-3,,,
JAMB,Chemistry,1999,"The correct order of increasing oxidation number of the transition metal ions for the compounds K2Cr2O7, V2O5 and KmnO4 is","V2O5 < K2Cr2O7, < KMnO4","K2Cr2O7, < KMnO4 < V2O5","KMnO4 < K2Cr2O7, <V2O5","KMnO4 < <V2O5 < K2Cr2O7,",,,
JAMB,Chemistry,1999,The set of pollutants that is most likely to be produced when petrol is accidentally spilled on plastic materials and ignited is,"CO, CO2 and SO2","CO, HCl and SO2","CO, CO2 and HCl","SO2, CO2 and HCl",,,
JAMB,Chemistry,1999,"What is observed when aqueous solution of each of tetraoxosulphate(V1) acid, potassium trioxides (V) and potassium iodine are mixed together?",white precipitate is formed,a green precipitate is formed,The mixture remains colourless,The mixture turns reddish-brown.,,,
JAMB,Chemistry,1999,The solution with the lowest pH value is,5 ml of m/n HCl,10 ml of m/n HCl,15 ml of m/n HCl,20 ml of m/n HCl,,,
JAMB,Chemistry,1999,"The solubility product of Cu(lO3)2 is 1.08 x 10-7. Assuming that neither ions react appreciably with water to form H+ and OH-, what is the solubility of this salt?",2.7 x 10-8 mol dm-3,9.0 x 10-8 mol dm-3,3.0 x 10-8 mol dm-3,9.0 x 10-8 mol dm-3,,,
JAMB,Chemistry,1999,The entropy and enthalpy of a system are a measure of,degree of disorderliness and heat content respectively,heat content and degree of disorderliness respectively,heat content of a system only,degree of disorderliness only.,,,
JAMB,Chemistry,1999,"2SO2(g) + O2(g) 2NO2(g). In the chemical reaction above, the substance that will increase the rate of production of sulphur (V1) oxide is",manganese (1V)oxide,finely divided ion,vanadium (V0 oxide,nickel,,,
JAMB,Chemistry,1999,N2O4(g) 2NO2g). Increases in total pressure of the equilibrium reaction above will,Have no effect on the concentrations of N2O4(g) and N2O4(g),Produce more odf N2O4g) in th mixture,,,,,
JAMB,Chemistry,1999,What quantity of electricity will liberate 0.125 mole of oxygen molecules during the electrolysis of dilute sodium chloride solution?,24 125 coulombs,48 250 coulombs,72 375 coulombs,96 500 coulombs [F = 96 500C mol-1],,,
JAMB,Chemistry,1999,X +Y Z. The rate equation for the chemical reaction above is – [X]=[X]2[Y] t The overall order of the reaction is,0,1,2,3,,,
JAMB,Chemistry,1999,"When a current 1 was passed through an electrolyte solution for 40 minutes, a mass Xg of a univalent metal was deposited at the cathode. What mass of the metal will be deposited when a current 21 is passed through the solution for 10 minutes?",x/4 g,x/2 g,2X g,4X g,,,
JAMB,Chemistry,1999,"RS(aq) + HF (aq) RF(s) + HS(aq) H =-65.7 kJ mol1. From the equation above, it can be deduced that.",the heat content of the reactants is lower than that of the reactants ucts,the heat content of the reactants is higher than that of the products,the reaction is slow,a large amount of heat is absorbed.,,,
JAMB,Chemistry,1999,Which of the following statements is true of the electrochemical series?,Electropositivity of metals increase down the series,Electropositivity of non-metals decrease down the series,Electronegativity of non-metals increase down the series,Electropositivity of metal decreases down the series,,,
JAMB,Chemistry,1999,The gas that will form a white precipitate with acidified silver trioxonirate (V) is,NH3,SO2,CO2,HCl,,,
JAMB,Chemistry,1999,Chlorine bromine and iodine resemble one another in that they,dissolve in alkalis,react violently with hydrogen without heating,are liquids,displace one another from solutions of their salts.,,,
JAMB,Chemistry,1999,The salt that reacts with dilute hydrochloric which decolourizes acidified purple smelling gas which decolourizes acidified purple potassium tetraoxomanganate(V11) solution is,Na2SO4,Na2SO3,Na2S,Na2CO3,,,
JAMB,Chemistry,1999,A pair of compounds that can be used to generate a gas which physiological effect on human beings is,sodium trioxonirate(V) and calcium chloride,sodium dioxonitrate (111) and ammonium chloride,sodium trioxonirate(V) an ammonium chloride,sodium dioxonitrate (11l) and potassium chloride.,,,
JAMB,Chemistry,1999,Hydrogen is used in oxy-hydrogen flames for melting metals because it,evolves a lot of heat when burnt,combines explosively with oxygen,is a very light gas,is a rocket fuel.,,,
JAMB,Chemistry,1999,In the diagram above Y is mixture of,Calcium hydroxide and ammonium chloride,Calcium hydroxide and sodium chloride(V),Sodium chloride and ammonium trioxonirate(V),Sodium dioxonitrate(lll) and ammonium chloride.,,,
JAMB,Chemistry,1999,What properties of duralumin make it more useful than its constituent metals?,it is heavy with a high melting point,it is malleable and has high density,it is strong and light,it is hard and ductile,,,
JAMB,Chemistry,1999,The pair of metals in the reactivity series that are usually extracted by the electrolysis of their ores is,Magnesium and zinc,Magnesium and calcium,Copper and zinc,Lead and calcium,,,
JAMB,Chemistry,1999,A metal that can be extracted from cassiterite is,calcium,magnesium,tin,copper,,,
JAMB,Chemistry,1999,Which of the following metals is passive to concentrated trioxonirate(V) acid?,iron,tin,copper,zinc,,,
JAMB,Chemistry,1999,The hydrocarbon the burns in air with a sooty flame is,C6H6,C3H6,C4H10,C6H6,,,
JAMB,Chemistry,1999,2-methylprop-1-ene is an isomer of,but-2-ene,pent-l-ene,2-methylbut-ene,2-methylbut-l-ene,,,
JAMB,Chemistry,1999,Which of the following is a solvent for perfumes? A C5H12,,C4H6,CH3COOH,C2H5OH,,,
JAMB,Chemistry,1999,When excess ethanol is heated to 145oC in the presence of concentrated H2SO4 the product is,ethyne,diethyl sulphate,diethyl ether,acetone,,,
JAMB,Chemistry,1999,How many grammes of bromine will saturate 5.2 g of but-l-ene-3-yne?,64.0 g,48.0 g,32.0 g,"16.0 g [C = 12, H= 1, Br = 80]",,,
JAMB,Chemistry,1999,Polyvinyl chloride is used to produced,bread,pencils,ink,pipes,,,
JAMB,Chemistry,1999,An organic compound that does not undergo a reaction with both hydrogen cyanide and hydroxylamine can be an,alkenes,alkanal,alkanone,Alkanoic acid,,,
JAMB,Chemistry,1999,"When two end alkyl groups of ethyl ethanoate are interchanged, the compound formed is known as",methylethanoate,ethyl propionate,methylpronoste,propel ethanoate.,,,
JAMB,Chemistry,1999,Which of the compounds above would react to take up two molecules of bromine during bromination?,1 only,111 only,1 and 11 only,11 and 111 only,,,
JAMB,Chemistry,2000,A mixture of iodine and sulphur crystals can be separated by treatment with,water of filter off sulphur,carbon (1V) sulphide to filter off iodine,ethanoic acid to filter off sulphur,methanol to filter off iodine,,,
JAMB,Chemistry,2000,Sieving is a technique used to separate mixtures containing solid particles of,small sizes,large sizes,different sizes,the same size,,,
JAMB,Chemistry,2000,"Which of the compounds is composed of Al, Si, O and H?",Epson salt,Limestone,Clay,Urea,,,
JAMB,Chemistry,2000,"50cm3 of carbon (11) oxide was exploded with 150cm3 of air containing 20% oxygen by volume, which of the reactants was in excess?",Carbon (11) oxide,Carbon (1V) oxide,Oxygen,Nitrogen,,,
JAMB,Chemistry,2000,How many moles of HCl will be required to react with potassium heptaoxodichromate (V1) to produce 3 moles of chlorine?,14,12,11,10,,,
JAMB,Chemistry,2000,The ratio of the initial to the final pressure of a given mass of gas is 1:1:5. Calculate the final volume of the gas if the initial volume was 300cm3 at the same temperature.,120 cm3,200 cm3,450 cm3,750 cm3,,,
JAMB,Chemistry,2000,The partial pressure of oxygen in a sample of air is 452mm Hg and the total pressure is 780mmHg. What is the mole fraction of oxygen?,0.203,0.579,2.030,5.790,,,
JAMB,Chemistry,2000,The fundamental difference between the three states of matter is the,shape of their particles,number of particles in each state,shape of the container they occupy,degree of movement of their particles,,,
JAMB,Chemistry,2000,Which of the following the following statements is correct about the periodic table?,Element in the same period have the same number of valence electrons,The valence electrons of the elements in the same period increase progressively across the period,Elements in the same group have the number of electron shells,The non-metallic properties of the elements tent to decrease across each period,,,
JAMB,Chemistry,2000,The electron configuration of 22X2+ ion is,ls2 2s2 2p6 3s2 3p6 4s2 3d2,ls2 2s2 2p6 3s2 3p6 4s2 3d1,ls2 2s2 2p6 3s2 3p6,ls2 2s2 2p6 3s2 3p6 4p2,,,
JAMB,Chemistry,2000,Which of the following types of bonding does not involves the formation of new substance?,Metallic,Covalent,Co-ordinate,Electrovalent,,,
JAMB,Chemistry,2000,The knowledge of half-life can be used to,create an element,detect an element,split an element,irradiate an element,,,
JAMB,Chemistry,2000,"The shape of CO2,H2O and CH4 respectively are",bent linear and tetrahedral,bent tetrahedral and linear,linear bent and tetrahedral,"tetrahedral, linear and bent.",,,
JAMB,Chemistry,2000,The distance between the nuclei of chlorine atoms in a chlorine molecule is 0.914 nm. The atomic radius of chlorine atom is,0.097 nm,0.914 nm,2.388 nm,2.388 nm,,,
JAMB,Chemistry,2000,"The noble gas, argon, is used for",electric are welding,welding brass,underwater welding,steal welding,,,
JAMB,Chemistry,2000,A side effect of soft water is that,alkaline earth metals,alkali metals,transition metals,group V11 elements,,,
JAMB,Chemistry,2000,The air pollutant unknown in nature is,NO,CO,HCHO,DDT Chemistry 2000,,,
JAMB,Chemistry,2000,"10dm3 of distilled water used to wash 2.0 g of a precipitate of AgCl. If the solubility product of AgCl is 2.0 x10-10 moldm-6, what quantity of silver was lost in the process?",2.029 x10-3 mol dm-3,1.414 x 10-3 mol dm-3,2.029 x 10-5 mol dm-3,1.414 x 10-5 mol dm-3,,,
JAMB,Chemistry,2000,Hydration of ions in solution is associated with,absorption of heat,reduction of heat,conduction of heat,liberation of heat,,,
JAMB,Chemistry,2000,"The diagram above is the solubility curve of solute, X. Find the amount of X deposited when 500cm3 of solution of X is cooled from 60oC to 20oC",0.745 mole,0.950 mole,2.375 moles,4.750 moles.,,,
JAMB,Chemistry,2000,"HCl(aq) + H2O(1) H3O+ (aq) + Cl- (aq) In the reaction above, Cl- (aq) is the",Conjugate acid,Acid,Conjugate base,Base.,,,
JAMB,Chemistry,2000,In which order are the following salts sensitive to light?,Agl ›AgCl ›AgBr,AgCl ›Agl ›AgBr,AgBr ›AgCl ›AgI,AgCl ›AgBr ›AgI,,,
JAMB,Chemistry,2000,Thee pOH of a solution of 0.25 mol dm-3 of hydrochloric acid is,12.40,13.40,14.40,14.60,,,
JAMB,Chemistry,2000,MnO4(aq) + 8H+ (aq) ’! Mn2+(aq)+4H2O(1) Y in the equation above represents,2e-,3e-,5e-,7e-,,,
JAMB,Chemistry,2000,"½Zn2+ (aq)+e- ½Zn(s) In the reaction above, calculate the quantity of electricity required to discharge zinc",0.965 x 104 C,4.820 x 104 C,9.650 x 104 C,48.200 x 104 C [F = 96 500 C mol-1],,,
JAMB,Chemistry,2000,"Given that M is the mass of substance deposited in an electrolysis and Q the quantity of electricity consumed, then Faraday’s law can be written as",+3 000 kJ mol-1,+300 kJ mol-1,-300 kJ mol-1,"-3 000 kJ mol-1 [C = 12, O = 16, H = 1] Specific heat capacity of water = 4.2 jg-1K-1",M = QZ 28 0.46g of ethanol when burned raised the temperature of 50 g water by 14.3 K. Calculate the heat of combustion of ethanol.,,
JAMB,Chemistry,2000,Powdered marble reacts with hydrochloric acid solution than the granular form because the powdered form has,more molecules,more atoms,large surface are,relatively large mass,,,
JAMB,Chemistry,2000,The graph that describes a zero order reaction is,Rate Conc.,Rate Conc.,Rate Conc.,Rate Conc.,,,
JAMB,Chemistry,2000,The least easily oxidized of the metals below is,Ca,Na,Zn,Al,,,
JAMB,Chemistry,2000,The repeating unit in natural rubber is,alkynes,isoprene,n-propane,neoprene,,,
JAMB,Chemistry,2000,Unsaturated organic compounds are identified by decolourization of.,silver bromide and potassium tetraoxomanganate(v11) solution,bromine water and acidified potassium tetraoxomanganate(V11) solution,silver bromine solution and bromine water,bromine water and alkaline potassium tetraoxomanganate (V11) solution.,,,
JAMB,Chemistry,2000,The conditions necessary for thee extraction of a water molecule form two molecules of ethanol are.,less acid and a lower temperature,excess acid and a lower temperature,excess acid and a higher temperature,less acid and a higher temperature.,,,
JAMB,Chemistry,2000,The chlorinated alkane often used industrially to remove grease is,tetrachloromethane,chloromethane,trichloromethane,dichloromethane.,,,
JAMB,Chemistry,2000,The reaction of carbide with water gives,ethyne,ethane,ethane,Ethanal O,,,
JAMB,Chemistry,2000,CH3-CH2-C--OCH2CH3 The compound above is an,ether,ester,alkanal,alkanol,,,
JAMB,Chemistry,2000,Alkanone are generally obtained by the oxidation of,primary alkanols,secondary alkanols,tertiary alkanols,alkanoic acid,,,
JAMB,Chemistry,2000,Sucrose is made up to,increase the quantity of N2,increase the yield of NO,decrease the yield of NO,decrease the quantity of O2,,,
JAMB,Chemistry,2000,"For a reaction in equilibrium, the species involved in the equilibrium constant expression are",gaseous and solid species,liquid and solid species,solid and dissolved species,gaseous and dissolved species,,,
JAMB,Chemistry,2000,A phenomenon where an element exists in different forms in the same physical state is known as,isomerism,amorphism,allotropy,isotropy,,,
JAMB,Chemistry,2000,The substance often used for vulcanization of rubber is,chlorine,hydrogen peroxide,sulphur,tetraoxosulphate (V1) acid,,,
JAMB,Chemistry,2000,A gas that is not associated with global warming is,CO2,SO3,CH4,H2,,,
JAMB,Chemistry,2000,The refreshing and characteristics taste of soda water and other soft drinks is as a result of the presence in them of,carbon(1V)oxide,carbon(11) oxide,soda,glucose,,,
JAMB,Chemistry,2000,A form of carbon used for absorbing poisonous gases and purification of noble gases is,wood charcoal’,animal charcoal,carbon fibres,carbon black.,,,
JAMB,Chemistry,2000,Synthesic gas is a mixture of,CH4 and H2O,CH4 and H2,CO2 and H2,CO and H2,,,
JAMB,Chemistry,2000,Potassium vapour burns with a,blue-flame,brick-red flame,violet flame,golden-yellow flame,,,
JAMB,Chemistry,2000,A common characteristics of copper and silver in their usage as coinage metals is that they,have high metallic lustre,are not easily oxidized,are easily oxidized,are not easily reduced,,,
JAMB,Chemistry,2000,Haematite is an ore of,Zinc,Lead,,,,,
JAMB,Chemistry,2001,"25cm3 of a gas X contains Z molecules at 15oC and 75 mm Hg. How many molecules will 25cm3 of another gas Y contain at the same temperature and pressure? A, 2Y,",,2Z.,"Y,",Z.,,,
JAMB,Chemistry,2001,What mass of water is produced when 8.0g of hydrogen reacts with excess oxygen?,"72.0g,","36.0g,","16.0g,",8.0g Use the graph below to answer questions 3 and 4,,,
JAMB,Chemistry,2001,The diagram above represents the formation of,"a metallic bond,","a covalent bond,",an electrovalent bond. D a coordinate covalent bond,,,,
JAMB,Chemistry,2001,An element X with relative atomic mass 16.2 contains two isotopes 16 8X with relative abundance of 90% and m 8X with relative abundance of 10%. The value of m is,"14,","12,","18,",16,,,
JAMB,Chemistry,2001,Cancerous growth are cured by exposure to,"x-rays,","betta-rays,","alpha-rays,",gamma-rays,,,
JAMB,Chemistry,2001,Which of the following statement is correct about the average kinetic energy of the molecules of a gas?,"it increases with increase in pressure,","it increases with increase in temperature,","It increases with increase in volume,",It increases at constant pressure.,,,
JAMB,Chemistry,2001,Millikan’s contribution to the development of atomic theory is the determination of,"positive rays,","cathode rays,","charge to mass ratio ,",charge on electron.,,,
JAMB,Chemistry,2001,"A particle that contains 9 protons, 10 neutrons and 10 electrons is",positive ion,neutral atom of a metal,neutral atom of a non-metal,negative ion.,,,
JAMB,Chemistry,2001,An oxide XO2 has a vapour density of 32. What is the atomic mass of X?,20,32,14,12,,,
JAMB,Chemistry,2001,The chemical used for coagulation in water purification is,copper tetraoxosulphate (VI),sodium tetraoxosulphate (VI),aluminium tetraoxosulphate (VI),calcium tetraoxosulphate (VI),,,
JAMB,Chemistry,2001,Environment pollution is worsened by the release from automobile exhausts of,heavy metals,water vapour,smoke,steam,,,
JAMB,Chemistry,2001,Phosphorus is stored under water to prevent it from,smelling,dehydrating,catching fire,becoming inert,,,
JAMB,Chemistry,2001,Pure solvents are obtained by,evaporation,extraction,condensation,distillation Chemistry 2001,,,
JAMB,Chemistry,2001,How long does it take all the solid to melt?,"6.0mins,","3.0mins,","2.5mins,",1.0min,,,
JAMB,Chemistry,2001,"If the gas is cooled, at what temperature will it start to condense?","175oC,","250oC,","125oC,",150oC,,,
JAMB,Chemistry,2001,"Four elements W,X,Y and Z have atomic numbers 2,6,16 and 20 respectively. Which of these elements is a meal?","X,","Z,","W,",Y,,,
JAMB,Chemistry,2001,At what temperature are the solubilities of L and K the same?,750C,1000C,900C,820C,,,
JAMB,Chemistry,2001,"If 1 dm3 of a saturated solution of L at 600C is cooled to 250C, what amount in mole will separate?",0.25,0.50,0.75,1.00,,,
JAMB,Chemistry,2001,Deliquescent substance are used for,drying,melting,wetting,cooling,,,
JAMB,Chemistry,2001,What is the decrease in volume of air when pyrogallol is shaken with 30.00cm3 of air?,0.63cm3,0.06cm3,15.00cm3,6.30cm3,,,
JAMB,Chemistry,2001,The pollution from petroleum spillage in rivers and takes can best be dispersed by,passing of ships through the area,pouring detergents,pouring organic solvents,evaporation,,,
JAMB,Chemistry,2001,"3Cu(s) + 8HNO3(aq) 3Cu(NO3)2(aq) + 4H20(i)+2NO(g) In the equation above, copper is",a base,an oxidizing agent,a reducing agent,an electron acceptor.,,,
JAMB,Chemistry,2001,NH3(g) + HCI(g) ’! NH4CI(s) The entropy change in the system above is,zero,indeterminate,positive,negative,,,
JAMB,Chemistry,2001,What current in amperes will deposit 2.7g of aluminum in 2 hours?,32,16,8,"4 {AI= 27, F 96 500C mol-1",,,
JAMB,Chemistry,2001,2SO2(g)+O2 (g) 2SO3(g) The equilibrium constant for the reaction above is increased by,increasing the pressure of the system,increasing the temperature of the system,increasing the surface area of the vessel,the addition of a catalyst to the system,,,
JAMB,Chemistry,2001,"As the concentration of an electrolyte reduces, the conductivity",decreases,increases,reduces to zero,is unaffected.,,,
JAMB,Chemistry,2001,C(s) + 2S(g) CS2 H =89kJmol-1 The chemical equation above implies that,89kJ of energy is absorbed,each of carbon and sulphur has 89 kJ of energy,both carbon and sulphur contribute 89kJ of energy,89 kJ of energy is released,,,
JAMB,Chemistry,2001,Which of the following best explains the increase in the rate of a chemical reaction as the temperature rises?,A lower proportion of the molecules has the necessary minimum energy to react,The bonds in the reacting molecules are more readily broken,The collision frequency of the molecules increases,The molecular collisions become more violent.,,,
JAMB,Chemistry,2001,In which of the following reaction have the oxidation number of nitrogen increased?,2NO(g) + Br2 (l) 2NOBr(1),FeSO4 (aq) + NO(g) Fe(NO)SO4(s),2NO(g) + CI2(g) 2NOCI(l),2NO(g) + O2(g) 2NO2(g),,,
JAMB,Chemistry,2001,P(g) + Q(g) 3R(s)+S(g) which of the following will increase the yield of R?,tribasic,unionizeable,dibasic,monobasic,,,
JAMB,Chemistry,2001,A metal M displaces zinc from zinc chloride solution. This shows that,M is more electronegative than zinc,Zinc is above hydrogen in the series,Electron flow from zinc to M,M is more electropositive that zinc,,,
JAMB,Chemistry,2001,In which of the following reactions does reduction take place?,2O2-——————O2 + 4e-,Fe2+ - e———————Fe3+,2H+-——————H2,Cr – 2e———————Cr2+,,,
JAMB,Chemistry,2001,"When H is negative, a reaction is said to be",Endothermic,Exothermic,Rerverisble,Ionic.,,,
JAMB,Chemistry,2002,Protein in acid solution undergo,Polymorphism,Hydrolysis,Fermentation,Substitution,,,
JAMB,Chemistry,2002,Fermentation is the,breaking down of carbohydrate to glucose,breaking down of sugar to carbohydrate,conversion of sugar to alcohol in the presence of yeast,conversion of alcohol to sugar in the presence of yeast.,,,
JAMB,Chemistry,2002,Catalytic hydrogenation of benzene produces,Cyclohexene,Oil,Margarine,Cyclohexane.,,,
JAMB,Chemistry,2002,A characteristics reaction of the compounds with the general formula Cn2n is,Substitution,Esterification,Decarboxylation,Polymerization,,,
JAMB,Chemistry,2002,"When chlorine is passed into water and the resulting solution exposed to sunlight, the products formed are",Chlorine gas and hydrogen,Hydrochloric acid and oxygen,Chlorine gas and oxochlorate (1) acid,Oxygen and oxochlorate (1) acid,,,
JAMB,Chemistry,2002,The pair of organic compounds that are isomers is,But – 1-ene and but – 2-ene,Ethanol and propanone,Trichlorometheane and tetrachloromethane,Benzene and methylbenzene,,,
JAMB,Chemistry,2002,"C12H22O(s) + H2SO4(aq)———12C(s) + 11H2O(l) + H2SO4(aq) In the reaction above, tetraoxosulphate (VI) acid function as",a reducing agent,a catalyst,a dehydrating agent,an oxidizing agent,,,
JAMB,Chemistry,2002,During the vulcanization of rubber sulphur is added to,lengthen the chain of rubber,break down rubber polymer,act as a catalyst,bind rubber molecules together,,,
JAMB,Chemistry,2002,"When sodium reacts with water, the resulting solution is",Alkaline,Acidic,Neutral,Weakly acidic.,,,
JAMB,Chemistry,2002,The general formula for the alkanals is,RCOOR1,R1CO,RCHO,ROH,,,
JAMB,Chemistry,2002,Which of the following metals burns with a brick red flame?,Ca,Na,Mg,Pb,,,
JAMB,Chemistry,2002,The gas that can best be collected by downward displacement of air is,Chlorine,Sulphur (IV) oxide,Carbon (IV) oxideD. Ammonia.,,,,
JAMB,Chemistry,2002,A trihydric alkanol is,Phenol,Glycol,Glycerol,Ethanol,,,
JAMB,Chemistry,2002,The main impurity in iron ore during the extraction of iron is,Calcium trioxosilicate,Silicon (IV) oxide,Sulphur (II) oxide,Carbon (IV) oxide.,,,
JAMB,Chemistry,2002,A burning candle produces water and,carbon (IV) oxide,carbon (IV) oxide,oxygen,hydrogen.,,,
JAMB,Chemistry,2002,The formula CH2O for ethanoic acid is regarded as its,empirical formula Chemistry 2002,molecular formula,structural formula,general formula,,,
JAMB,Chemistry,2002,Which of the following gases contains the least number of atoms at s.t.p?,7 moles of argon,4 moles of chlorine,3 moles of ozone,1 mole of butane,,,
JAMB,Chemistry,2002,The chromatographic separation of ink is based on the ability of the components to,dissolve in each other in the column,move at different speeds in the column,react with the solvent,react with each other.,,,
JAMB,Chemistry,2002,"A compound contain 31.91% potassium, 28.93% chlorine and the rest oxygen. What is the chemical formula of the compound?",KClO,KClO2,KClO3,KClO4,,,
JAMB,Chemistry,2002,The boiling of fat and aqueous caustic soda is referred to as.,acidification,hydrolysis,saponification,esterification.,,,
JAMB,Chemistry,2002,"Ordinary glass is manufactured from silica, CaCO3 and",NaHCO3,K2SO4,K2CO3,Na2CO3,,,
JAMB,Chemistry,2002,OH CH3- C-CH2-CH3 CH3 The major product of the dehydration of the compound above is A H CH3- C-CH2-CH3 CH3,,CH3- C= CH2-CH3 CH3,CH3 - CH-CH-CH23 CH3,CH3 CH2CH2CH3 CH2,,,
JAMB,Chemistry,2002,The number of isomers formed by C6H14 is,2,3,4,5,,,
JAMB,Chemistry,2002,Which of these pairs are synthetic and natural macromolecules respectively?,"Nylon and polyethylene, creatine and haemoglobin","Nylon and creative, polyethylene and haemoglobin","Polyethylene and creatine, nylon and haemoglobin","Haemoglobin and nylon, creatine and polyethylene",,,
JAMB,Chemistry,2002,An example of an element that can catenate is,nitrogen,chlorine,carbon,bromine,,,
JAMB,Chemistry,2002,Ethanol can easily be produced by,distillation of starch solution,catalyst oxidation of methane,70 oC - 74 oC,82 oC - 84 oC,,,
JAMB,Chemistry,2002,The gas that gives brown colouration in brown ring test is,CO,NO,CO2,NO2,,,
JAMB,Chemistry,2002,Which of the following gives a precipitate when treated with NaOH solution?,NH4Cl,Na2CO3,AlCl3,,CH3COONa,,
JAMB,Chemistry,2002,The reaction of an alkene with hydrogen in the presence of a catalyst is,a nucleophilic reaction,an addition reaction,a substitution reaction,an oxidative reaction,,,
JAMB,Chemistry,2002,A rock sample was added to cold dilute HNO3. The gas evolved was passed into a solution of acidified K2Cr2O7 and the solution turned green. The rock sample contains.,SO4 2-,SO3 2-,NO3-,Cl-,,,
JAMB,Chemistry,2002,The intermediate product formed when ethanol is progressively oxidized to ethanoic acid with potassium heptaoxodichromate (V1) is,methanal,propanal,ethanal,butanal,,,
JAMB,Chemistry,2002,CH3 CH3 CH2--C-H OH The compound above is a,CH3 - C =C -CH3,CH3 -CH2 -C a= CH3,CH2 =CH - CH2 CH3 D CH3CH2 CH2 CH3,"glycol 12, A red precipitate of copper (1) carbide is formed when ammonium solution copper (1) chloride is introduced into.",,,
JAMB,Chemistry,2002,The most important use of hydrogen is in the,manufacture of methyl alcohol,manufacture of ethyl alcohol,hydrogenation of oils,manufacture of ammonia,,,
JAMB,Chemistry,2002,Which of the following polymers is suitable for packaging and electrical insulation?,Polyethene,Polystyrene,Polyamide,Polycarbonate.,,,
JAMB,Chemistry,2002,Hydrogen is readily released when dilute hydrochloric acid reacts with,Ag,Au,Cu,Na,,,
JAMB,Chemistry,2002,Which of the following statement is true of a proton?,The mass of a proton is 1.0008 g,The mass of a proton is,The mass of proton is 1840 times the mass of an electron,The total mass of the proton in a particular nucleus is always half the nucleus is always half the nuclear mass.,,,
JAMB,Chemistry,2002,14 6 C X + B X in the equation above represents.,14 7 N,13 6C,12 6C,12 5B,,,
JAMB,Chemistry,2002,"A gas X diffuses twice as fast as gas Y under the same condition. If the relative molecular mass of X is 28, calculate the relative molecular mass of Y",14,56,112,120,,,
JAMB,Chemistry,2002,Which of the following chlorides would exhibit the least ionic character?,LiCl,MgCl2,CaCl2,AlCl3,,,
JAMB,Chemistry,2002,A fixed mass of gas has a volume of 92 cm3 at 3oC. What will be its volume at 18oC if the pressure remains constant?,552.0 cm3,97.0 cm3,87.3 cm3,15.3 cm3,,,
JAMB,Chemistry,2002,The processes which return carbon(1V) oxide to the atmosphere include,"Photosynthesis, respiration and transpiration","Respiration, decay and combustion","Photosynthesis, decay and respiration","Ozone depletion, combustion and decay.",,,
JAMB,Chemistry,2002,The postulate of Dalton’s atomic theory which still hold is that,all element are made of small indivisible particles,particles of different elements combine in a simple whole number ration,atoms can neither be created nor destroy ed,the particles of the same element are exactly alike,,,
JAMB,Chemistry,2002,"If 0.75 mole of cyclopropane and 0.66 mole of oxygen are mixed in a vessel with a total pressure of 0.7 atmosphere, what is the partial pressure of oxygen in the mixture?",0.22 atmosphere,0.33 atmosphere,0.44 atmosphere,0.55 atmosphere,,,
JAMB,Chemistry,2002,"When H2S is passed into a solution of iron (iii) chloride, the solution turns",brown,pale green,colourless,pale red.,,,
JAMB,Chemistry,2002,Which of the following equations shows that a reaction is in equilibrium?,G = H – T S,G < O,G = O,G > O,,,
JAMB,Chemistry,2002,Cu2S(s) + O2(g) 2Cu(s) + SO2(g) What is the change in the oxidation number of copper in the reaction above?,0 to +2,0 to +1,+1 to 0,+2 to +1,,,
JAMB,Chemistry,2002,"In the diagram above, the curve that represents the production of oxygen gas from the decomposition of KClO3 in the presence of MnO2 catalyst is",P,Q,R,S,,,
JAMB,Chemistry,2002,"In the reaction E + F G + H, the backward reaction is favoured if the concentration of",E is reduced,G is reduced,F is increases,E is increased,,,
JAMB,Chemistry,2002,The products of the electrolysis of dilute sodium hydroxide using platinum electrodes are,sodium metal and oxygen gas,hydrogen and oxygen gases,water and hydrogen gas,water and sodium metal,,,
JAMB,Chemistry,2002,"PCl5(g) PCl3(g) + Cl2(g) In the reaction above, a decrease in pressure will",increase the yield of PCl3,increase the yields of PCl5,accelerate the reaction,decelerate the reaction,,,
JAMB,Chemistry,2003,The Arrhenius equation expresses the relationship between the speed of a reaction and its,catalyst,activation energy,molecular collisions,heat of reaction,,,
JAMB,Chemistry,2003,What amount of mercury would be liberated if the same quantity of electricity that liberated 0.65 g of zinc is supplied?,8.04 g,4.02 g,2.01 g,"1.00 g [Zn = 65, Hg = 201]",,,
JAMB,Chemistry,2003,"When dissolved in water, NaOH flakes show",a rapid reaction,a slow reaction,an exothermic change,an endothermic change,,,
JAMB,Chemistry,2003,Steam changes the colour of anhydrous cobalt (11) chloride from,blue to white,white to green,blue to pink,white to red,,,
JAMB,Chemistry,2003,Which of the following solutions containing only hydroxyl ions will liberate hydrogen gas when reacted with magnesium metal?,1.0 x 10-12 mol dm-3,1.0 x 10-6 mol dm-3,1.0 x 10-4 mol dm-3,1.0 x 10-2 mol dm-3,,,
JAMB,Chemistry,2003,"The solubility of a salt of molar mass101 g at 20oC is 0.34mol dm-3. If 3.40 g of the salt is dissolved completely in 250 cm3 of water in beaker, the resulting solution is",saturated,unsaturated,supersaturated,a suspension.,,,
JAMB,Chemistry,2003,25 cm3 of a 0.2mol dm-3 solution of Na2CO3 requires 20cm3 of a solution of HCl for neutralization. The concentration of the HCl solution is,0.2 mol dm-3,0.4 mol dm-3,0.5 mol dm-3,0.6 mol dm-3,,,
JAMB,Chemistry,2003,"When a salt loses its water of crystallization to the atmosphere exposure, the process is said to be",effervescence,efflorescence,fluorescence,deliquescence,,,
JAMB,Chemistry,2003,Three drops of 1.0 mol dm-3 solution of NaOH are added to 20 cm-3 of a solution of pH 8.4. The pH of the resulting solution will be,less than 8.4,greater than 8.4,unaltered,close to that of pure water.,,,
JAMB,Chemistry,2003,Tetraoxosulphate (Vl) acid burns the sk9in by,dehydration,hydrolysis,hydration,heating,,,
JAMB,Chemistry,2003,The substance least considered as a source of environmental pollution is,uranium,lead compounds,organphosphourous compounds,silicate minerals.,,,
JAMB,Chemistry,2003,The property which makes alcohol soluble in water is the,ionic character,boiling point,covalent nature,hydrogen bonding,,,
JAMB,Chemistry,2003,The furring of kettles is caused by the presence in water of,calcium hydrogentrioxocarbonate (1V),calcium trioxocarbonate(1V),calcium tetraoxosulphate (V1),calcium hydroxide,,,
JAMB,Chemistry,2003,What volume of oxygen is produced from the decomposition of 2 moles of KClO3 at s.t.p,22.4 dm3,33.6 dm3,,,,,
JAMB,Chemistry,2003,8 dm3,,,,67.2 dm3 [Molar volume of a gas s.t.p = 22.4 dm3],,,
JAMB,Chemistry,2003,Which of the following is a physical change? Chemistry 2003,Burning kerosene,Freezing ice-cream,Exposing white phosphorus to air,Dissolving calcium in water,,,
JAMB,Chemistry,2003,What is the percentage by mass of oxygen in Al2(SO4)3.2H2O?,burning,adsorption,evaporation,absorption,,,
JAMB,Chemistry,2003,"3Cu + pHNO3 3Cu(NO3)2 + 4H2O + xNO In the equation above, the values of p and x respectively are",1 and 3,2 and 3,6 and 2,8 and 2,,,
JAMB,Chemistry,2003,Neutral atoms of neon with atomic number 10 have the same number of electrons as,O2+,Ca2+,K+.,Mg+,,,
JAMB,Chemistry,2003,The noble gases owe their inactivity to,octet configuration,cyclic shape,hexagonal shape,obtuse configuration,,,
JAMB,Chemistry,2003,"According to the kinetic theory, an increase in temperature causes the kinetic energy of particles to",decrease,increase,remain constant,be zero,,,
JAMB,Chemistry,2003,"H = Is1 II N = Is22s22p3 III O = Is22s22p4 IV Zn = Is22s22p63s23p64s23d10 From the above, which of the following pairs is likely to be paramagnetic?",I and II,I and III,I and IV,I and IV,,,
JAMB,Chemistry,2003,A gas exerts pressure on its container because,some of its molecules are moving faster than others,of the collision of the molecules with each other,of the mass of the molecules of gas,the molecules of a gas collide with walls of the container.,,,
JAMB,Chemistry,2003,"When cathode rays are deflected onto the electrode of an electrometer, the instrument becomes",negatively charged,positively charged,neutral,bipolar,,,
JAMB,Chemistry,2003,The weakest attractive forces that can be observed between two molecules is,ionic,covalent,coordinate covalent,Van der Waals.,,,
JAMB,Chemistry,2003,A consequence of global warming is,air pollution,water pollution,increased humidity,flooding,,,
JAMB,Chemistry,2003,Which of the following ions is acidic?,K+,NO3 -,S2-,H3O+,,,
JAMB,Chemistry,2003,The structural component that makes detergent dissolve more quickly in water than soap is,-SO3-Na+,-COO- Na+,–SO4 -Na+,-COO- K+,,,
JAMB,Chemistry,2003,A liquid that will dissolve fat is,0.97 g,9.70 g,19.42 g,97.10 g [K2CrO4 = 194.2 g mol dm-1],,,
JAMB,Chemistry,2003,Farmlands affected by crude-oil spillage can be decontaminated by,adding acidic solution,using aerobic bacteria,pouring water on the affected area,burning off the oil from the area.,,,
JAMB,Chemistry,2003,"When 10g of sodium hydroxide is dissolved in 100cm3 of water, the solution formed is approximately",0.01 mol dm-3,0.10 mol dm-1,0.25 mol dm-1,"0.50 mol dm-1 [Na = 23, H= 1, O = 16]",,,
JAMB,Chemistry,2003,A change in the temperature of a saturated solution disturbs the equilibrium between the,dissolved solute and the solvent,Solvent and the undissolved,Dissolved solute and the undissolved solute,Dissolved solute and the solution.,,,
JAMB,Chemistry,2003,"If an equilibrium reaction has H > 0, the reaction will proceed favourable in the forward direction.",high temperature,any temperature,low temperature,minimum temperature,,,
JAMB,Chemistry,2003,"2HCl(aq)+CaCO3 CaCl2(s) + CO2(g)+H2O(1) From the reaction above, which of the curves in the diagram represents the production of carbon(IV) oxide as dilute HCl is added?",L,M,N,P,,,
JAMB,Chemistry,2003,The commonest feature of reaction at the anode is that,electrons are consumed,oxidation is involved,ions are reduced,electrode dissolves,,,
JAMB,Chemistry,2003,Which of the following will change when a catalyst is added to a chemical reaction?,The activation energy,The potential energy of the reactants,The heat of reaction,The potential energy of the products.,,,
JAMB,Chemistry,2003,"If Y is an oxidizing agent that reacts with a reducing agent, Z, which of the following is correct?",Y increases in oxidation number,Y becomes reduced,Z loses protons,Z gains protons.,,,
JAMB,Chemistry,2003,"When at equilibrium, which of the reactions below will shift to the right if the pressure is increased and the temperature is kept constant .",2SO3(g) 2SO2(g) + O2(g),2SO2(g) 2CO(g) + O2(g),2H2(g) +’!O2(g) 2H2O (g),2NO(g) N2(g) + O2(g),,,
JAMB,Chemistry,2003,"In the electrolysis of a concentrated solution of sodium chloride using inert electrodes, which of the following ions are discharge at the cathode and anode respectively?",Na+ and Cl-,Na+ and OH-,H+ and OH-,H+ and Cl-,,,
JAMB,Chemistry,2003,"CO(g) + H2O(g) CO2(g) + H2(g) From the reaction above, calculate the standard heat change if the standard enthalpies of formation of CO2(g) , H2O(g) and CO(g) in kJ mol-1 are –394, -242 and –110 respectively.",-262 kJmol-1,–42 kJmol-1,+42 kJmol-1,+262 kJmol-1,,,
JAMB,Chemistry,2003,"When sugar is dissolved in a tea, the reaction is always accompanied by",positive entropy change,negative entropy change,no entropy change,a minimum entropy change.,,,
JAMB,Chemistry,2003,Which of the following is an electrolyte?,Alcohol,Sodium acetate solution,Solid potassium hydroxide,Mercury,,,
JAMB,Chemistry,2003,Chlorine gas is prepared in the laboratory by,adding concentrated hydrochloric acid to solid manganese (1V) oxide,adding concentrated tetraoxosulphate (V1) acid to solid sodium chloride,dropping concentrated hydrochloric acid onto potassium tetraoxomanganate (V11) crystals,oxidizing concentrated hydrochloric using potassium heptadichromate (V1) crystals.,,,
JAMB,Chemistry,2003,Metal of the transition series have special properties which are different from those of groups 1 and 11 elements because they have partially filled,s orbitals,p orbitals,d orbitals,f orbitals,,,
JAMB,Chemistry,2003,Hydrogen can be displace form a hot alkaline solution by.,Fe,Cu,Ca,Sn,,,
JAMB,Chemistry,2003,Which of the following statements is true of sulphur (1V) oxide?,It forms tetraoxosulphate(V1) acid with water,It is an odourless gas,It is an acid anhydride,It forms white precipitate with acidified barium chloride.,,,
JAMB,Chemistry,2003,The salt that will form a precipitate soluble in excess ammonia solution is,Ca(NO3)2,Cu(NO3)2,Mg(NO3)2,Al(NO3)2,,,
JAMB,Chemistry,2003,The metal liberates hydrogen from cold water in bubbles only is,Na,K,Ca,Al,,,
JAMB,Chemistry,2003,Chlorine gas turns a damp starch-iodine paper,pink,colourless,red,dark blue,,,
JAMB,Chemistry,2003,The modern process of manufacturing steel form iron is by,treatment with acids,oxidation,blast reduction,treatment with alkalis,,,
JAMB,Chemistry,2003,"In the diagram above, Y is",NO,NO2,N2O5,N2O4,,,
JAMB,Chemistry,2003,Ethene reacts with hydrogen bromide to give,CH2Br2,CH3 CH2Br,C2 H2Br2,CHBr3,,,
JAMB,Chemistry,2003,Carbohydrates are compounds containing carbon hydrogen and oxygen in the ration,6,5,4,3,,,
JAMB,Chemistry,2004,The formula for ethyl butanoate is,C3H7COOC2H5,C2H5COOC3H7,C4H9COOC2H5,C2H5COOC4H9,,,
JAMB,Chemistry,2004,The type of reaction that is peculiar to benzene is,addition,hydrolysis,polymerization,substitution,,,
JAMB,Chemistry,2004,Ethanol reacts with excess acidified K2Cr2O7,ethanedioc acid,ethanol,ethyl ethanoate,ethanoic acid,,,
JAMB,Chemistry,2004,"A compound contains 40.0% caron 6.7% hydrogen and 53.3% oxygen. If the molar mass of the compound is 180, find the molecular formula.",CH2O,C3H6O3,C6H12O6,"C6H6O3 [ H = 1, C= 12, O = 16]",,,
JAMB,Chemistry,2004,The process by which atoms are rearrange into different molecular structures in the petroleum refining process is referred to as,catalytic cracking,hydrocracking,plolymerization,reforming,,,
JAMB,Chemistry,2004,Which of the following is found in cotton,Starch,Cellulose,Fat,Oil,,,
JAMB,Chemistry,2004,The principal constituent of natural gas is,methane,ethane,propane,butane. Chemistry 2004,,,
JAMB,Chemistry,2004,"In the electrolysis of brine, the anode is",Zinc,Platinum,Carbon,Copper.,,,
JAMB,Chemistry,2004,"N2O4(g) 2NO2(g) In the endothermic reaction above, more product formation will be favoured by",a decrease in pressure,a decrease in volume,an increase in pressure,a constant volume,,,
JAMB,Chemistry,2004,The oxidation state of Chlorine in HClO4 is,-1,–5,+7,+1,,,
JAMB,Chemistry,2004,Which of the following hydrogen halides has the highest entropy value?,HBr,HF,Hl,HCl,,,
JAMB,Chemistry,2004,The mass of silver deposited when a current of 10A is passed through a solution of silver salt for 4830s,54.0 g,27.0 g,13.5 g,"108.0 g [Ag = 108, F = 96500 C mol-1]",,,
JAMB,Chemistry,2004,Which of the following acts as both a reducing and an oxidizing agent?,H2S,CO2,H2,SO2,,,
JAMB,Chemistry,2004,Which of the following shows little or not net reaction when the volume of the system is decreased?,2O3(g) 3O2(g),H2(g) + l2(g) 2Hl(g),2NO2(g N2O4(g),PCl5(g PCl3(g) + Cl2(g 2CO + O2 2CO2,,,
JAMB,Chemistry,2004,"Given that H [CO] is – 110.4 kJmol-1 and H[CO2]is –393o kJmol-1, the energy change for the reaction above is",-282.6 kJ,+503.7 kJ,–503.7 kJ,+282.6 kJ ZnO + CO Zn + CO2,,,
JAMB,Chemistry,2004,"In the reaction above, Zinc has been",displaced,oxidized,reduced,decomposed.,,,
JAMB,Chemistry,2004,What volume of gas is evolved at s.t.p. if 2g of Calcium trioxocarbonate(iv) is added to a solution of hydrochloric acid?,224 cm3,112 cm3,2240 cm3,"448 cm3 [Ca = 40, C=12, O=16, Cl =35.5, H= 1, Molar volume of a gas at s.t.p =22.4 dm3]",,,
JAMB,Chemistry,2004,A chemical reaction is always associated with,a change in the nature of the reactants,the formation of new substances,a change in the volume of the reactants,"an increase in the composition of one of the substances,",,,
JAMB,Chemistry,2004,"When a solid substance disappears completely as a gas on heating, the substance is said to have undergone.",sublimation,crystallization,distillation,evaporation,,,
JAMB,Chemistry,2004,"If a solution contains 4.9g of tetraoxosulphate (V1) acid, calculate the amount of copper (11) oxide that will react with it",40.0 g,80.0 g,0.8 g,"4.0 g [Cu = 64, O =16, S =32, H =1]",,,
JAMB,Chemistry,2004,Vulcanization involves the removal of,the single bond,a double bond,a polymer,a monomer,,,
JAMB,Chemistry,2004,The alkyl group can be represented by the general formula.,CnH2n,CnH2n-2,CnH2n+1,CnH2n+2,,,
JAMB,Chemistry,2004,"C2H5OH(aq) Conc. H2SO4 Y 180oC In the reaction above, Y represent",C2H5 COOH,CH4,CH3 OCH3,C2H4,,,
JAMB,Chemistry,2004,"In the production of soap, concentrated sodium chloride is added to",saponify the soap,emulsify the soap,decrease the solubility of the soap,increase the solubility of the soap,,,
JAMB,Chemistry,2004,Oxyacetylene flame is used for 1ron-welding because it,evolves a tot heat when burnt,dissociates to produce carbon (1V) oxide and oxygen,makes the iron metal solidify very quickly combines with oxygen give a pop sound.,,,,
JAMB,Chemistry,2004,Which of these reagents can confirm the presence of a triple bond?,Bromine gas,Bromine water,Acidified KMnO4 Copper (1) chloride,,,,
JAMB,Chemistry,2004,H CH3 H3C - C - C -CH2 - CH2-CH3 CH3 H The IUPAC nomenclature of the compound above is,"3,4 -dimethylhexane","2,3 –dimethylhexane",2 – ethylhexane,2 – ethylpentane,,,
JAMB,Chemistry,2004,An isomer of C5 H12 is,2 –ethyl butane,butane,2- methyl butane 2- methyl propane,,,,
JAMB,Chemistry,2004,Alkanol + Alkanoic acid Ester + Water The reverse reaction of the equation above is known as.,saponification,hydrolysis,fermentation,hydration,,,
JAMB,Chemistry,2004,CH3 COOH(g) CH4(g) + CO2(g) The reaction above is,acidification,esterification,decarboxylation,carboxylation.,,,
JAMB,Chemistry,2004,A characteristic of the alkane family is,substitution reaction,neutralization reaction,addition reaction,elimination reaction.,,,
JAMB,Chemistry,2004,Pollution of underground water by metal ions is very likely in a soil that has high,alkalinity,nitrate content,acidity,chloride content,,,
JAMB,Chemistry,2004,The solubility in mol dm-3 of 20g of CuSO4 dissolved in 100g of water at 180oC is,0.25,0.13,2.00,"1.25 [Cu = 64, S =32, O = 16]",,,
JAMB,Chemistry,2004,Which of these compounds is a normal salt?,Na2CO3,NaHCO3,NaHSO4,NaHS,,,
JAMB,Chemistry,2004,A carcinogenic substance is,nitrogen (ll) oxide,carbon (ll) oxide,asbestos dust,sawdust.,,,
JAMB,Chemistry,2004,What volume of 0.5mol dm-3 H2SO4 will exactly neutralize 20 cm-3 of 0.1mol dm-3 NaOH solution?,5.0 cm-3,6.8 cm-3,8.3 cm-3,2.0 cm-3,,,
JAMB,Chemistry,2004,Calcium tetraoxosulphate (V1) dissolves in water only sparingly to form a,calcium and magnesium,calcium and sodium,magnesium and silver,sodium and potassium,,,
JAMB,Chemistry,2004,It is difficult to achieve an orderly arrangement of the molecules of a gas because they.,can collide with one another in the container,are too small in size,have little force of attraction between them,have no definite shape,,,
JAMB,Chemistry,2004,The shape of the s-orbital is,elliptical,spiral,circular,spherical,,,
JAMB,Chemistry,2004,Which of the following mixtures of gases is likely to burn in flame?,Helium and neon,Neon and nitrogen,Neon and hydrogen,Nitrogen and helium,,,
JAMB,Chemistry,2004,The property of chlorine which cause hydrogen chloride to be more ionic than the chlorine molecule is its.,electronegativity,electropositivity,electron affinity,electrovalency.,,,
JAMB,Chemistry,2004,"In the experiment above, X is mixture of nitrogen, carbon 1V) oxide and",oxygen,inert gas,water,impurities,,,
JAMB,Chemistry,2004,A given volume of methane diffuses in 20s. How long will it take same volume of sulphur (V1) oxide to diffuse under the same conditions?,40s,60s,20s,"5s [C=12, H=1, S=32, O=16]",,,
JAMB,Chemistry,2004,Chlorine consisting of two isotopes of mass numbers 35 and 37 in the ratio 3:1 has an atomic mass of 35.5. Calculate the relative abundance of the isotope of mass number 37.,60,20,75,25,,,
JAMB,Chemistry,2004,An electron can be added to a halogen atom to form a halide ion with,8 valence electrons,7 valence electron,2 valence electrons,3 valence electrons,,,
JAMB,Chemistry,2004,226 Ra x Rn + alpha - particle 88 86,226,220,227,222,,,
JAMB,Chemistry,2004,"According to Charles’ law, the volume of a gas becomes zero at",-100oC,-273 oC,-373 oC,0 oC,,,
JAMB,Chemistry,2004,"When steam is passed over red-hot carbon, the substances produced are",hydrogen and carbon(11) oxide,hydrogen and carbon(1V) oxide,hydrogen and trioxocarbonate (1V) acid,"hydrogen, oxygen and carbon (1V) oxide",,,
JAMB,Chemistry,2004,Aluminum hydroxide is used in the dyeing industry as a,dye,dispersant,salt,mordant,,,
JAMB,Chemistry,2004,Transition metals possess variable oxidation states because they have.,electrons in the s orbitals,electrons in the d orbitals,partially filled p orbitals,a variable number of electrons in the p orbitals.,,,
JAMB,Chemistry,2004,The allotrope of carbon used in the decolourization of sugar is,soot,lampblack,graphite,charcoal,,,
JAMB,Chemistry,2004,Carbon is tetravalent because,the 2s and 2p atomic orbital hybridized,all the atomic orbitals of carbon hybridize,the electrons in all the orbital of carbon are equivalent,the electrons in both the 2s and 2p orbital are equivalent.,,,
JAMB,Chemistry,2004,Sodium metal is always kept under oil because it,is reduced by atmospheric nitrogen,readily reacts with water,reacts with oxygen and carbon(1V)oxide,reacts vigorous on exposure to air.,,,
JAMB,Chemistry,2004,Alloys are best prepared by,cooling a molten mixture of the metals,reducing a mixture of their metallic oxides,arc-welding,electroplating,,,
JAMB,Chemistry,2004,Sulphur (1V) oxide bleaches by,hydration,reduction,absorption,oxidation.,,,
JAMB,Chemistry,2004,Which of the following gases can be collected by the method of downward delivery?,Oxygen,Hydrogen,Chlorine,Ammonia,,,
