exam,subject,year,text,option_a,option_b,option_c,option_d,option_e,correct_answer,explanation
JAMB,Mathematics,1983,"If M represents the median and D the mode of the
measurements 5, 9, 3, 5, 8 then (M,D) is","(6,5)","(5,8)","(5,7)","(5,5)","(7,5)",,
JAMB,Mathematics,1983,"A construction company is owned by two partners X
and Y and it is agreed that their profit will be divided in
the ratio 4:5. at the end of the year. Y received #5,000
more than x. what is the total profit of the company for
the year?","#20,000.00","P’0#25,000.00","#30,000.00","#15,000.003","#45,000.00",,
JAMB,Mathematics,1983,"Given a regular hexagon, calculate each interior angle
of the hexagon.",600,300,1200,450,1350,,
JAMB,Mathematics,1983,"Solve the following equations
4x – 3 = 3x + y = 2y + 5x – 12","4x = 5, y = 2","x = 2, y = 5","x = -2, y = -5","x = 5, y = -2","x = -5, y = -2",,
JAMB,Mathematics,1983,"If x = 1 is root of the equation
x3 – 2x2 – 5x + 6, find the other roots",-3 and 2,–2 and 2,3 and –2,1 and 3,–3 and 1,,
JAMB,Mathematics,1983,"If x is jointly proportional to the cube of y and the
fourth power of z. In what ratio is x increased or
decreased when y is halved and z is doubled?",4:1 increase,2:1 increase,1:4 decrease,1: 1 no change,3: 4 decrease,,
JAMB,Mathematics,1983,"P
Q",,,,,,,
JAMB,Mathematics,1983,"Given that cos z = L, where z is an acute angle find an
expression for Co +Z - cosecz
sec Z  + tan z",l - L,L2-√1−L2,"-L-√1−L
1+L
L2+L-1
(C1+L) +√1−L2",√L−1.,"L-(L2-1)
(L1+L2) +√1−L2             1+ √1 - L2+ √1 - L2",,
JAMB,Mathematics,1983,"If 0.0000152 x 0.00042 = A x 108, where
1 £ A < 10, find A and","A = 9, B = 6`.38","A = 6.38, B = -9","A = 6.38, B = 9","A = 6.38, B = -1","A = 6.38, B = 1",,
JAMB,Mathematics,1983,"If x + 2 and x – 1 are factors of the expressions lx +
2kx2 + 24, find the values of l and k","l = -6, k = -9","l = -2, k = 1","l = -2, k = -1","l = 0, k = 1","l = 6, k = 0",,
JAMB,Mathematics,1983,"Make T the subject of the equation
av    =  3     2V   +  T
1- V
a
2T",3av/(1-v),2v(1-v)2 - a2v2/2a2v2 - (1-V)2,2v(1 - v)2  + a3v2/ 2a2v2 + (1 - v)2,2v(1 - v)2 - a4v3/2a3v3 - (1 - v)3,2v(1-v)3 - a4v3/2a3v3 + (1-v)3,,
JAMB,Mathematics,1983,"Additional
Mathematics
Biology
(2 -24)
x
O
(3 -18)
x
O
x
O
Geography
(2 +12)
x
O
History
( +12)
x
O
French",,,,,,,
JAMB,Mathematics,1983,The value of (0.303)3 – (0.02)3 is,0.019,0.0019,0.00019,0.000019,0.000035,,
JAMB,Mathematics,1983,"y varies partly as the square of x and y partly as the
inverse of the square root of x. write down the
expression for y if y = 2 when x = 1 and y = 6 when x =
4",x/ (x - 3)(x + 7),(x + 3) (x + 7)/x,"x/(x - 3) (x -
7)",x/(x + 3) (x + 7),x/(x + 4) (x + 7),,
JAMB,Mathematics,1983,,0.019,0.0019,0.00019,0.000019,0.000035,,
JAMB,Mathematics,1983,"The lengths of the sides of a right-angled triangle at (3x
+ 1)cm, (3x - 1)cm and x cm.",2,6,18,12,0,,
JAMB,Mathematics,1983,"The scores of a set of a final year students in the first
semester
examination
in
a
paper
are
41,29,55,21,47,70,70,40,43,56,73,23,50,50. find the median
of the scores.",47,481/2,50,48,49,,
JAMB,Mathematics,1983,,0.019,0.0019,0.00019,0.000019,0.000035,,
JAMB,Mathematics,1983,,,,,,,,
JAMB,Mathematics,1983,"P
0
R
2 m
Q
30
O
PQRS is a desk of dimensions 2m x 0.8m which is inclined
at 300 to the horizontal. Find the inclination of the
diagonal PR to the horizontal.",23035’,300,15036’,100,10042’,,
JAMB,Mathematics,1983,"Find x if (x
base 4)2 = 100 1000base 2",6,12,100,210,110,,
JAMB,Mathematics,1983,Simplify log10a1/2 + 1/4log10a – 1/12log10a7,1,7/6log10a,0,10,a,,
JAMB,Mathematics,1983,"If w varies inversely  as V and u varies directly  as w3,
find the relationship between u and V given that u = 1,
when V = 2",u = 8V3,u = 2   V,V = 8/u2,V = 8u2,U = 8/v3,,
JAMB,Mathematics,1983,"Solve the simultaneous equations for x
x2 + y – 8 = 0
y + 5x – 2 = 0",,,,,,,
JAMB,Mathematics,1983,"Find the missing value in the following table.
x
-2
-1
0
1
2
3
y = x  - x + 3
3
3
3
9  27
O3",-3,3,–9,13,9,,
JAMB,Mathematics,1983,"x
OO
130
O
If O is the centre of the circle in the figure above. Find
the value of x",50,260,100,65,130,,
JAMB,Mathematics,1983,"Find the angle of the sectors representing each item in
a pie chart of the following data.
6,10,14,16,26","150, 250,350,400,650,","600, 1000,1400,1600,2600","60, 100,140,160,260,","300, 500,700,800,1300",None of the above,,
JAMB,Mathematics,1983,"13
The value of (0.303)3 – (0.02)3 is",0.019,0.0019,0.00019,0.000019,0.000035,,
JAMB,Mathematics,1983,"The letters of the word MATRICULATION are cut and
put into a box. One of the letter is drawn at random from
the box. Find the probability of drawing a vowel.",2/13,5/13,6/13,8/13,4/13,,
JAMB,Mathematics,1983,"O
K
F
The above figure FGHK is a rhombus. What is the value
of the angle x?",900,300,1500,1200,"600
S
0-8 m",,
JAMB,Mathematics,1983,"If a rod of length 250cm is measured as 255cm longer in
error, what is the percentage error in measurement?",55,10,5,4,2,,
JAMB,Mathematics,1983,"If (2/3)m (3/4)n = 256/729, find thevalues of m and n","m = 4, n = 2","m = -4, n = -2","m = -4, n = 2","m = 4, n = -2","m = -2, n = 4",,
JAMB,Mathematics,1983,"Without using tables find the numerical value of log749
+ log7(1/7)",1,2,3,7,0,,
JAMB,Mathematics,1983,Factorize completely 81a4 – 16b4,(3a + 2b) (2a – 3b) (9a2 + 4b2),(3a - 2b) (2a – 3b) (4a2 - 9b2),(3a - 2b) (3a – 2b) (9a2 + 4b2),(3a - 2b) (2a – 3b) (9a2 + 4b2),(3a - 2b) (2a – 3b) (9a2 - 4b2),,
JAMB,Mathematics,1983,"One interior angle of a convex hexagon is 1700 and
each of the remaining interior angles is equal to x0. find
x",1200,1100,1050,1020,1000,,
JAMB,Mathematics,1983,"PQRS is a cyclic quadrilateral in which PQ = PS. PT is a
tangent to the circle and PQ makes and angle 500 with
the tangent as shown in the figure below. What is the
size of QRS?
R
Q
S
O
50
T
P",500,400,1100,800,1000,,
JAMB,Mathematics,1983,"A ship H leaves a port P and sails 30km due South.
Then it sails 60km due west. What is the bearing of H
from P?",26034’,243026’,116034’,63026’,2400,,
JAMB,Mathematics,1983,"In a sample survey of a university community the
following table shows the percentage distribution of
the number of members per household.
No of members
per household
1   2    3    4    5   6   7  8 Total
3  12 15  28  21  10  7 4 100
Number of
households",4,3,5,4.5,None,,
JAMB,Mathematics,1983,"On a square paper of length 2.524375cm is inscribed a
square diagram of length 0.524375. find the area of the
paper no covered by the diagram correct to 3 significant
figures.",6.00cm2,6.10cm2,6.cm2,6.09cm2,4.00cm2,,
JAMB,Mathematics,1983,"If    f(X) = 1    +  x - 1     find f(1-x)
x-1        x2-1",1/x + 1/(x+2),x +1/(2x -1),-1/x - 1/(x-2),-1/x + 1/(x2-1),,,
JAMB,Mathematics,1983,"In the figure below find PRQ
235o
R
Q
P","661/2
0","621/2
0",1250,1050,650,,
JAMB,Mathematics,1983,Simplify     27a9/8,9a2/2,9a3/2,2/3a2,2/3a2,"3a3/2
Okro
14.5
kg
Beans
14.5 kg",,
JAMB,Mathematics,1983,"Rice
45.4
kg
Yams
184.5 kg
The farm yields of four crops on a piece of land in
Ondo are represented on the pie chart above. What is
the angle of the sector occupied by Okro in the chart?","911/2
0","191/3
0","331/3
0",110,910,,
JAMB,Mathematics,1983,"(x+3y)
O
45
O
R
Q
P
y
O
(3x+y)
O
In the figure above, PQR is a straight line. Find the
values of x and y",x = 22.50 and y = 33.750,x = 150 and y = 52.50,x = 22.50 and y = 45.00,x = 56.250 and y = 11.50,x = 18.0 and y = 56.50,,
JAMB,Mathematics,1983,"O
60
O
8 cm
S
R
In the above figure PQR = 600, QPR = 900, PRS = 900,
RPS = 450, QR= 8cm. Determine PS",2√3cm,4√6cm,2√6cm,8√6cm,8cm,,
JAMB,Mathematics,1983,"In a triangle PQR, QR = 3cm, PR =     3cm, PQ =      3cm and
PQR = 300. find angles P and R",P = 600 and R = 900,P = 300 and R = 1200,P = 900 and R = 600,P = 600 and R = 600,P = 450 and R = 1050,,
JAMB,Mathematics,1983,"130
O
S
R
100
O
P
Q
In the above diagram if PS = SR and PQ//SR. what is the
size of PQR?",250,500,550,650,750,,
JAMB,Mathematics,1983,"Find
the
mean
of
the
following
24.57,25.63,25.32,26.01,25.77",25.12,25.30,25.26,25.50q,"25.73
Mathematics 1984",,
JAMB,Mathematics,1983,,,,,,,,
JAMB,Mathematics,1983,",50. find the median
of the scores.",47,481/2,50,48,49,,
JAMB,Mathematics,1984,Simplify (2/3 – 1/5) – 1/3 of 2/5,,,,,,,
JAMB,Mathematics,1984,"If 263 + 441 = 714, what number base has been used?",12,11,10,9,8,,
JAMB,Mathematics,1984,"0.00014323/1.940000 = k x 10n where 1 £ k < 10 and n is
a whole number. The values of K and are",7.381 and –11,2.34 and 10,3.87 and 2,7.831 and –11,5.41 and –2,,
JAMB,Mathematics,1984,"P sold his bicycle to Q at a profit of 10%. Q sold it to R
for #209 at a loss of 5%. How much did the bicycle cost
P?",#200,#196,#180,#205,#150,,
JAMB,Mathematics,1984,"If the price of oranges was raised by 1/2k per orange,
the number of oranges customer can buy for #2.40 will
be less by 16. What is the present price of an orange?",21/2k,31/2k,51/2k,20k,211/2k,,
JAMB,Mathematics,1984,"A man invested a total of #50,000 in two companies. If
these companies pay dividend of 6% and 8%
respectively, how much did he invest at 8% if the total
yield is #3.700?","#15,000","#29,600","#21,400","#27,800","#35,000",,
JAMB,Mathematics,1984,"B.
7",,,1/3,3,1/5,,
JAMB,Mathematics,1984,,,,,,,,
JAMB,Mathematics,1984,,,,,,8,,
JAMB,Mathematics,1984,,,,,9,8,,
JAMB,Mathematics,1984,,,,10,9,8,,
JAMB,Mathematics,1984,,,11,10,9,8,,
JAMB,Mathematics,1984,"Rationalize
(5√5 - 7√5)(/√7 - √5",-2√35,4√7 - 6√5,-√35,4√7 - 8√5,√35,,
JAMB,Mathematics,1984,"Simplify
3n – 3n – 1
33 x 3n – 27 x 3n – 1",1,0,1/27,3n – 3n – 1,2/27,,
JAMB,Mathematics,1984,"p varies directly as the square of q an inversely as r. if
p = 36, when q = 3 and r = p, find p when q = 5 and r = 2",72,100,90,200,125,,
JAMB,Mathematics,1984,"Factorise
6x2 – 14x - 12",2(x + 3) (3x - 2),6(x - 2) (x + 1),2(x - 3) (3x + 2),6(x + 2) (x - 1),(3x + 4) (2x + 3),,
JAMB,Mathematics,1984,"A straight line y = mx meets the curve y = x2 – 12x + 40
in two distinct points. If one of them is (5,5), find the
other","(5,6)","(8,8)","(8,5)","(7,7)","(7,5)",,
JAMB,Mathematics,1984,"The table below is drawn for a graph  y = x2 – 3x + 1
1 x
1    -1    3    1    -1   3    1
-3   -2  -1    0    1    2    3
2
y=x - 3x + 1
From x = -2 to x = 1, the graph crosses the x-axis in the
range(s)",-1 < x < 0 and 0 < x < 1,-2 < x < -1 and 0 < x < 1,-2 < x < -1 and 0 < x < 1,0 < x < 1,1 < x < 2,,
JAMB,Mathematics,1984,"In a racing competition. Musa covered a distance of 5xkm
in the first hour and (x + 10)km in the next hour. He was
second to Ngozi who covered a total distance of 118km
in the two hours. Which of the following inequalities is
correct?",0 < -x < 15,–3 < x < 3,15 < x < 18,0 < x < 15,0 < x < 18,,
JAMB,Mathematics,1984,"2x + 3y = 1 and y = x – 2y = 11, find (x + y)",5,–3,8,2,–2,,
JAMB,Mathematics,1984,"Tunde and Shola can do a piece of work in 18days.
Tunde can do it alone in x days, whilst Shola takes 15
days longer to do it alone. Which of the following
equations is satisfied by x?",x2 – 5x – 18 = 0,x2 – 20x + 360 = 0,x2 - 21x – 270 = 0,2x2 + 42x – 190 = 0,3x2 – 31x + 150 = 0,,
JAMB,Mathematics,1984,,,,,,41,,
JAMB,Mathematics,1984,"The quadratic equation whose roots are 1 -   13 and 1 +
13 is",x2 + (1 - √13)x + 1 + √13 = 0,x2 + (1 - √13)x + 1 - √13 = 0,x2 + 2x + 12 = 0,x2 – 2x + 12 = 0,x2 – 2x – 12 = 0,,
JAMB,Mathematics,1984,,,,36,22,41,,
JAMB,Mathematics,1984,"P
5 cm
Q
S
11 cm
T
4 cm
R
What is the volume of the regular three dimensional
figure drawn above?",160cm3,48cm3,96cm3,120cm3,40cm3,,
JAMB,Mathematics,1984,"If (x - 2) and (x + 1) are factors of the expression x3 + px2
+ qx + 1, what is the sum of p and q?",0,–3,3,–17/3,–2/3,,
JAMB,Mathematics,1984,"A cone is formed by bending a sector of a circle having
an angle of 2100. Find the radius of the base of the cone
if the diameter of the circle is base of the cone if the
diameter of the circle is 12cm",7.00cm,1.75cm,Ö21cm,3.50cm,2Ö21cm,,
JAMB,Mathematics,1984,"X
120
3 cm
Z
Y
5 cm
Using    XYZ in the figure above find XYZ",290,31020’,310,31018’,590,,
JAMB,Mathematics,1984,"The sides of a triangle are (x + 4)cm, x cm and (x- 4) cm
respectively. If the cosine of the largest angle is 1/5,
find the value of x",24cm,20cm,28cm,88/7ccm,0cm,,
JAMB,Mathematics,1984,"If a = 2x/1 – x and b = 1 + x / 1 – x
then a2 – b2 in the simplest form is",3x+1/(x-1),3x2-1/(x-1)2,3x2+1/(1-x)2,5x2-1/(1-x)2,5x2 -2x -1/(1-x)2,,
JAMB,Mathematics,1984,"Simplifty (1  +   1    )   (x+2)
(       x+1)",(x2 - 1)(x + 2),x2 (x + 2)/x + 1,x2 - (x + 2),2x(x + 2),2x(x + 2)/x + 1,,
JAMB,Mathematics,1984,"5
30
6
35
7
20",30,35,55,62,92,,
JAMB,Mathematics,1984,"Find the integral values of x which satisfy the
inequalities –3 < 2 –5x < 12","-2, -1","–2, 2","–1, 0","0,1","1,2",,
JAMB,Mathematics,1984,"r
r
60
O
r
60
O
60
O
r
Find the area of the shaded portion of the semi – circular
figure above.",r2/4(4p - 3    3),r2/4(2p + 3   3),1/2r2p,1/8r   3,"r2/8(4p + 3   3)
P",,
JAMB,Mathematics,1984,,,,,,,,
JAMB,Mathematics,1984,,,,,22,41,,
JAMB,Mathematics,1984,"The cumulative frequency function of the data below
is given by the frequency y = cf(x). what is cf(5)?
Scores(n)
Frequency(f)
3
30
4
32
5
30
6
35
7
20",30,35,55,62,92,,
JAMB,Mathematics,1984,,,24,36,22,41,,
JAMB,Mathematics,1984,"A right circular cone has a base radius r cm and a vertical
2y0. the height of the cone is",r tan y0cm,r sin y0cm,r cot y0cm,r cos y0cm,r cosec y0cm,,
JAMB,Mathematics,1984,"Two fair dice are rolled. What is the probability that
both show up the same number of point?",1/36,7/36,½,1/3,1/6,,
JAMB,Mathematics,1984,,,,,,,,
JAMB,Mathematics,1984,"y = x +
2
1
y =x  - x -
2
1
2
x
Find the x coordinates of the points of intersection of
the two equations in the graph above.","1,1","0,-4","4,9","0,0","0,4",,
JAMB,Mathematics,1984,"If sin q = x/y and 00 < q < 900
then find 1/ tan q",x/√(y2 – x2),x/y,"√y2 –n2
√y2−x2",(√y2 – x2)/(√y2 – x2),√y2 – x2/y,,
JAMB,Mathematics,1984,"O
r
20
O
Q
S
y
R
In the figure above QRS is a line, PSQ = 350 SPR = 300
and O is the centre of the circle find OQP",350,300,1300,250,650,,
JAMB,Mathematics,1984,"10
8
Frequency
6
4
2
0
0-9  10-19  20-29   30-39  40-49  50-59
Marks
The bar chart above shows the mark distribution in a
class test. Find the number of students in the class.",9,2,60,30,34,,
JAMB,Mathematics,1984,"S
T
135
O
P
R
O
Q
In the figure above, O is the centre of circle PQRS and
PS//RT. If PRT = 1350, then PSQ is","671/2
0",450,900,"333/4
0","221/2
0",,
JAMB,Mathematics,1984,"XYZ is a triangle and XW is perpendicular to YZ at W.
if  XZ = 5cm and WZ = 4cm, calculate XY.",5√3cm,3√5cm,3Ö3cm,5cm,"6cm
X
5 cm
10 cm
4 cm
Y
Z",,
JAMB,Mathematics,1984,"Measurements of the diameters in centimeters of 20
copper spheres are distributed as shown below
Class boundary in cm
frequency
3.35-3.45
3
3.45-3.55
6
3.55-3.65
7
3.65-3.75
4
What is the mean diameter of the copper sphere?",3.40cm,3.58cm,3.56cm,3.62cm,3.63cm,,
JAMB,Mathematics,1984,"What is the obtuse angle formed when the point U is
U
T
V
R
S
P
O
Mathematics 1985",,,,,,,
JAMB,Mathematics,1984,"What is the acute angle formed when the point V joined
to Q?","3/2B.
2/3",300,2,3,18,,
JAMB,Mathematics,1985,"Arrange the following numbers in ascending order of
magnitude    6/7,13/15,0.865",6/7 < 0.865 < 13/15,6/7 < 13/15 < 0.865,13/15 < 6/7 < 0.865,13/15 < 0.865 < 6/7,0.865 < 6/7 < 13/15,,
JAMB,Mathematics,1985,"B.
2/3",,,2,3,18,,
JAMB,Mathematics,1985,"In the equation below,  solve for x if all the numbers are in
base 2?
11/x = 1000/(x + 101)",101,11,110,111,10,,
JAMB,Mathematics,1985,"List all integers satisfying the inequality
-2 < 2x – 6 < 4","2,3,4,5","2,3,4","2,5","3,4,5","4,5",,
JAMB,Mathematics,1985,"Find correct to tow decimal places
100 + 1/100 + 3/1000 + 27/10000",100.02,1000.02,100.22,100.01,100.51,,
JAMB,Mathematics,1985,"Simplify 1/2 + 1
1
2 +  -------------
1
2 - --------------
4 +1/5",¾,–1/3,169/190,13/15,121/169,,
JAMB,Mathematics,1985,"If three number p,q,r are in the ratio 6:4:5 find the value
of (3q – q)/(4q + r)",,,,,,,
JAMB,Mathematics,1985,"Without using tables, evaluate  Log24 + Log42 – Log255",½,1/5,0,5,2,,
JAMB,Mathematics,1985,"John gives one third of his money to Janet who has
#105.00. He then finds that his money is reduced to
one-fourth of what Janet now has. Find how much
money John had at first.",#45.00,#48.00,#52.00,#58.00,#60.00,,
JAMB,Mathematics,1985,00/(x + 101),101,11,110,111,10,,
JAMB,Mathematics,1985,/x = 1000/(x + 101),101,11,110,111,10,,
JAMB,Mathematics,1985,"221/2% of the Nigerian Naira is equal to 171/10% of a foreign
currency M. what is the conversion rate of the M to the
Naira?",1M = 15/57N,1M = 211/57N,1M = 118/57N,1M = 381/4N,1M = 3843/4N,,
JAMB,Mathematics,1985,"If three number p,q,r are in the ratio 6:4:5 find the value
of (3q – q)/(4q + r)",,,,,,,
JAMB,Mathematics,1985,If ex= 1 + x + x2/12 + x3/1.2.3 + ….. find 1/e1/2,1 - x   + x2 - x2 +...,"1 + x +  x2  + x2
2     123  24 3
2   1.22   23.3",1 + x   + x2 - x2 +...,"1 -  x +  x2  -  x2   +
2     1.23  24. 3
2   1.22   23.3","1+ x 3   + x3 - x4 +
1.2  12.4   12.63",,
JAMB,Mathematics,1985,(4√3 + 4√2) (4√3 - 4√2) (3√ + √2) is equal to,0,4√3 + 4√2,(4√2 - 4√3) (√3 + √2),√3 + √2,1,,
JAMB,Mathematics,1985,"In a restaurant, the cost of providing a particular type
of food is partly constant and partly inversely
proportional to the number of people. If the cost per
head for 100people is 30k and the cost for 40 people is
60k, find the cost for 50 people",15k,45k,20k,50k,40k,,
JAMB,Mathematics,1985,,,,,,,,
JAMB,Mathematics,1985,,,,,,,,
JAMB,Mathematics,1985,Factorize abx2 + 8y – 4bx –2axy,(ax - 4) (bx – 2y),(ax + b) (x – 8y),(ax – 2y) (by – 4),(abx - 4) (x – 2y),(bx - 4) (ax – 2y),,
JAMB,Mathematics,1985,"At what real value of x do the curves whose equations
are y = x3 + x and y = x2 + 1 intersect?",-2,2,–1,0,1,,
JAMB,Mathematics,1985,"If the quadrilateral function 3x2 – 7x + R is a perfect
square find R",49/24,49/3,49/6,49/12,49/36,,
JAMB,Mathematics,1985,,,,,,37,,
JAMB,Mathematics,1985,"Solve for (x,y) in the equations
2x + y = 4: x2 + xy = -12","(6, -8); (-2,8)","(3, -4); (-1, 4)","(8, -4); (-1, 4)","(-8, 6);(8, -2)","(-4, 3);(4, -1)",,
JAMB,Mathematics,1985,"Solve the simultaneous equations
2x – 3y + 10 = 10x – 6y = 5","x = 21/2, y = 31/3","x = 31/2, y = 21/3","x = 21/4, y = 3","x = 31/2, y = 21/5","x = 21/2, y = 21/3",,
JAMB,Mathematics,1985,If f(x - 2) = 4x2 + x + 7 find f(1),,,,,,,
JAMB,Mathematics,1985,"In DXYZ, XY = 13cm, YZ = 9cm, XZ = 11cm and XYZ =
q0. find cos  q0",4/39,43/39,209/286,1/6,43/78,,
JAMB,Mathematics,1985,,,,7,46,17,,
JAMB,Mathematics,1985,"Find the number of goals scored by a football team in
20matches is shown below
No . of goals
No . of matches
0   1   2   3   4   5
3   5   7   4   1   0
What are the values of the mean and the mode
respectively?","(1.75, 5)","(1.75, 2)","(1.75, 1)","(2,2)","(2,1)",,
JAMB,Mathematics,1985,"If the hypotenuse of a right angle isosceles triangle is
2, what is the length of each of the other sides?",√2,1/√2,2√2,1,2 -1,,
JAMB,Mathematics,1985,"If two fair coins are tossed, what is the probability of
getting at least one head?",¼,½,1,2/3,¾,,
JAMB,Mathematics,1985,"The ratio of the length of  two similar rectangular blocks
is 2:3, if the volume of the larger block is 351cm3, then
the volume of the other block is",234.00cm3,526.50cm3,166.00cm3,729.75cm3,104.00cm3,,
JAMB,Mathematics,1985,"The bearing of bird on a tree from a hunter on the
ground is N720E. what is the bearing of the hunter from
the bird?",S180W,S720W,S720Eq,S270E,S270W,,
JAMB,Mathematics,1985,"15
25
Y
8
K
Z
In D XYZ above, XKZ = 900, XK = 15cm, XZ cm and YK
= 8cm. Find the area of the D XYZ.",180sq.cm,210sq.cm,160sq.cm,320sq.cm,390sq.cm,,
JAMB,Mathematics,1985,Without using tables. Calculate the value of 1 + sec230?,21/3,2,11/3,¾,3/7,,
JAMB,Mathematics,1985,"What is the probability that a number chosen at random
from the integers between 1 and 10 inclusive is either a
prime or a multiple of 3?",7/10,3/5,4/5,½,3/10,,
JAMB,Mathematics,1985,"Find the area of a regular hexagon inscribed in a circle
of radius 8cm.",16√3cm2,96√3cm2,192.3cm2,16cm2,32cm2,,
JAMB,Mathematics,1985,,,,,,,,
JAMB,Mathematics,1985,"If cosq = √3/2 and 0 is less than 900, calculate
cot (90 - q) / sin2q",4√3/3,4√3,√3/2,1/√3,2/√3,,
JAMB,Mathematics,1985,"A solid sphere of radius 4cm has mass of 64kg. What will
be the mass of a shell of the same metal whose internal
and external radii are 2cm and 3cm respectively?",5kg,16kg,19kg,25kg,48kg,,
JAMB,Mathematics,1985,,,,,22,37,,
JAMB,Mathematics,1985,"M
N
K
L
I
J
G
H
In the figure above GHIJKLMN is a cube of side a. find
the length of HN",3√a,3a,3a2,a√2,a√3,,
JAMB,Mathematics,1985,"PQRS is a trapezium  of area 14cm2 in which PQ//RS, if
PQ = 4cm and SR = 3cm, find the area of DSQR in cm2",7.0,6.0,5.2,5.0,4.1,,
JAMB,Mathematics,1985,"Q
0
O
0
O
S
R
P
In the figure PQ is the tangent from P to the circle QRS
with SR as its diameter. If PQR = q0, which of the following
relationship 00 is correct.?",q0 + f = 900,f0 = 900 - 200,q0  = f0,f0 = 200,q0 + 2f0 = 1200,,
JAMB,Mathematics,1985,"A bag contains 4 white balls and 6 red balls. Two Redballs
are taken from the bag without replacement. What is
the probability that they are both red?",1/3,2/9,2/15,1/5,3/5,,
JAMB,Mathematics,1985,"How many 2     2cm diameter discs can be cut out of a
sheet of cardboard 218   2p3/4cm long and     p1/2cm wide?",49,219,217p3/4(     2p + 2),210p3/4(1 +     2),29(     2 + 1),,
JAMB,Mathematics,1985,"Two points X and Y both on latitude 600S have
longitudes 1470E and 1530W respectively. Find to the
nearest kilometre the distance between X and Y
measured along the parallel of latitudes (Take 2  R = 4 x
104km, where R is the radius of the earth).",28.850km,16.667km,8.333km,6.667km,3.333km,,
JAMB,Mathematics,1985,"120
O
3
3
In the figure above the area of the shaded segment is",3p,9    3/4,3(p - 3    3/4),3(    3 - p)/4,"p + 9    3/4
Mathematics 1986",,
JAMB,Mathematics,1985,"In a class of 120students, 18 of them scored an A grade in",,,,,,,
JAMB,Mathematics,1985,,,219,217p3/4(     2p + 2),210p3/4(1 +     2),29(     2 + 1),,
JAMB,Mathematics,1985,,,,,52,54,,
JAMB,Mathematics,1986,,,x2 + 1,x2 + 4,1,x2 - 4,,
JAMB,Mathematics,1986,"If Musa scored 75 in Biology instead of 57, his
average mark in four subjects would have been 60.
what was his total mark?",282,240,222,210,,,
JAMB,Mathematics,1986,"3
In the figure above the area of the shaded segment is",3p,9    3/4,3(p - 3    3/4),3(    3 - p)/4,"p + 9    3/4
Mathematics 1986",,
JAMB,Mathematics,1986,"Find the smallest number by which 252 can be
multiplied to obtain a perfect square",2,3,5,7,,,
JAMB,Mathematics,1986,"Find the reciprocal of          2/3
1/2 + 1/3",4/5,5/4,2/5,6/7,,,
JAMB,Mathematics,1986,"Three boys shared some oranges. The first receive 1/3
of the oranges, the second received 2/3 of the remainder,
if the third boy received the remaining 12 oranges. How
many oranges did they share?",60,54,48,42,,,
JAMB,Mathematics,1986,"If P = 18, Q = 21, R = -6 and S = -4 calculate (P - Q) + S2",-11/216,11/216,–43/115,41/116,,,
JAMB,Mathematics,1986,"Simplify    0.03 x 4 x 0.00064
0.48 x 0.012",3.6 x 102,36 x 102,3.6 x 103,3.6 x 104,,,
JAMB,Mathematics,1986,"Udoh deposited #150 00 in the bank. At the end of 5
years the simple interest on the principal was #55 00.
At what rate per annum was the interest paid?",11%,71/3%,5%,31/2%,,,
JAMB,Mathematics,1986,"A number of pencils were shared out among Bisi, Sola
and Tunde in the ratio 2:3:5 respectively. If Bisi got 5,
how many were shared out?",15,25,30,50,,,
JAMB,Mathematics,1986,"The ages of Tosan and Isa differ by 6 and the product
of their ages is 187. write their ages in the form (x, y),
where x > y","(12, 9)","(23, 17)","(17, 11)","(18, 12)",,,
JAMB,Mathematics,1986,"In 1984, Ike was 24 years old and is father was 45 years
old in what year was Ike exactly half his father’s age?",1982,1981,1979,1978,,,
JAMB,Mathematics,1986,"Simplify   (      1
1    ) x -1/√3
(√5 + √3    −  √5 − √3)",√3/√5,–2/√3,–2,–1,,,
JAMB,Mathematics,1986,Find n if Log24 + Log2Z – Log2n = -1,10,14,27,28,,,
JAMB,Mathematics,1986,,,25,30,50,,,
JAMB,Mathematics,1986,"If x varies directly as y3 and x = 2 when y = 1, find x
when y = 5",2,10,125,250,,,
JAMB,Mathematics,1986,"Factorize completely.
3a + 125ax3",(2a + 5x2)(4 + 25ax),a(2 + 5x)(4 – 10x + 25ax2),(2a + 5x)(4  - 10ax + 25ax2),a(2 + 5x)(4 + 10ax + 25ax2),,,
JAMB,Mathematics,1986,,,16,14,12,,,
JAMB,Mathematics,1986,"Find all the numbers x which satisfy the inequality 1/
3(x + 1) – 1 > 1/5 (x + 4)",x < 11,x < -1,x > 6,x > 11,,,
JAMB,Mathematics,1986,,,30,48,60,,,
JAMB,Mathematics,1986,Solve the equation 3x2 + 6x – 2 = 0,"x = -1,±√3/3","x = -1,±√15/√3","x = -2, ±2√3/3","x = -2, ±2√15/3",,,
JAMB,Mathematics,1986,Simplify.    1/ 5x +5    + 1/7x + 7,12/35+7,1/35(x+1),12x/35(x+1),12/35x + 35,,,
JAMB,Mathematics,1986,"The curve y = -x2 + 3x + 4 intersects the coordinate axes
at","(4,0)(0,0)(-1,0)","(-4,0)(0,4)(1,1)","(0,0)(0,1)(1,0)","(0,4)(4,0)(-1,0)",,,
JAMB,Mathematics,1986,Factorize (4a + 3)2 – (3a - 2)2,(a + 1)(a + 5),(a - 5)(7a - 1),(a + 5)(7a + 1),a(7a + 1),,,
JAMB,Mathematics,1986,,,,30,50,,,
JAMB,Mathematics,1986,Simplify  1/ x - 2     + 1/ x + 2 + 2x / x2 - 4,2x/ (x-2) (x+2) (x2 - 4),2x/x2 - 4,x/x2 - 4,4x/ x2 - 4,,,
JAMB,Mathematics,1986,,,,,,,,
JAMB,Mathematics,1986,,,,,,,,
JAMB,Mathematics,1986,"a/b –c/d = k, find the value of
(3a2 – ac + c2)/(3b2 – bd + d2) in term of k",3k2,3k – k2,17k2/4,k2,,,
JAMB,Mathematics,1986,,,,48,60,,,
JAMB,Mathematics,1986,"A regular polygon on n sides has 1600 as the size each
interior. Find n.",18,16,14,12,,,
JAMB,Mathematics,1986,"If cos q = a/b, find 1 + tan2q",b2/a2,a2/b2,(a2 + b2) / (b2 – a2),(2a2 + b2)/ (a2 + b2),,,
JAMB,Mathematics,1986,"In the diagram below, PQ and RS are chords of a circle
centre O which meet at T outside the circle. If TP =
24cm, TQ = 8cm and TS = 12cm, find TR.
Q
T
P
O
S
R",16cm,14cm,12cm,8cm,,,
JAMB,Mathematics,1986,"The angle of elevation of the top of a vertical tower 50
metres high from a point X on the ground is 300. From a
point Y on the opposite side of the tower, the angle of
elevation of the top of the tower is 600. find the distance
between the points X and Y.",14.43m,57.73m,101.03m,115.47m,,,
JAMB,Mathematics,1986,"A girl walk 45 metres in the direction 0500 from a point Q
to a point X. She then walks 24metres in the direction
1400 from X to a point Y. How far is she then from Q?",69m,57m,51m,"21m
S",,,
JAMB,Mathematics,1986,"11 m
P
R
6 m
12 m
Q
8 m
The figure is a solid with the trapezium PQRS as its
uniform cross-section. Find its volume",102m3,576m3,816m3,1056m3,,,
JAMB,Mathematics,1986,"Q
P
T
x
O
R
PQ and PR are tangents from P to a circle centre O as
shown in the figure above. If QRP = 340. Find the angle
marked x.",340,560,680,1120,,,
JAMB,Mathematics,1986,"An arc of circle of radius 6cm is 8cm long. Find the area of
the sector.",51/3cm2,24cm2,36cm2,"48cm2
X",,,
JAMB,Mathematics,1986,"4
3
Y
Z
6
In     XYZ above, determine the cosine of angle Z",¾,29/36,2/3,"½
T",,,
JAMB,Mathematics,1986,"S
O
20
O
35
R
Q
In the figure above      PQT is isosceles. PQ = QT. SRQ
= 350, TQ = 200 and PQR is a straight line. Calculate
TSR.",200,550,75,1400,,,
JAMB,Mathematics,1986,"Find the total surface are of a solid cone of radius 2 3cm
and slanting side 4    3cm",8√3cm2,24cm2,15√3cm2,36cm2,,,
JAMB,Mathematics,1986,,,,,,,,
JAMB,Mathematics,1986,"65
O
35
O
In the figure above, PQ//ST, RS//UV. If PQR = 350 and
QRS = 650, find STV",300,350,550,650,,,
JAMB,Mathematics,1986,"An open rectangular box externally measures 4m x 3m x
4m. find the total cost of painting the box externally if it
costs #2.00 to paint one square metre.",#96.00,#112.00,#136.00,#160.00,,,
JAMB,Mathematics,1986,"Of the nine hundred students admitted in a university
in 1979, the following was the distribution by state
Anambra
185
Imo
135
Kaduna
90
Kwara
110
Ondo
155
Oyo
225
In a pie chart drawn to represent this distribution, the
angle subtended at the centre by Anambra is",500,650,740,880,,,
JAMB,Mathematics,1986,"Find the median of the numbers 89, 141, 130, 161, 120,
131, 131, 100, 108 and 119",131,125,123,120,,,
JAMB,Mathematics,1986,"Find the probability that a number selected at random
from 40 to 50 is a prime",3/11,5/11,3/10,"4/11
Mathematics 1987",,,
JAMB,Mathematics,1986,,,,,42,,,
JAMB,Mathematics,1986,"A man kept 6black, 5 brown and 7 purple shirts in a
drawer. What is the probability of his picking a purple
shirt with his eyes closed?",1/7,11/18,7/18,7/11,,,
JAMB,Mathematics,1986,,,,,,,,
JAMB,Mathematics,1987,Convert 241 in base 5 to base 8,718,1078,1768,2418,,,
JAMB,Mathematics,1987,"Find the least length of a rod which can be cut into
exactly equal strips, each of either 40cm or 48cm in
length.",120cm,240ccm,360cm,480cm,,,
JAMB,Mathematics,1987,"A rectangular has lawn has an area of 1815square yards.
If its length is 50meters, find its width in metres. Given
that 1meters equals 1.1yards",39.93,35.00,33.00,30.00,,,
JAMB,Mathematics,1987,"Reduce each number to two significant figures and then
evaluate                   (0.02174 x 1.2047)
0.023789",0.8,0.9,1.1,1.2,,,
JAMB,Mathematics,1987,"A  train moves from P to Q at an average speed of 90km/
hr and immediately returns from O to P through the
same route and at an average speed of 45km/h. find the
average speed for the centre journey.",55 00km/hr,60 00km/hr,67.50km/hr,75 00km/hr,,,
JAMB,Mathematics,1987,,,3/32,6,85,,,
JAMB,Mathematics,1987,"Two brothers invested a total of #5,000.00 on a farm
project. The farm yield was sold for # 15, 000.00 at the
end of the season. If the profit was shared in the ratio
2:3, what is the difference in the amount of profit
received by the brothers?","#2,000.00","#4,000.00","#6,000.00","#10,000.00",,,
JAMB,Mathematics,1987,"Peter’s weekly wages are #20.00 for the first 20 weeks
and #36.00 for the next 24 weeks. Find his average
weekly wage for the remaining 8 weeks of the year. If
his average weekly wage for the whole year is #30.00",#37.00,#35.00,#30.00,#5.00,,,
JAMB,Mathematics,1987,"A man invests a sum of money at 4% per annum simple
interest. After 3 years, the principal amounts to
#7,000.00. find the sum invested","#7,840.00","#6,250.00","#6,160.00","#5,833.33",,,
JAMB,Mathematics,1987,"By selling 20 oranges for #1.35 a trader makes a profit
8%. What is his percentage gain or loss if he sells the
same 20 oranges for #1.10?",8%,10%,12%,15%,,,
JAMB,Mathematics,1987,"Four boys and ten girls can cut a field in 5 hours. If the
boys work at 1/4 the rate of which the girls work, how
many boys will be needed to cut the field in 3 hours?",180,60,25,20,,,
JAMB,Mathematics,1987,Evaluate without using tables.,625/8,8/625,1/8,8,,,
JAMB,Mathematics,1987,"Instead of writing 35/6 as a decimal correct to 3
significant figures, a student wrote it correct to 3 places
of decimals. Find his error in standard form",0.003,3.0 x 10-3,0.3 x 102,0.3 x 10-3,,,
JAMB,Mathematics,1987,"Simplify without using tables
(Log26 – Log23)/(Log28- 2Log21/2)",1/5,½,–1/2,Log23/Log27,,,
JAMB,Mathematics,1987,"Simplify without using tables
2√ 14  x  3√21) / 7√24x 2√98)",3√14,"3√21
4                                   4",3 √14,"3 √2
28                                 28",,,
JAMB,Mathematics,1987,"If p – 2/3 (1 – r2)/n2, find n when r = Ö1/3 and p = 1",3/2,3,1/3,2/3,,,
JAMB,Mathematics,1987,"If a =U2–3V2 and b = 2UV + V2 evaluate (2a - b) (a – b3 ),
when u = 1 and v = -1",9,15,27,33,,,
JAMB,Mathematics,1987,"The formula Q = 15 + 0 5n gives the cost Q (in Naira) of
feeding n people for a week. Find in kobo the extra cost
of feeding one additional person.",350k,200k,150k,50k,,,
JAMB,Mathematics,1987,"If P varies inversely as V and V varies directly as R2,
find the relationship between P and R given that R = 7
when P = 2",P = 98R2,PR2 = 98,P = 1/98R,P = R2/98,,,
JAMB,Mathematics,1987,"Make y the subject of the formula
Z = x2 + 1/y3",y =      1,"y =      1
(z - x2) 3                                   (Z + x3) 1/3",y =       1,"y  =       1
(Z - x2) 1/3                                  3√Ζ  −  3√ x2",,,
JAMB,Mathematics,1987,"Find the values of m which make the following quadratic
function a perfect square
x2 + 2 (m + 1) x + m + 3","-1, 1","–1, 2","1, -2","2, -2",,,
JAMB,Mathematics,1987,Factorize 62x + 1 + 7(6x) - 5,{3(6x) – 5}   {2(6x)} + 1},{3(6x) – 5} {2(6x)} - 1},{2(6x) – 5} {3(6x)} + 1},{2(6x) – 5} {3(6x)} - 1},,,
JAMB,Mathematics,1987,"Find two values of y which satisfy the simultaneous
equations x + y  = 5, x2 – 2y2 = 1","12, -2","–12, 12","–12, 2","2, -2",,,
JAMB,Mathematics,1987,"An (n - 2)2 sided figure has n diagonals find the number
n of diagonals for a 25 sided figure",7,8,9,10,,,
JAMB,Mathematics,1987,,,,,20,,,
JAMB,Mathematics,1987,Solve the inequality x – 1 > 4(x + 2),x > -3,x < -3,2 < x < 3,–3 < x < -2,,,
JAMB,Mathematics,1987,,,,,33,,,
JAMB,Mathematics,1987,"The minimum value of y in the equation
y = x2 – 6x + 8 is",8,3,0,–1,,,
JAMB,Mathematics,1987,"Find the sum of the first 21 terms of the progression –
10, -8, -6,….",180,190,200,210,,,
JAMB,Mathematics,1987,"Find the eleventh term of the progression 4, 8, 16,..",213,212,211,"210
Q",,,
JAMB,Mathematics,1987,"x
O
R
T
30
O
P
In the diagram above, POQ is a diameter, O is the centre
of the circle and TP is a tangent. Find the value of x.",,400,450,"500
P",,,
JAMB,Mathematics,1987,"Q
R
S
T
In the diagram above, QR//TS, QR:TS = 2:3. find the
ratio of the area of triangle PQR to the area of the
trapezium QRST",4:9,4:5,1:3,2:3,,,
JAMB,Mathematics,1987,,,,,,,,
JAMB,Mathematics,1987,"16 cm
9 cm
X
Z
T
In the figure above, XYZ = YTZ = 900,  XT = 9cm and
TZ = 16cm. Find YZ",25cm,20cm,16cm,9cm,,,
JAMB,Mathematics,1987,"Two chords QR and NP of a circle intersect inside the
circle at X. if RQP = 370, RQN = 490 and QPN = 350,  find
PRQ",350,370,490,590,,,
JAMB,Mathematics,1987,"y y
x
x
x
In the figure above, find the value of x.",1100,1000,900,"800
2h
R
2 cm
Q",,,
JAMB,Mathematics,1987,"3h
P
S
2 cm
2 cm
In the figure above, PQRS is a rectangle. If the shaded
area is 72sq.cm find h",12cm,10cm,8cm,5cm,,,
JAMB,Mathematics,1987,"The sine, cosine and tangent of 2100 are respectively","-1/2,    3/2,   3/3","1/2,     3/2      3/3","3/2,    3/3,      1","3/2,  1/2     1",,,
JAMB,Mathematics,1987,"If tan q = (m2 – n2)/2mn, find sec q",(m2 + n2)/(m2 – n2),(m2 + n2)/2mn,mn/2(m2 – n2),m2 n2/(m2 – n2),,,
JAMB,Mathematics,1987,"From two points X and Y, 8m apart, and in line with a pole,
the angle of elevation of the top of the pole are 300 and
600 respectively. Find the height of the pole, assuming
that X, Y and the foot of the pole are on the same
horizontal plane.",4m,8√3/2m,4√3m,8√3m,,,
JAMB,Mathematics,1987,"A room is 12m long. 9m wide and  8m high. Find the
cosine of the angle which a diagonal of the room makes
with the floor of the room",15/17,8/17,8/15,12/17,,,
JAMB,Mathematics,1987,What is the circumference of radius of the earth?,R cos q,2p R cos q,R sin q,2p R sin q,,,
JAMB,Mathematics,1987,"The base of a pyramid is a square of side 8cm. If its
vertex is directly above the centre, find the height, given
that the edge is 4.3cm",6cm,5cm,4cm,"3cm
P",,,
JAMB,Mathematics,1987,"Q
R
X
The figure above is an example of the construction of a",perpendicular bisector to a given straight line,perpendicular from a given point to a given line,"perpendicular to a line from a given point on
that line","given angle.
Mathematics 1988",,,
JAMB,Mathematics,1987,"What is the locus of the mid-points of all chords of length
6cm within a circle of radius 5cm and with centre O.",A circle of radius 4cm and with centre O,The perpendicular bisector of the chords,A straight line passing through center O,A circle of radius 6cm and with centre O,,,
JAMB,Mathematics,1987,"Taking the period of daylight on a certain day to be
from 5.30a.m to 7.00p.m, calculate the period of daylight
and of darkness on that day",187030’ 172030’,1350225’,202030’157030’,1950165’,,,
JAMB,Mathematics,1987,"The goals scored by 40 football teams from three league
divisions are recorded below
What is the total number of goals scored by all the
teams?",21,40,91,96,,,
JAMB,Mathematics,1987,"The numbers 3,2,8,5,7,12,9 and 14 are the marks scored
by a group by a group of students in a class test if P is
the mean and Q the median the P + Q is",18,171/2,16,15,,,
JAMB,Mathematics,1987,"Below are the scores of a group of students in  a music
test
If CF(x) is the number of students with scores less than
or equal to x, find CF(6)",40,38,33,5,,,
JAMB,Mathematics,1987,"Find the probability of selecting a figure which is
parallelogram from a square, a rectangle, a rhombus, a
kite and a trapezium",3/5,2/5,4/5,1/5,,,
JAMB,Mathematics,1988,Simplify   (1 1  / (2÷ 1  of 32),,,,,,,
JAMB,Mathematics,1988,,,,2,0.2,,,
JAMB,Mathematics,1988,"A 5.0g of salts was weighed by Tunde as 5.1g. what is
the percentage error?",20,2,2,0.2,,,
JAMB,Mathematics,1988,"Find correct to one decimal place,
0.24633 /0.0306",0.8,1.8,8.0,8.1,,,
JAMB,Mathematics,1988,"Two sisters, Taiwo and Kehinde, own a store. The ratio
of Taiwo’s share to Kehind’s is 11:9. later Kehinde sells
2/3 of her share to Taiwo for #720.00. Find the value of
the store.","#1,080.00","#2,400.00","#3,000.00","#3,600.00",,,
JAMB,Mathematics,1988,,,3/32,6,85,,,
JAMB,Mathematics,1988,"A taxpayer is allowed 1/8th of his income tax free, and
pays 20% on the remainder. If he pays #490. 00 tax,
what is his income?",#560.00,"#2,450.00","#2,800.00","#3,920.00",,,
JAMB,Mathematics,1988,Evaluate (8 1/3 x 5 2/3) / 102/3,2/5,5/3,2√5,3√5,,,
JAMB,Mathematics,1988,"If Log102 = 0.3010 and Log103 = 0.4771, evaluate, without
using logarithm tables log104.5",0.3010,0.4771,0.6352,0.9542,,,
JAMB,Mathematics,1988,Find m such that (m ¸ 3) (1 - √3 )2 = 6 - √3 = 6 - 2√3,1,2,3,4,,,
JAMB,Mathematics,1988,"The thickness of an 800-paged book is 18mm. Calculate
the thickness of one leaf of the book giving your answer
in metres and in standard form.",2.25 x 10-4m,4.50 x 10-4m,2.25 x 10-5m,4.50 x 10-5m,,,
JAMB,Mathematics,1988,"Simplify   ( x + 2)  -  (x - 2)
( x + 1)     ( x +2)",3,"3x + 2
x + 1                                     (x+1) (x+2)",5x + 6,"2x2 + 5x + 2
(x + 1) (x + 2)                               (x + 1) (x + 2)",,,
JAMB,Mathematics,1988,"If 1/p = (a2 + 2ab + b2)
(a - b)                and
1/q =       (a + b)
(a2 - 2ab + b2)           find p/q",a + b,"1
a - b                             a2 - b2",a - b,a2 - b2,,,
JAMB,Mathematics,1988,"If x varies inversely as the cube root of y and x = 1 when
y = 8 find y when x = 3",1/3,2/3,8/27,4/9,,,
JAMB,Mathematics,1988,"If a = -3, b = 2, c = 4, calculate     (a3-b3-c1/2)",,,,,,,
JAMB,Mathematics,1988,If g(y) = y – 3/11 + 11/ y2 – 9 what is g(y + 3)?,y      +    11,"y   +   11
11        y(y+6)                                    11    y(y+3)",y + 30   +   11,"y + 3 +     11
11        y(y+3)                                 11    y(y-6)",,,
JAMB,Mathematics,1988,Factorize completely (x2 + x) 2 (2x + 2)2,(x + y)(x + 2)(x - 2),(x + y)2(x - 2)2,(x + 1)2(x + 2)2,(x + 1)2(x + 2)2(x - 2),,,
JAMB,Mathematics,1988,"Simplify    (x - y)
(x1/3 - y1/2)",x2 = xy + y2,x2/3 + x1/3 + y2/3,x2/3 - x1/3 y1/3 - y2/3,x2 - xy + y2,,,
JAMB,Mathematics,1988,"Solve the following equation for x
x2  + 2x   + 1   =   o
r2            r1",r2,1/r2,–1/r2,1/r,,,
JAMB,Mathematics,1988,,,2,2,0.2,,,
JAMB,Mathematics,1988,"Given value that     3x – 5y – 3 = 0
2y – 6x + 5 = 0
the value of (x, y) is","(-1/8, 19/24)","(8, 24/10)","(-8, 24/19)","(19/24, -1/8)",,,
JAMB,Mathematics,1988,"The solution of the quadratic equation
bx2 + qx + b = 0
A    -b±√b2 − 4ac
B  -b± p2− 4pb
2a                                         2a
C    -q±√q2 - 4bp
D   -q±√p2 - 4bp
2p
2p",,,,,,,
JAMB,Mathematics,1988,"Simplify       1           +           1
(x2+5x+6)        (x2 + 3x + 2)",x + 3,"1
(x+1) (x+2)                                  (x+1) x+2) x+3)",2,"4
(x+1) (x+3)                                  (x+1) (x+3)",,,
JAMB,Mathematics,1988,"Evaluate     (4a2 - 4ab2)
(2a2 + 5ab - 7b2)",a  - b,"2a + 7b
2a + b
a  -  b",2a - 7b,"2a - 7b
a  + b
a - b",,,
JAMB,Mathematics,1988,"What is the solution of the equation
x2 – x – 1 = 0?",x = 1.6 and x = -0.6,x = -1.6 and x = 0.6,x = 1.6 and x = 0.6,x = -1.6 and x = -0.6,,,
JAMB,Mathematics,1988,"For what values of  x is the curve
y = (x2 + 3) / (x + 4)",-3 < x< 0,–3 < x < 0,0 < x < 3,0 < x < 3,,,
JAMB,Mathematics,1988,,,30,33,90,,,
JAMB,Mathematics,1988,"If the sum of the 8th and 9th terms of an arithmetic
progression is 72 and the 4th term is –6, find the common
difference.",4,8,62/3,91/3,,,
JAMB,Mathematics,1988,"If 7 and 189 are the first and fourth terms of a geometric
progression respectively find the sum of the first three
terms of the progression.",182,91,63,28,,,
JAMB,Mathematics,1988,,,,33,90,,,
JAMB,Mathematics,1988,"S
T
o
x
P
Q
3x
o",,,,,,,
JAMB,Mathematics,1988,"For which of the following exterior angles is a regular
polygon possible?
i  350
ii  180     iii.  1150",i and ii,ii only,ii and iii,iii only,,,
JAMB,Mathematics,1988,,,,,90,,,
JAMB,Mathematics,1988,"A quadrilateral of a circle of radius 6cm is cut away
from each corner of a rectangle 25cm long and 18cm
wide. Find the perimeter of the remaining figure",38cm,(38 + 12p)cm,(86 - 12p)cm,"(86 - 6p)cm
Q",,,
JAMB,Mathematics,1988,"5
6
S
T
6
P
R
In the figure above STQ = SRP, PT = TQ = 6cm and QS
= 5cm. Find SR.",47/5,5,37/5,22/5,,,
JAMB,Mathematics,1988,"Four interior angles o f a pentagon are 900 – x0,  900 + x0,
100 – 2x0, 1100 + 2x0. find the fifth interior angle.",1100,1200,1300,1400,,,
JAMB,Mathematics,1988,,,–37/5,37/5,–37,,,
JAMB,Mathematics,1988,"Z
55
O
45
O
Y
X
P
Q
In the figure above, XR and YQ are tangents to the
circle YZXP if ZXR = 450 and YZX = 550 find ZYQ.",1350,1250,1000,900,,,
JAMB,Mathematics,1988,"From a point 14√3 metres away from a tree, a man
discovers that the angle of elevation of the tree is 300.
If the man measures this angle of elevation from a point
2meters above the ground how high is the tree?",12m,14m,14√3m,16m,,,
JAMB,Mathematics,1988,"O
R
In the figure above, PQ is parallel to ST and QRS = 400.
find the value of x",55,60,65,75,,,
JAMB,Mathematics,1988,"If cot q = x/y, find cosec q",1/y(x2+y),(x/y),1/y(x2+y),y/x,,,
JAMB,Mathematics,1988,"In triangle PQR, PQ = 1cm, QR = 2cm and PQR = 1200.
Find the longest side of the triangle",3,3    7/7,3     7,7,,,
JAMB,Mathematics,1988,"The base of a pyramid is a square of side 8cm. If its
vertex is directly above the centre, find the height, given
that the edge is 4.3cm",6cm,5cm,4cm,"3cm
P",,,
JAMB,Mathematics,1988,"If a metal pipe 10cm long has an external diameter of
12cm and a thickness of 1cm, find the volume of the
metal used in making the pipe.",120pcm3,110pcm3,60pcm3,50pcm3,,,
JAMB,Mathematics,1988,"60 cm
30 cm
In the figure above, a solid consists of a hemisphere
surmounted by a right circular cone with radius 3.0cm
and height 6.0cm. find the volume of the solid.",18pcm3,36pcm3,54pcm3,108pcm3,,,
JAMB,Mathematics,1988,"PQR is a triangle in which PQ= 10ccm and QPR = 600. S
is a point equidistant from P and Q. also S is a point
equidistant from PQ and PR. If U is the foot of the
perpendicular from S on PR, find the length SU in cm to
one decimal place.",2.7,2.9,3.1,3.3,,,
JAMB,Mathematics,1988,"In a class of 150 students, the sector in a pie chart
representing the students offering Physics has angle
120. How many students are offering Physics?",18,15,10,5,,,
JAMB,Mathematics,1988,"If x and y represents the mean and the median
respectively of the following set of numbers; 11,
12,13,14,15,16,17,18,19,21,. Find x/y correct to one
decimal place.",1.6,1.2,1.1,1.0,,,
JAMB,Mathematics,1988,"In the distribution above, the mode and the median
respectively are",1.3,1.2,3.3,0.2,,,
JAMB,Mathematics,1988,"O
P
Q
R
In the figure above, PS = RS = QS and QSR = 500. find
QPR.",250,400,500,"650
R",,,
JAMB,Mathematics,1989,Which of the following is in descending order?,"9/10,4/5,3/4,17/10","4/5,9/10,3/4,17/20","6/10,17/20,4/5,3/4","4/5,9/10,17/10,3/4",,,
JAMB,Mathematics,1989,"Evaluate 2,700, 000 x 0.03 ¸ 18,000",4.5 x 100,4.5 x 101,4.5 x 102,4.5 x 103,,,
JAMB,Mathematics,1989,"The prime factors of 2,520 are","2,9,5,","2,9,7,","2,3,5,7,","2,3,7,9,",,,
JAMB,Mathematics,1989,If 12e = X7 find x where e = 12,20,15,14,12,,,
JAMB,Mathematics,1989,Simplify  3√64r -6)1/2,r,2r,1/2r,2/r,,,
JAMB,Mathematics,1989,"What is the difference between 0.007685 correct to three
significant figures and 0.007685 correct to four places
of decimal?",10-5,7 x 10-4,8 x 10-5,10 -6,,,
JAMB,Mathematics,1989,"If a : b = 5: 8, x : y = 25 : 16, evaluate a/x : b/y",125:128,3:5,3:4,2:5,,,
JAMB,Mathematics,1989,"Oke deposited #800.00 in the bank aat the rat of 121/2%
simple interest. After some time the total amount was
one and half times the principal. For how many years
was the money left in the bank",2,4,51/2,8,,,
JAMB,Mathematics,1989,"If the surface area of a sphere is increased by 44%.
Find the percentage increase in its diameter.",44,30,22,20,,,
JAMB,Mathematics,1989,"Simplify   4 -   1
(2-√3)",2√3,"–2., √3",–2 + √3,"2, -√3",,,
JAMB,Mathematics,1989,Find p in terms of q if Log3p + 3log3q = 3,(3)3,"(q)1/3
(q)                                       (3)",(q)3,"(3)1/3
(3)                                       (q)",,,
JAMB,Mathematics,1989,,,,,,,,
JAMB,Mathematics,1989,"Make R the subject of the formula
S = √(2R +Τ  )
(3RT)",R =      T,"T
(TS2 - 1)                    2(TS2 - 1)
C    R =     T",,"T
(TS2 + 1)
2(TS2 + 1)",,,
JAMB,Mathematics,1989,"Find the value of the expression
32    -     64     81      when x = -3/4
81x3        xx2      16",101/2,101/6,33/8,–131/2,,,
JAMB,Mathematics,1989,,,,14,12,,,
JAMB,Mathematics,1989,"If f(x) = 2x2 + 5x + 3, find f(x + 1)",2x2 – x,2x2 – x + 10,4x2 + 3x + 2,4x2 + 3x + 12,,,
JAMB,Mathematics,1989,"Solve the positive number x such that
2(x3 – x2 – 2x) = 1",4,3,2,1,,,
JAMB,Mathematics,1989,"Simplify  (32x - 4x2)
(2x + 18)",2(x - 9),2(9 + x ),81 – x2,–2(x - 9),,,
JAMB,Mathematics,1989,Factorize completely y3 – 4xy + xy3 – 4y,(x + xy)(y + 2)(y - 2),(y + xy)(y + 2)(y - 2),y(1 + x)(y + 2)(y - 2),y(1 - x)(y + 2)(y - 2),,,
JAMB,Mathematics,1989,,,15,14,12,,,
JAMB,Mathematics,1989,Factorize 4a2 + 12ab – c2+ 9b2,4a(a – 3b) + (3b - c)2,(2a + 3b – c )(2a + 3b + c),(2a – 3b -c)(2a –3b + c),4a(a – 3b) +  (3b +c)2,,,
JAMB,Mathematics,1989,,,,,20,,,
JAMB,Mathematics,1989,"Solve the pair of equation for x and y respectively
2x-1 – 3y-1 = 4
4x-1 + y-1 = 1","-1,2","1,2","2,1","2,-1",,,
JAMB,Mathematics,1989,"What value of Q will make the expression 4x2 + 5x + Q a
complete square?",25/16,25/64,5/8,5/4,,,
JAMB,Mathematics,1989,"Find the range of values of r which satisfies the following
inequality, where a, b and c are positive.   r/a+r/b+r/c >1",r>       abc,"r>abc
bc + ac + ab",r > 1/a + 1/b + 1/c,r>1/abc,,,
JAMB,Mathematics,1989,"Express     1            -            1
(x + 1)                 (x - 2)",-3,"3
(x +1)(2-x)                                   (x+1)2-X)",-1,"1
(x+1)(x-2)
(x+1)(x-2)",,,
JAMB,Mathematics,1989,"Simplify    x    -     (x+ 1 ) 1/2
(x + 1)    (x + 1) 1/2",1,"-     1
x + 1
x + 1",1,"1
x
x + 1",,,
JAMB,Mathematics,1989,"y
a
b
g
m
k
c
h
f
d
x
l
-1
1                2                3               4               5          6
i
j
e
On the curve above, the points at which the gradient of
the curve is equal to zero are",c.d.f.i.l,b.e.g.j.m,a.b.c.d.f.i.j.l.,c.d.f.h.i.l,,,
JAMB,Mathematics,1989,"The sum of the first two terms of a geometric progression
is x and the sum of the last two terms is y. if there are n
terms in all, then the common ratio is",x/y,y/x,(x/y)1/2,(y/x)1/2,,,
JAMB,Mathematics,1989,,,,22,20,,,
JAMB,Mathematics,1989,"N
Q
R
MN is a tagent to the given circle at M, MR and MQ are
two chords. If QMN is 600 and MNQ is 400, find RMQ",1200,110,600,200,,,
JAMB,Mathematics,1989,"P
3 cm
4 cm
H
K
Q
R
In the diagram above, HK is prallel to QR, PH = 4cm and
HQ = 3cm. What is the ratio of KR;PR?",7:3,3:7,3:4,4:3,,,
JAMB,Mathematics,1989,"A regular polygon of (2k + 1) sides has 1400 as the size
of each interior angel. Find K.",4,41/2,8,"81/2
S
T",,,
JAMB,Mathematics,1989,"24
O
P
Q
R
If PST is a straight line and PQ = QS = SR in the above
diagram, find y",240,480,720,"840
S",,,
JAMB,Mathematics,1989,"P
R
60
O
Q
In the above diagram PQ is parallel to RS and QS bisects
PQR. If PQR is 600, find x",300,400,600,1200,,,
JAMB,Mathematics,1989,PQRS is a rhombus. If PR2 + QS2 = kPQ2. Determine k.,1,2,3,4,,,
JAMB,Mathematics,1989,"In DXYZ, Y = Z = 300 and XZ = 3cm find YZ",√3/2cm,3√3/2cm,3√3cm,2√3cm,,,
JAMB,Mathematics,1989,"In DPQR, the bisector of QPR meets QR at S. the line PQ
is produced to V and the bisector of VQS meets PS
produced at T. if QPR = 460 and QST = 750, calculate
QTS",410,520,640,"820
Y",,,
JAMB,Mathematics,1989,"S
O
3y
O
Q
P
y
O
56
R",620,560,"202/3
0","182/3
0",,,
JAMB,Mathematics,1989,"R
Z
X
T
S
If x : y = 5:12 and z = 52cm, find the perimeter of the
triangle.",68cm,84cm,100cm,120cm,,,
JAMB,Mathematics,1989,"The pilot of an aeroplane, flying 10km above the ground
in the direction of a landmark, views the landmark to
have angle of depression of 350 and 550. find the distance
between the two points of observation",10(sin 350 – sin 550),10(cos 350 – cos 550),10(tan 350 – tan 550),10(cot 350 – cot 550),,,
JAMB,Mathematics,1989,"A sin2x – 3 = 0, find x if 0 < x < 900",300,450,600,900,,,
JAMB,Mathematics,1989,"A square tile has side 30cm. How many of these tiles
cover a rectangular floor of length 7.2cm and width
4.2m?",336,420,576,720,,,
JAMB,Mathematics,1989,"%.
Find the percentage increase in its diameter.",44,30,22,20,,,
JAMB,Mathematics,1989,"X
W
T
Y
Z
OXYZW is a pyramid with a square base such that OX
= OY = OZ = OW = 5cm and XY = XW = YZ = WZ =
6cm. Find the height OT.",2√5,3,4,√7,,,
JAMB,Mathematics,1989,"In preparing rice cutlets, a cook used 75g of rice, 40g of
margarine, 105g of meat and 20g of bread crumbs. Find
the angle of the sector which represents meat in a pie
chart.",300,600,112.50,157.50,,,
JAMB,Mathematics,1989,"In a class of 30 students, the marks scored in an
examination are displayed in the following histogram.
No . of students
10
8
6
4
2
0
20       40        60       80      100
Marks scored
What percentage of the students scored more than
40%",14%,40%,452/3%,531/3%,,,
JAMB,Mathematics,1989,"In a family of 21 people, the average age is 14years. If
the age of the grandfather is not counted, the average
age drops to 12years. What is the age of the
grandfather?",35years,40years,42years,54years,,,
JAMB,Mathematics,1989,"If n is the median and m is the mode of the following set
of numbers,2.4,2.1,1.6,2.6,2.6,3.7,2.,1,2.6, then (n, m) is","(2.6,2.6)","(2.5,2.6)","(2.6,2.5)","(2.5,2.1)",,,
JAMB,Mathematics,1989,"The numbers are chosen at random from three numbers
1,3,6. find the probability that the sum of the two is not
odd.",2/3,½,1/3,1/6,,,
JAMB,Mathematics,1990,"Simplify      (43/4 - 61/4)
(41/5 of 1 1/4)",-77/8,–2/7,–10/21,10/21,,,
JAMB,Mathematics,1990,The H.C.F. of a2bx + abx2 and a2b – b3 is,b,a + b,a(a + b),abx (a2 – b2),,,
JAMB,Mathematics,1990,Correct 241.34 (3 x 10-3)2 to 4 significant figures,0.0014,0.001448,0.0022,0.002172,,,
JAMB,Mathematics,1990,"At what rate would a sum of #100.00 deposited for 5
years raise an interest of #7.50?",11/2%,21/2%,15%,25%,,,
JAMB,Mathematics,1990,"Three children shared a basket of mangoes in such a
way that the first child took ¼ of the mangoes and the
second ¾ of the remainder. What fraction of the
mangoes did the third child take?",3/16,7/16,9/16,13/16,,,
JAMB,Mathematics,1990,,,11,27,51,,,
JAMB,Mathematics,1990,"Three brothers in a business deal share the profit at the
end of contract. The first received 1/3 of the profit and
the second 2/3 of the remainder. If the third received
the remaining #12.000.00, how much profit did they
share?","#60,000.00","#54,000.00","#48,000.00","#42,000.00",,,
JAMB,Mathematics,1990,Simplify √ 160r2 + √ (71r4 + √100r3,9r2,12    3r,13r,13r,,,
JAMB,Mathematics,1990,,,,,,,,
JAMB,Mathematics,1990,Simplify 3Log69 + Log612 + Log664 – Log672,5,7776,Log631,(7776)6,,,
JAMB,Mathematics,1990,,,,27,51,,,
JAMB,Mathematics,1990,"If a = 2, b = -2 and c = -1/2,
evaluate (ab2 – bc2) (a2c - abc)",0,–28,–30,–34,,,
JAMB,Mathematics,1990,"Y varies inversely as x2 and X varies directly as Z2. find
the relationship between Y and Z, if C is a constant.",Z2y = C,Y = CZ2,Y = CZ2,Y = C,,,
JAMB,Mathematics,1990,"Find the value of r in terms of p and q in the following
equation
P/2 = (r/(r+q)",r  =  q,"pq2
2 - p2                                 2 - q2",r =     p2q2,"p
2 - pq                               q(2-p)",,,
JAMB,Mathematics,1990,"If f(x - 4) = x2 + 2x + 3, find f(2)",6,11,27,51,,,
JAMB,Mathematics,1990,Factorize 9(x + y)2 – 4(x - y)2,(x + y) (5x + y),(x + y)2,(x + 5y) (5x + y),5(x + y)2,,,
JAMB,Mathematics,1990,"If a2 + b2 = 16 and 2ab = 7 find all the possible values of
(a – b )","3, -3","2, -2","1, -1","3, -1",,,
JAMB,Mathematics,1990,Divide x3 – 2x2 – 5x + 6 by (x - 1),x2 – x –6,x2 – 5x + 6,x2 – 7x + 6,x2 – 5x - 6,,,
JAMB,Mathematics,1990,"If x +  = 4, find the x2 + 1/x",16,14,12,9,,,
JAMB,Mathematics,1990,"What must be added to 4x2 – 4  to make it a perfect
square?",-1/x2,1/x2,1,-1,,,
JAMB,Mathematics,1990,"Find the solution of the equation
x – 8 √x + 15 = 0","3, 5","–3, -5","9, 25","–9, 25",,,
JAMB,Mathematics,1990,"The lengths of the sides of a right-angled triangle are
xcm. (3x-1)cm and (3x + 1)cm. Find x",5,7,8,12,,,
JAMB,Mathematics,1990,"The perimeter of a rectangular lawn is 24m, if the area of
the lawn is 35m2, how wide is the lawn?",5m,7m,12m,14m,,,
JAMB,Mathematics,1990,"A carpainter charges #40.00 per day for himself and
#10.00 per day for his assistant. If a fleet of a cars were
painted for #2,000.00 and the painter worked 10 days
more than his assistant, how much did the assistant
receive?",#32.00,#320.00,,,,,
JAMB,Mathematics,1990,"Simplify           x         +       y      -     x2
(x+y)          (x-y)         (x2  - y2)",x2,"y2
x2  -  y2                       x2 - y2",x,"y
x2 - y2                          x2 - y2",,,
JAMB,Mathematics,1990,"Given that x2 + y2 + z2 = 194, calculate z if x = 7 and√ y = 3",√10,8,12.2,13.4,,,
JAMB,Mathematics,1990,,,,,51,,,
JAMB,Mathematics,1990,"Find the sum of the first 18 terms of the progression 3,
6, 12 ………..",3(217 - 1),3(218 ) - 1 ),3(218 + 1),3(218 - 1),,,
JAMB,Mathematics,1990,"y
x
-1
0
2",,,,,,,
JAMB,Mathematics,1990,At what value of x is the function x2 + x + 1 minimum?,-1,–1/2,½,1,,,
JAMB,Mathematics,1990,"Q
R
S
P
In the diagram above, the area of PQRS is 73.5cm2 and
its height is 10.5cm. find the length of PS if QR is one-
third of PS.",21cm,171/2cm,14cm,101/2cm,,,
JAMB,Mathematics,1990,"The angle of a sector of a circle, radius 10.5cm, is 480.
calculate the perimeter of the sector",8.8cm,25.4cm,25.6cm,"29.8cm
P",,,
JAMB,Mathematics,1990,"S
100
O
R
Q
In the figure above PS = QS and QSR = 1000, find QPR",400,500,800,1000,,,
JAMB,Mathematics,1990,"X
4 cm
5 cm
P
0
3 cm
Q
3 cm
Y
0
Z
In triangle XYZ and XQP, XP = 4cm, XQ= 5cm and PQ =
QY = 3ccm. Find ZY",8cm,6ccm,4cm,3cm,,,
JAMB,Mathematics,1990,"Find the length of a side of a rhombus whose diagonals
are 6cm and 8cm.",8cm,5cm,4cm,3cm,,,
JAMB,Mathematics,1990,"Each of the interior angles of a regular polygon is 1400.
how many sides has the polygon?",9,8,7,5,,,
JAMB,Mathematics,1990,"S
R
81
O
22
O
x
P
T
Q
In the figure above, PQRS is a circle. If PQT and SRT
are straight lines, find the value of x.",590,770,1030,1210,,,
JAMB,Mathematics,1990,"In a regular pentagon, PQRST, PR intersects QS at O.
calculate RQS.",360,720,1080,1440,,,
JAMB,Mathematics,1990,"If cos q = 12/13, find 1 + cot2 q",169/25,25/169,169/144,144/169,,,
JAMB,Mathematics,1990,"X
8 cm
Z
Y
In the figure above, YXZ = 300, XYZ = 1050 and XY =
8cm. Calculate YZ.",162√cm,8√2cm,4√2cm,2√2cm,,,
JAMB,Mathematics,1990,"S
O
6 cm
8 cm
T
11 cm
P
R
Q
In the figure above PQR is a semicircle. Calculate the
area of the shaded region.",1252/7cm2,1492/7cm2,2431/7cm2,2671/2cm2,,,
JAMB,Mathematics,1990,"A cylindrical pipe, made of metal is 3cm, thick if the
internal radius of the pipe is 10cm. Find the volume of
metal used in making 3m of the pipe",153πcm3,207πcm3,"15,300πcm3","20,700πcm3",,,
JAMB,Mathematics,1990,"If the height of two circular cylinders are in the ratio 2:3
and their base radii are in the ratio 9. what is the ratio of
their volume",27:32,27:23,23:32,21:27,,,
JAMB,Mathematics,1990,"4 cm
6 cm
6 cm
Find the curved surface area of the frustrum in the  figure.",16     10cm,20     10,24,,,,
JAMB,Mathematics,1990,"The locus of a point which moves so that it is
equidistant from two intersecting straight lines is the",perpendicular bisector of the two lines,angle bisector of the two lines,bisector of the two lines,line parallel to the two lines,,,
JAMB,Mathematics,1990,"4, 16, 30, 20, 10, 14 and 26 are represented on a pie chart.
Find the sum of the angles of the sectors representing
all numbers equal to or greater than 16.",480,840,920,2760,,,
JAMB,Mathematics,1990,"The mean of ten positive numbers is 16. when another
number is added, the mean becomes 18. find the
eleventh number.",3,16,18,30,,,
JAMB,Mathematics,1990,"Below are the scores of a group of students in a test.
If the average score is 3.5, find the value of x.",1,2,3,4,,,
JAMB,Mathematics,1990,"Two numbers are removed at random from the numbers
1,2,3 and 4. what is the probability that the sum of the
numbers removed is even?",2/3,½,1/3,¼,,,
JAMB,Mathematics,1990,"Find the probability that a number selected at random
from 41 to 56 is a multiple of 9",1/9,2/15,3/16,7/8,,,
JAMB,Mathematics,1991,Simplify 31/3 – 11/4 x 2/3 + 12/5,217/30,39/10,41/10,4 11/36,,,
JAMB,Mathematics,1991,"If 2257 is the result of subtracting 4577 from 7056 in base
n, find n.",8,9,10,11,,,
JAMB,Mathematics,1991,,-3,–3/5,3/5,3,,,
JAMB,Mathematics,1991,Express 62/3 as a decimal correct to 3 significant figures.,20.6,20.667,20.67,20.7,,,
JAMB,Mathematics,1991,"Factory P produces 20,000 bags of cement per day while
factory Q produces 15,000 bags per day. If P reduces
production by 5% and Q increases production by 5%
determine the effective loss in the number of bags
produced per day by the two factories.",250,750,1000,1250,,,
JAMB,Mathematics,1991,"Musa borrows #10.00 at 2% per month interest and
repays #8.00 after 4 months. However much does he
still owe?",#10.80,#10.67,#2.67,,,,
JAMB,Mathematics,1991,"If 3 gallons of spirit containing 20% water are added to
5gallons of another spirit containing 15% water, what
percentage of the mixture is water?",24/5%,167/8%,181/8%,187/8%,,,
JAMB,Mathematics,1991,,,,,,,,
JAMB,Mathematics,1991,,,,,,,,
JAMB,Mathematics,1991,,,,,,,,
JAMB,Mathematics,1991,,,,,,,,
JAMB,Mathematics,1991,Multiply (x2 –3x - + 1)2 by (x - a),x3 – (3 - a)x2 + (1 + 3a)x –1,x3 – (3 - a)x2 + 3ax – a,x3 – (3 - a)x2 + (1 + 3a) – a,x3+ (3 - a)x2+ (1 + 3a) - a,,,
JAMB,Mathematics,1991,"Evaluate  (Xy2 - X2y)
(x2 - xy)
when x = -2 and y = 3",-3,–3/5,3/5,3,,,
JAMB,Mathematics,1991,"A car travels from Calabar to Enugu, a distant of pkm
with an average speed of ukm per hour and continues
to Benin, a distance of qkm, with an average speed of
wkm per hour. Find its average speed from Calabar to
Benin.",(p+q)/(up+wq),u+w,uw(p+q)/(wp+uq),(wp+uq)/(u+wq),,,
JAMB,Mathematics,1991,"If w varies inversely as uv/u + v and is equal to 8 when
u = 2 and v = 6, find a relationship between u, v, w.",upw = 16(u + t),16ur = 3w(u + t),upw = 12(u + t),12upw = u + r,,,
JAMB,Mathematics,1991,If g(x = x2 + 3x ) find g(x + 1) – g(x),(x + 2),2(x + 2),(2x + 1),(x + 4),,,
JAMB,Mathematics,1991,Factorize m3 – m2 – m + 2,(m2 + 1)(m - 2),(m + 1)(m + 1)(m + 2),(m + 1)(m + 1)(m - 2),(m2 + 2)(m - 1),,,
JAMB,Mathematics,1991,Factorize 1 – (a - b)2,(1 – a - b)(1 – a - b),(1 – a + b)(1 + a - b),(1 – a + b)(1 – a + b),(1 – a - b)(1 + a - b),,,
JAMB,Mathematics,1991,Which of the following is a factor of rs + tr – pt –ps?,(p - s),(s - p),(r - p),(r + p),,,
JAMB,Mathematics,1991,"Find the two values of y which satisfy the simultaneous
equation  3x + y = 8
x2 + xy = 6",-1 and 5,–5 and 1,1 and 5,1 and 1,,,
JAMB,Mathematics,1991,"Find the range of values of x which satisfy the inequality
(x/2 + x/3 + x/4) < 1","x < 12/13B.
x < 13",,x < 9,x < 13/12,,,
JAMB,Mathematics,1991,"Find the positive number n, such that thrice it s square
is equal to twelve times the number.",1,2,3,4,,,
JAMB,Mathematics,1991,Solve the equation (x - 2)(x - 3) = 12,"2,3","3,6","–1,6","1,6",,,
JAMB,Mathematics,1991,"Simplify   (√1 + x + √x)
(√ 1 + X - √ x)",1- 2x - 2√x(1 + x),1 +2x +2√x(1+x),√x(1+x),1 + 2x - 2√x (1+x),,,
JAMB,Mathematics,1991,Evaluate x2(x2 - 1)1/2 – (x2 – 1)1/2,"(x2 – 1)1/2B.
(x2 – 1)",,(x2 – 1)-1,(x2 – 1)-1/2,,,
JAMB,Mathematics,1991,"Find the gradient of the line passing through the points
(-2,0) and (0, -4)",2,–4,–2,4,,,
JAMB,Mathematics,1991,"At what value of x is the function y = x2 – 2x – 3
minimum?",1,–1,–4,4,,,
JAMB,Mathematics,1991,"What is the nth term of the progression 27, 9,3,………..?",27(1/3)n – 1,3n + 2,27 + 18(n - 1),27 + 6(n - 1),,,
JAMB,Mathematics,1991,"Find the sum of the 20 term in an arithmetic progression
whose first term is 7 and last term is 117",2480,1240,620,124,,,
JAMB,Mathematics,1991,"O
y
In the figure above, find the value of y",280,1220,1500,1520,,,
JAMB,Mathematics,1991,"The angles of a quadrilateral are 5x – 30, 4x + 60, 60 – x
and 3x + 61. find the smallest of these angles.",5x – 30,4x + 60,60 – x,3x + 61.,,,
JAMB,Mathematics,1991,"The area of a square is 144sqcm. Find the length of its
diagonal",11√3cm,12cm,12√2cm,13cm,,,
JAMB,Mathematics,1991,"One angle of a rhombus is 600. the shorter of the two
diagonals is 8cm long. Find the length of the longer
one",8√3,16/√3,5√3,10/√3,,,
JAMB,Mathematics,1991,"If the exterior angles of a pentagon are x0, (x + 5)0, (x +
10)0, (x + 15)0 and (x + 20)0, find x",1180,720,620,"360
use the figure below to answer questions 35 and 36
T
P
Q
R
M
N",,,
JAMB,Mathematics,1991,"If PM = 5cm, PN = 12cm and PQ = 4.8cm, calculate the
respective lengths of PR and PT in centimeters.","7.3,5.9","7.7,12.5","12.5,7.7","5.9,7.3",,,
JAMB,Mathematics,1991,"If PNR = 1100 and PMQ = 550, find MPQ.",400,300,250,150,,,
JAMB,Mathematics,1991,"152
O
30
O
y
In the figure above, find the value of y",280,1220,1500,1520,,,
JAMB,Mathematics,1991,"P
S
T
68
O
Q
R
In the figure above, PQ = PR = PS and SRTY = 680. find
QPS.",1360,1240,1120,680,,,
JAMB,Mathematics,1991,"A flagstaff stands on the top of a vertical tower. A man
standing 60m  away from the tower observes that the
angles of elevation of the top and bottom of the flagstaff
are 640 and 620 respectively. Find the length of a flagstaff.",60(tan 620 – tan 640),60(cot 640 – cot 620),60(cot 620 – cot 640),60(tan 640 – tan 620),,,
JAMB,Mathematics,1991,Simplify cos2x (sec2x + sec2x tan2x),Tan x,Tan x sec x,Sec2 x,Cosec2 x,,,
JAMB,Mathematics,1991,"If cos x = √a/b, find cosec x.",b,"b
√ b - a
√    a",b,"√  b - a
√  b - a                                    a",,,
JAMB,Mathematics,1991,"From a point Z, 60m, north of X, a man walks 60Ö3m
eastwards to another point Y. find the bearing of y from
x.",0300,0450,0600,0900,,,
JAMB,Mathematics,1991,"A surveyor walks 500m up a hill which slopes at an
angle of 300. calculate the vertical height through which
he rises",250m,500Ö3/3m,250Ö2m,"250Ö3m
4 cm
Q
P",,,
JAMB,Mathematics,1991,"6 cm
8 cm
V
2 cm
S
R
W
In the figure above, PQRS is a square of side 8cm. What
is the area of      UVW?",64sq.cm,54sq.cm,50sq.cm,10sq.cm,,,
JAMB,Mathematics,1991,"Find the total area of the surface of a solid cylinder
whose base radius is 4cm and height is 5cm.",56pcm2,72pcm2,96pcm2,192pcm2,,,
JAMB,Mathematics,1991,"x
a
y
a
Find the volume of the figure above.",pa2/3,pa2y,pa2/3(y + x),(1/3pa2 x + y),,,
JAMB,Mathematics,1991,"3% of a family’s income is spent on electricity. 9% on
food. 20% on transport, 11% on education and 7% on
extended family. The angles subtended at the centre of
the pie chart under education and food are respectively",76.80 and 25.20,10.80 and 224.60,112.40 and 72.00,"39.60 and 212.40
Use the following information to answer question 48
and 49.
No of defective
per box
4      5      6     7    8     9
2      7     17   10    8     6
No . of boxes
Fifty boxes each of 50balls were inspected for the
number which were defective. The following was the
result",,,
JAMB,Mathematics,1991,"The mean and the median of the distribution are
respectively","6.7,6","6.7,6.5","6,6.7","6.5,6.7",,,
JAMB,Mathematics,1991,"Find the percentage of boxes containing at least 5
defective bolts each.",96,94,92,90,,,
JAMB,Mathematics,1991,"A crate of soft drinks contains 10bottles of Coca-cola,
8 of Fanta and 6 of Sprite. If one bottle s selected at
random, what is the probability that it is NOT a Coca
cola bottle?",5/12,1/3,¾,7/1,,,
JAMB,Mathematics,1992,Find n if 34n = 100112,,,,,,,
JAMB,Mathematics,1992,"The radius of a circle is given as 5cm subject to an error
of 0.1cm. what is the percentage error in the area of the
circle.",1/25,¼,4,25,,,
JAMB,Mathematics,1992,Evaluate Logban if b = 1/an,n2,n,1/n,1/n,,,
JAMB,Mathematics,1992,,,,,25,,,
JAMB,Mathematics,1992,,,,,,,,
JAMB,Mathematics,1992,,,,,,,,
JAMB,Mathematics,1992,,,,,,,,
JAMB,Mathematics,1992,,,,,,,,
JAMB,Mathematics,1992,,,18,24,27,,,
JAMB,Mathematics,1992,"Make l the subject of the formula
s = ut + ½ at2",1/a [u± √(u2−2as)],1/a [-u± √(u2 - 2as],1/a [u±√(u2 + 2as),1/a [-u±√(u2 + 2as)],,,
JAMB,Mathematics,1992,Factorize 9p2 – q2 + 6pr – 9r2,(3p – 3q + r)(3p – q – 9r),(6p – 3q + 3r)(3p – q – 4r),(3p – q + 3r)(3p + q – 3r),(3p – q + 3r)(3p – q – 3r),,,
JAMB,Mathematics,1992,Solve the equation y - 11    y + 24 = 0,"8,3","64,9","6,4","9,-8",,,
JAMB,Mathematics,1992,"A man invested a sum of #280.00 partly at 59% and
partly at 4%. If the total interest is #12.80 per annum,
find the amount invested at 5%.",#14.00,#120.00,#140.00,#160.00,,,
JAMB,Mathematics,1992,"If x + 1 is a factor of x3 + 3x2 + kx +4, find the value of k",6,–6,8,–8,,,
JAMB,Mathematics,1992,Resolve (3/x2 + x – 2) into partial fractions,1            -       1,"1          1
x-1                 x+2                     x + 2        x - 1",1     -    1,"1           1
x + 1   x  -   2           x - 2   +  x + 1",,,
JAMB,Mathematics,1992,Find all values of x satisfying the inequality –11≤ 43x ≤ 28,-5 ≤ x   ≤ 18,5  ≤ x  ≤  8,–8 ≤ x ≤  5,"–5 < x  ≤ 8
y
4",,,
JAMB,Mathematics,1992,"3
2
x
0
-3     -2     -1
1        2       3
-1
-2
-3
The sketch above is the curve of y = ax2 + bx + c. find a,
b, and c respectively","1,0,-4","–2,2,-4","0,1,-4","2,-2,-4",,,
JAMB,Mathematics,1992,,,,24,27,,,
JAMB,Mathematics,1992,"What is the nth term of the sequence 2,6,12,20,…?",4n – 2,2(3n - 1),n2 + n,n2 + 3n +2,,,
JAMB,Mathematics,1992,"For an arithmetic sequence, the first term is 2 and the
common difference is 3. find the sum of the fist 11 terms.",,,,,,,
JAMB,Mathematics,1992,"If the binary operation * is defined by m*n = mn + m + n
for any real number m and n, find the identity element
under this operation.",e = 1,e = -1,e = -2,"e = 0
Use the matrices below to answer questions 22 and 23.",,,
JAMB,Mathematics,1992,"When PT is the transpose of P, calculate [PT] when x = 0,
y = 1 and z = 2",48,24,–24,–48,,,
JAMB,Mathematics,1992,"PQ is equivalent to
A
PPT",,PP-T,QP,PP,,,
JAMB,Mathematics,1992,,,,,27,,,
JAMB,Mathematics,1992,,,,,,,,
JAMB,Mathematics,1992,"P
S
R
In the figure above, PQR is a semicircle while PQ and
QR are chords. QS is the perpendicular from Q to the
diameter PR. What is the expression for QS?",QS = PS.SR,QS = √(PS.SR),QS = √2 √(PS.SR),QS = 1/√2√(PS.SR),,,
JAMB,Mathematics,1992,,,,,,,,
JAMB,Mathematics,1992,"F
H
x
K
109
O
109
O
G
M
If in the diagram above, FG is parallel to KM, find the
value of x",750,950,1050,1250,,,
JAMB,Mathematics,1992,"X is a point due east of point Y on a coast Z is another
point on the coast but 6.3km due south of Y. if the
distance ZX is 12km, calculate the bearing of Z from X",2400,2100,15008,600,,,
JAMB,Mathematics,1992,"6 cm
O
6 cm
The above diagram is a circle with centre O. find the
area of the shaded portion.",9πcm2,9(π  -2)cm2,"18πcm2
3D.
36πcm2",,,,
JAMB,Mathematics,1992,"The locus of a point which is equidistant from two
given fixed points is the","perpendicular bisector of the straight line
joining them",parallel line to the straight line joining them,transverse to the straight line joining them,"angle bisector of 900 which the straight line
joining them makes with the horizontal",,,
JAMB,Mathematics,1992,"What is the perpendicular distance of a point (2, 3 )from
the line 2x – 4y + 3 = 0",√5/2,-√5/20,–5/√13,0,,,
JAMB,Mathematics,1992,"Find the equation of the line through (5, 7) parallel to
the line7x + 5y = 12",5x + 7y = 120,7x + 5y = 70,x + y = 7,15x + 17y = 90,,,
JAMB,Mathematics,1992,"Given that q is an acute angle and sin q = m/n, find cot q.",n2 - m2,"(n + m) (n - m)
m                                     m
m",,"n
n2 - m2                              n2 - m2",,,
JAMB,Mathematics,1992,"R
30
O
15
O
X
Z
10 cm
In the figure above, if XZ is 10cm, calculate RY in cm",10,10(1 – 1/Ö3),10(1 - Ö3),10(1 - 1Ö2),,,
JAMB,Mathematics,1992,,,,,"28
Q",,,
JAMB,Mathematics,1992,"If y = x, find d2y/dx2",2 cos x – x sin x,sin x + x cos x,sin x – x cos x,x sin x – 2 cos x,,,
JAMB,Mathematics,1992,"Ice forms on a refrigerator ice-box at the rate of (4 –
0.6t)g per minute after t minute. If initially there are 2g
of ice in the box, find the mass of ice formed in 5 minutes.",19.5,17.0,14.5,12.5,,,
JAMB,Mathematics,1992,"Obtain a maximum value of the function
f(x) = x3 – 12x + 11",-5,–2,5,27,,,
JAMB,Mathematics,1992,,,,36,"28
Q",,,
JAMB,Mathematics,1992,Evaluate the integral   π/4π/12 cos 2x dx,-1/2,–1,½,1,,,
JAMB,Mathematics,1992,"A storekeeper checked his stock of five commodities
and arrived at the following statistics.
Commodity
Quantity
F
G
H
K
M
215
113
108
216
68
What angle will commodity H represent on a pie chart?",2160,1080,680,540,,,
JAMB,Mathematics,1992,"2            4           6          8
x
f
4            y           6          5
If the mean of the above frequency distribution is 5.2,
find y",6.0,5.2,5.0,4.0,,,
JAMB,Mathematics,1992,"0      1   2     3     4     5      6
7     11   6    7      7    5      3
No . of children
No . of families
Find the mode and median respectively of the
distribution above","2,1","1,2","1,5","5,2",,,
JAMB,Mathematics,1992,"If the scores of 3students in a test are 5,6 and 7 find the
standard deviation of their scores",2/3,3/2√3,√ 2/3,√3/2,,,
JAMB,Mathematics,1992,"Sample variance can be defined as
S2 = 1/n      n=1  (x1-x)2 and
S2 =  1      n∑n=11 (x1−x)
(n-1)
Where n is the number of sample observations. There
is no difference practically between the above
definitions when",n  =35,n > 35,n < 35,n = 5,,,
JAMB,Mathematics,1992,"Two perfect dice are throw together. Determine the
probability of obtaining a total score of 8",1/12,5/36,1/8,7/36,,,
JAMB,Mathematics,1992,,,24,–24,–48,,,
JAMB,Mathematics,1992,"Five people are to be arranged in a row for a group
photograph. How many arrangements are there if a
married couple in the group insist on sitting next to
each other?",48,24,20,10,,,
JAMB,Mathematics,1992,"A student has 5 courses to take from Mathematics and
Physics. There are 4 courses in Mathematics and 3 in
Physics which he can choose from at will. In how many
ways can he choose his courses so that he takes exactly
two courses in Physics?",11,12,10,7,,,
JAMB,Mathematics,1993,Change 7110 to base 8,1078,1068,718,178,,,
JAMB,Mathematics,1993,Evaluate 3524/0.05 correct to 3 significant figures.,705,70000,70480,70500,,,
JAMB,Mathematics,1993,"If 9(x-1/2)= 3x2, find the value of x.",½,1,2,3,,,
JAMB,Mathematics,1993,,,,,4(1+x),,,
JAMB,Mathematics,1993,Simplify  1/3-2 – 1/3+2,4,2/3,0,-4,,,
JAMB,Mathematics,1993,"If 2 log3 y+ log3
x2 = 4, then y is","(4-log3
x2)/2","4/log3
x2",2/X,± 9/X,,,
JAMB,Mathematics,1993,"Solve without using tables
log5 (62.5)-log5 (1/2)",3,4,5,,,,
JAMB,Mathematics,1993,,,,,,,,
JAMB,Mathematics,1993,"Y
X
Z
The shaded portion in the venn diagram above is",XÇZ,XcÇYÇZ,XÇYcÇ Z,XÇYÇZc,,,
JAMB,Mathematics,1993,,,,,,,,
JAMB,Mathematics,1993,"Make x the subject of the relation
1+ax/1-ax = p/q",p+q/a(p-q),p-q /a(p+q),p-q/apq,pq/a(p-q),,,
JAMB,Mathematics,1993,,,,,27,,,
JAMB,Mathematics,1993,"Evaluate
(x+1/x+1)2 – (x-1/x-1) 2",4x2,(2/x+2) 2,4,4(1+x),,,
JAMB,Mathematics,1993,"Solve the following simultaneous equations for x.
x2 + y – 5= 0
y – 7x  + 3=0","-2, 4","2, 4","-1, 8","1, -8",,,
JAMB,Mathematics,1993,"Solve the following equation
(3x-2)(5x-4)=(3x-2) 2","-3/2, 1",1,"2/3, 1","2/3, 4/5",,,
JAMB,Mathematics,1993,Q,,,,,,,
JAMB,Mathematics,1993,"If the function f is defined by
f(x+2)=2x2 + 7x – 5, find f(-1)",-10,-8,4,10,,,
JAMB,Mathematics,1993,"Divide the expression
x3 + 7x2 –x –7 by -1 +x2",–x3+7x2-x-7,–x3-7x+7,X-7,X+7,,,
JAMB,Mathematics,1993,"Simplify
1/p-1/q –p/q-q/p",1/p-q,-1/p+q,1/pq,1/pq(p-q),,,
JAMB,Mathematics,1993,"Solve the inequality
y2-3y>18",-2<y<6,y<-3 or y>6,y>-3 or y>6,y<-3 or y<6,,,
JAMB,Mathematics,1993,"If x is negative, what is the range of values of x within
which
x+1/3 > 1/x+3",3<x<4,-4<x<-3,-2<x<-1,-3<x<0,,,
JAMB,Mathematics,1993,"A man’s initial salary is #540.00 a month and increases
after each period of six months by #36.00 a month.
Find his salary in the eighth month of the third year.",#828.00,#756.00,#720.00,#684.00,,,
JAMB,Mathematics,1993,"If k+1, 2k-1,3k+1 are three consecutive terms of a
geometric progression, find the possible values of the
common ratio.","0,8
B
-1, 5/3",,"2, 3","1, -1",,,
JAMB,Mathematics,1993,"A binary operation * is defined on a set of real
numbers by x*y = xy for all real values of x and y, if
x*2 = x, find the possible values of x","0, 1","1, 2","2, 2","0,2",,,
JAMB,Mathematics,1993,"P
Q
R
V
T
U
S
PQRST is a regular pentagon and PQVU is a
rectangle with U and V lying on TS and SR
respectively as shown in the diagram above. Calculate
TUV",180,540,900,1080,,,
JAMB,Mathematics,1993,"A regular polygon has 1500 as the size of each interior
angle. How many sides has the polygon?",12,10,9,8,,,
JAMB,Mathematics,1993,,,,,,,,
JAMB,Mathematics,1993,"P
O
S
Q
T
R
In the diagram above, PQRS is a circle with O as
centre and PQ//RT if RTS = 320 , find PSQ",320,450,580,900,,,
JAMB,Mathematics,1993,,,,,,,,
JAMB,Mathematics,1993,"O
O
x
O
T
2x
O
x
O
P
The figure above represents the graphs of y= x (2-x)
and y = (x-1) (x-3). What are the x-coordinates of p,
q and r respectively?","1,3,2","0,0,0","0,2,3","1,2,3",,,
JAMB,Mathematics,1993,S,,,,,,,
JAMB,Mathematics,1993,"P
9 cm
4 cm
R
Q
S
3 cm
In the diagram above, QPS = SPR, PR= 9cm, PQ=
4cm and QS=3cm. Find SR.",63/4,33/8,43/8,22/3,,,
JAMB,Mathematics,1993,"The three sides of an isosceles triangle are of lengths
x+3, 2x+3, 2x-3 respectively. Calculate x.",0,1,3,"6
34.
S
5 cm
O
Q
2 cm
T",,,
JAMB,Mathematics,1993,"0
R
73
0
T
S
In the diagram above, QP//ST; PQR. = 340 , QRS=
730 and RS = RT. Find SRT",680,1020,1070,"1410
T
U
P",,,
JAMB,Mathematics,1993,"T
U
V
Y
S
R
In the figure above, the area of the square PQRS is
100cm2. If the ratio of the area of the square TUYS
to the area of the square XQVU is 1:16, find YR",6cm,7cm,8cm,9cm,,,
JAMB,Mathematics,1993,"Find the radius of a sphere whose surface area is
154cm2
(    =22/7)",7.00cm,3.50cm,3.00cm,"1.75cm
π",,,
JAMB,Mathematics,1993,"Find the area of the sector of a circle with radius 3m,
if the angle of the sector is 600",4.0m2,4.1m2,4.7m2,5.0m2,,,
JAMB,Mathematics,1993,The angle between latitudes 300S and 130N is,170,330,430,530,,,
JAMB,Mathematics,1993,"If sin θ= cos 0, find 0 between 00  and 3600.","450 ,2250","1350 ,3150","450 ,3150","1350 ,2250",,,
JAMB,Mathematics,1993,"Q
P
H
5
m
30
0
45
0
From the figure above, calculate TH in centimeters.",5/(√3+1),5/√3-1,5/√3,√3/5,,,
JAMB,Mathematics,1993,"If two angles of a triangle are 300 each and the longest
side is 10cm, calculate the length of each of the other
sides.",5cm,4cm,3√3cm,10√3/5cm,,,
JAMB,Mathematics,1993,"Quantities in the proportions 1,4,6,7 are to be
represented in a pie chart. Calculate the angle of the
sector with proportion 7",200,800,1200,1400,,,
JAMB,Mathematics,1993,"The bar chart above shows the distribution of marks
in a class test. How many students took the test?",15,20,25,50,,,
JAMB,Mathematics,1993,"The following marks were obtained by twenty
students in an examination
53 30 70 84 59 43 90 20 78 48
44 60 81 73 50 37 67 68 64 52
Find the number of students who scored at least
50marks",6,10,13,14,,,
JAMB,Mathematics,1993,"Estimate the mode of the frequency distribution
above.",13.2g,15.0g,16.8g,17.5g,,,
JAMB,Mathematics,1993,"The mean of the ages of ten secondary school pupils
is 16 but when the age of their teacher is added to it,
the mean becomes 19. Find the age of the teacher.",27,35,38,49,,,
JAMB,Mathematics,1993,"1 - 5
6 - 10
11 - 15
16 - 20
21 - 25
26 - 30
31 - 35
36 - 40
2
4
5
2
3
2
1
1
Find the median of the observations in the table",,,,,,,
JAMB,Mathematics,1993,"A number is selected at random between 20 and 30
both numbers inclusive. Find the probability that the
number is a prime",2/11,5/11,6/11,"8/11
Mathematics 1994",,,
JAMB,Mathematics,1993,"47
1 - 5
6 - 10
11 - 15
16 - 20
21 - 25
26 - 30
31 - 35
36 - 40
2
4
5
2
3
2
1
1
Find the median of the observations in the table",,,,,,,
JAMB,Mathematics,1993,"0
Q
x
R
In the figure above, PT is a tangent to the circle at u
and QU//RS. If TUR=350 and SRU = 50.0 find x.",950,850,500,350,,,
JAMB,Mathematics,1994,"Evaluate
1/3÷[5/7(9/10 – 1 + 3/4)]",28/39,13/84,39/28,84/13,,,
JAMB,Mathematics,1994,"Evaluate (0.36x 5.4 x 0.63) (4.2 x 9.0 x 2.4)
correct to 2 significant figures",0.013,0.014,0.13,0.14,,,
JAMB,Mathematics,1994,"Evaluate
Log5(0.04)
(Log318 – Log32)",1,-1,2/3,-2/3,,,
JAMB,Mathematics,1994,"Without using tables, solve the equation
8x-2 = 2/25",4,6,8,10,,,
JAMB,Mathematics,1994,"Simply
√48 – 9/√3 + √75",5√3,6√3,8√3,18√3,,,
JAMB,Mathematics,1994,,5√3,6√3,8√3,18√3,,,
JAMB,Mathematics,1994,"In a science class of 42 students, each offers at least
one of Mathematics and Physics. If 22 students offer
Physics and 28 students offer Mathematics, find how
many students offer Physics only?",6,8,12,14,,,
JAMB,Mathematics,1994,,5√3,6√3,8√3,18√3,,,
JAMB,Mathematics,1994,Solve for x if 25x + 3(5x) = 4,1 or -4,0,1,-4 or 0,,,
JAMB,Mathematics,1994,"Simplify
[(2m - u)2 – (m – 2u)2]
(5m2 – 5u2)",¾,2/5,2m – u/5m + u,m – 2u/m + 5u,,,
JAMB,Mathematics,1994,"Factorize
a2x – b2y – b2x + a2y",(a - b)(x + y),(y - x)(a - b)(a + b),(x - y)(a - b)(a + b),(x + y)(a - b)(a + b),,,
JAMB,Mathematics,1994,"Find the values of p  and q such that (x - 1) and (x -
3) are factors of px3 + qx2 + 11x - 6","-1,-6","1,-6","1,6","6,-1
y",,,
JAMB,Mathematics,1994,"x
(3.0)
0
(0.-27)
The equation of the graph above is",y = (x - 3)3,y = (x + 3)3,y = x3 – 27,y = -x3 + 27,,,
JAMB,Mathematics,1994,,,,,,,,
JAMB,Mathematics,1994,"Solve for r in the following equation
1/(r – 1) + 2/(r + 1) = 3/r",3,4,5,6,,,
JAMB,Mathematics,1994,Find P if x – 3/(1 - x)(x + 2) = P/(1 – x) + Q/(x + 2),-2/3,-5/3,5/3,2/3,,,
JAMB,Mathematics,1994,"Find the range of values of x for which 1/x > 2 is
true",x < ½,x < 0 or x > ½,0 < x < ½,1 < x < 2,,,
JAMB,Mathematics,1994,"y
2x-y-2=0
-4
-2
x
0
-2
1                2                3
Find the inequality which represents the shaded
portion in the diagram",2x – y – 2 £ 0,2x – y – 2 ³ 0,2x – y – 2 < 0,2x – y – 2 > 0,,,
JAMB,Mathematics,1994,"If the 6th term of an arithmetic progression is 11 and
the first term is 1, find the common difference.",12/5,5/3,-2,2,,,
JAMB,Mathematics,1994,"Find the value of r if log10r + log10r2 + log10r4 + log10r8
+ log10r16 + log10r32 = 63",10-8,100,10,102,,,
JAMB,Mathematics,1994,"Find the nth term of the sequence
3,6,10,15,21,…..",n(n - 1/2),n(n + 1/2),(n + 1)(n + 2)/2,n(2n + 1),,,
JAMB,Mathematics,1994,"A binary operation * is defined on the set of all positive
integers by a*b = ab for all positive integers a,b. which of
the following properties does NOT hold?",Closure,Associativity.,Identity.,Inverse.,,,
JAMB,Mathematics,1994,"xO mod
10           2           4           6          8
2
4
8
2
6
4
8
6
4
2
6
2
4
6
8
8
6
2
8
4
The multiplication table above has modulo 10 on the
set S = {2,4,6,8}. Find the inverse of 2",2,4,6,8,,,
JAMB,Mathematics,1994,"Solve for x and y
1
1
x       =  4
3
y
1
1","x = -3, y = 3","x = 8, y = 3","x = 3, y = -8","x = 8, y = -3",,,
JAMB,Mathematics,1994,"The determinant of the matrix
(1
2
3)
(4
5
6)
is
(2
0          -1)",-67,-57,-3,3,,,
JAMB,Mathematics,1994,,,,,,,,
JAMB,Mathematics,1994,"Q
R
O",,,,,,,
JAMB,Mathematics,1994,"If three angles of a quadrilateral are (3y – x - z)0, 3x0,
(2z – 2y - x) 0, find the fourth angle in terms of x, y, and
z.",(360 – x – y - z)0,(360 + x + y - z)0,(180 – x + y + z)0,(180 + x + y + z)0,,,
JAMB,Mathematics,1994,"An open rectangular box is made of wood 2cm thick. If
the internal dimensions of the box are 50cm long, 36cm
wide and 20cm deep, the volume of wood in the box is",11520cm3,36000cm3,38200cm3,47520cm3,,,
JAMB,Mathematics,1994,"O
The equation of the line in the graph above is",3y = 4x + 12,3y = 3x + 12,3y = -4x + 12,3y = -4x + 9,,,
JAMB,Mathematics,1994,"60
O
50
O
Q
T
P
In the diagram above, PTS is a tangent to the circle
TQR at T. calculate < RTS.",1200,700,600,400,,,
JAMB,Mathematics,1994,"5 cm
h
6 cm
7 cm",,,,,,,
JAMB,Mathematics,1994,"h
In the frustum of a cone shown above, the top diameter
is twice the bottom diameter. If the height of the frustum
is h centimeters, find the height of the cone.",2h,2πh,πh,πh/2,,,
JAMB,Mathematics,1994,"What is the locus of a point P which moves on one side
of a straight line XY, so that the angle XPY is always
equal to 900",The perpendicular,"A right-angled triangle.
bisector of XYX",A circle,A semi-circle.,,,
JAMB,Mathematics,1994,"If M(4,q) is the mid-point of the line joining L(p, -2)
and N(q, p), find the values of p and q.","p = 2, q = 4","p = 3, q = 1","p = 5, q = 3","p = 6, q = 2",,,
JAMB,Mathematics,1994,"y
(0,4)
(0,0)
(3,0)
x",,,,,,,
JAMB,Mathematics,1994,"The angle of depression of a boat from the top of a
cliff 10m high is 300. how far is the boat from the
foot of the cliff?",5√3/3m,5√3m,10√3m,10√3/3m,,,
JAMB,Mathematics,1994,"O
S
P
In the diagram above, O is the centre of the circle. If
SOQ is a diameter and <PRS is  380, what is the value
of <PSQ?",1480,1040,800,520,,,
JAMB,Mathematics,1994,"If y = 3t3 + 2t2 – 7t + 3, find dy/dt at t = -1",-1,1,-2,2,,,
JAMB,Mathematics,1994,"Find the point (x, y) on the Euclidean plane where
the curve y = 2x2 – 2x + 3 has 2 as gradient.","(1,3)","(2,7)","(0,3)","(3,15)",,,
JAMB,Mathematics,1994,Integrate (1 – x)/x3 with respect to x.,(x – x2)/(x4 + k),4/x4 – 3/x3 + k,1/x – 1/2x2 + k,1/3x3 – 1/2x + k,,,
JAMB,Mathematics,1994,"Evaluate      1
(2x + 1)2 dx
-1",32/3,4,41/3,42/3,,,
JAMB,Mathematics,1994,"72
O
64.8
O
43.2
O
A2
F
144
O
A1
The grades A1, A2, A3, C4 and F earned by
students in a particular course are shown in the pie
chart above. What percentage of the students
obtained a C4 grade?",52.0,43.2,40.0,12.0,,,
JAMB,Mathematics,1994,"1
2
3
4
5
x
f
2            1          2          1         2
The table above shows the frequency distribution
of a data. If the mean is 43/14, find y.",1,2,3,4,,,
JAMB,Mathematics,1994,"The mean of twelve positive numbers is 3. when
another number is added, the mean becomes 5. find
the thirteenth number.",29,26,25,24,,,
JAMB,Mathematics,1994,"Find the mean deviation of the set of numbers 4, 5, 9
A
0",,2,5,"6
1-5      6-10     11-15    16-20  21-25
6         15         20           7         2
Class interval
Frequency",,,
JAMB,Mathematics,1994,"Estimate the median of the frequency distribution
above.",101/2,111/2,121/2,13,,,
JAMB,Mathematics,1994,"1
2
3
4
5
x
f
+ 2     - 1       2 + 3     + 4     3 - 4
y
y
y
y
y
Find the variance of the frequency distribution above",3/2,9/4,5/2,3,,,
JAMB,Mathematics,1994,"10         11          12
Age in years
6           27          7
Number of pupils
The table above shows the number of pupils in each
age group in a class. What is the probability that a
pupil chosen at random is at least 11 years old?",27/40,17/20,33/40,3/20,,,
JAMB,Mathematics,1994,"O
30
O
The equation of the line in the graph above is",3y = 4x + 12,3y = 3x + 12,3y = -4x + 12,3y = -4x + 9,,,
JAMB,Mathematics,1995,Calculate 33105 - 14425,13135,21135,43025,11035,,,
JAMB,Mathematics,1995,Convert 3.1415926 to 5 decimal places,3.14160,3.14159,0.31415,3.14200,,,
JAMB,Mathematics,1995,"The length of a notebook 15cm, was measured as
16.8cm. calculate the percentage error to 2 significant
figures.",12.00%,11.00%,10.71%,0.12%,,,
JAMB,Mathematics,1995,"A worker’s present salary is #24,000 per annum. His
annual increment is 10% of his basic salary. What would
be his annual salary at the beginning of the third year?","#28,800","#29,040","#31,200","#31,944",,,
JAMB,Mathematics,1995,"Express the product of 0.0014 and 0.011 in standard
form.",1.54 x 102,1.54 x 10-3,1.54 x 104,1.54 x 10-5,,,
JAMB,Mathematics,1995,"Evaluate  (813/4  -  27 1/3)
3 x 23",27,1,1/3,1/8,,,
JAMB,Mathematics,1995,Find the value of (16)3/2 + log100.0001 + log232,0.065,0.650,6.500,65.00,,,
JAMB,Mathematics,1995,"Simplify √12 - √3
√12 + √3",1/3,0,9/15,1,,,
JAMB,Mathematics,1995,"Four members of a school first eleven cricket team are
also members of the first fourteen rugby team. How
many boys play for at least one of the two teams?",25,21,16,3,,,
JAMB,Mathematics,1995,"If S = (x : x2 = 9, x > 4), then S is equal to",0,{0},f,{f},,,
JAMB,Mathematics,1995,"If x – 1 and x + 1 are both factors of the equation x3 +
px3 + qx + 6 = 0, evaluate p and q","–6, -1","6, 1",-1,"6, -6",,,
JAMB,Mathematics,1995,"Find a positive value of p if the equation 2x2 – px + p
leaves a remainder 6 when added",1,2,3,4,,,
JAMB,Mathematics,1995,"Find r in terms of K, Q and S if s = 2r√ (QπΤ+Κ)",r2     -    k,"r2       -    k
2πr2Q     Q              4πr2Q",r2     - k,"r2        -  k
2πr2Q                           4πr2Q",,,
JAMB,Mathematics,1995,"The graph of f(x) = x2 - 5x + 6 crosses the x-axis at the
points",,,,,,,
JAMB,Mathematics,1995,"Factorize completely the expression
abx2 + 6y – 3ax –2byx",(ax – 2y)(bx - 3),(bx + 3)(2y - ax),(bx + 3)(ax – 2y),(ax – 2y) (ax - b),,,
JAMB,Mathematics,1995,Solve the following inequality (x - 3)(x - 4) ≤0,3≤ x ≤ 4,3 < x < 4,3 ≤ x < 4,3 < x  ≤4,,,
JAMB,Mathematics,1995,The 4th term of an,175,85,64,45,,,
JAMB,Mathematics,1995,"Simplify          x2  - 1
x3 + 2x2 – x - 2",1/x + 2,x – 1/x + 1,x – 1/x + 2,1/x – 2,,,
JAMB,Mathematics,1995,Express 5x – ½ (x - 2)(x - 3) in partial fraction,2/x – 2 – 3/x – 3,2/x – 2 + 3/x – 3,2/x – 3 – 3x –2,"5/x – 3 + 4/x – 2
y",,,
JAMB,Mathematics,1995,"x
-1
0
1
2
Use the graph of the curve y = f(x) above to solve the
inequality f(x) > 0.","-1≤  x ≤ 1, x > 2","x ≤-1, 1, < x > 2","x≤  -1, 1 ≤ x ≤ 2","x ≤ 2, -1 ≤ x ≤ 1",,,
JAMB,Mathematics,1995,"Which of the following binary operation is commutative
in a set of integers?",a*b = a + 2b,a*b = a +  b –ab,a*b = a2 + b,a*b = a(b + 1)/2,,,
JAMB,Mathematics,1995,"If a*b = +√ab, Evaluate 2*(12*27)",12,9,6,2,,,
JAMB,Mathematics,1995,"Find the sum to infinity of the following sequence
1, 9/10, (9/10)2, (9/10)3",1/10,9/10,10/9,10,,,
JAMB,Mathematics,1995,"Find the value of K if    2, 1,  1
2, 1    k
1, 3   -1    = 23",1,"2
C
3
D
4",,,,,
JAMB,Mathematics,1995,"If X =            1,   2         and Y  =   2,      1
0,  3                           4,      3","(10,  7)","(2,   7)
(12,  9)
(1,  17)","(10,   4)","(4,   3)
( 4,    6)
(10,  9)",,,
JAMB,Mathematics,1995,"81
O
x
53
O
Determine the value of x in the figure above",1340,810,530,"460
Z",,,
JAMB,Mathematics,1995,"Y
X",,,,,,,
JAMB,Mathematics,1995,"In a triangle XYZ, <YXZ = 440? and <XYZ = 1120.
calculate the acute angle between the internal triangle
of <XYZ and <XZY.",420,560,680,780,,,
JAMB,Mathematics,1995,"Find the distance between two towns P(450N, 300N) and
Q(150S, 300W) if the radius of the earth is 7 000km.",x – 2y + 1 = 0,2x + y – 3 – 0,x – 2y – 3 = 0,2x + y – 1 = 0,,,
JAMB,Mathematics,1995,"O
10 cm
P
R
In the diagram above, find PQ if the area of triangle
PQR is 35ccm2",97cm,10cm,14cm,17cm,,,
JAMB,Mathematics,1995,"P is on the locus of a point equidistant form two given
points X and Y. UV is a straight line through Y parallel
to the locus. If < PYU is 400 find <XPY",1000,800,500,"400
117
O
km
n",,,
JAMB,Mathematics,1995,"xO
In the diagram above, k, m, and n are parallel lines.
What is the value of the angle marked x?",370,630,1170,1530,,,
JAMB,Mathematics,1995,"12 cm
14 cm
In the diagram above, the base diameters is 14cm while
the height is 12cm. Calculate the total surface area if
the cylinder has both a base and a top (p = 22/7)",836cm2,528cm2,308cm2,"154cm2
Q",,,
JAMB,Mathematics,1995,"30
O
10 cm
P
R
In the diagram above, find PQ if the area of triangle
PQR is 35ccm2",97cm,10cm,14cm,17cm,,,
JAMB,Mathematics,1995,"A schoolboy lying on the ground 30m away from the
foot of a water tank lower observes that the angle of
elevation of the top of the tank is 600. Calculate the
height of the water tank.",60m,30.3m,20.3m,10.3m,,,
JAMB,Mathematics,1995,"QRS is a triangle with QS = 12m, <RQS = 300 and
<QRS = 450,  calculate the length of RS.",18√2m,12√2m,6√2m,3√2m,,,
JAMB,Mathematics,1995,"Which of the following is a sketch of y = 3 sin x?
3",,"0
2
2
3
0
2
2
3
3
3",,"0
0
2
2
3
2
2
3",,,
JAMB,Mathematics,1995,The derivative of cosec x is,tan x cosec x,– cot x cosec x,tan x sec x,–cot x sec x,,,
JAMB,Mathematics,1995,"For what value of x is the tangent o the curve y = x2 –
4x + 3 parallel to the x – axis?",3,2,1,0,,,
JAMB,Mathematics,1995,"Two variables x and y are such that dy/dx = 4x – 3 and y
= 5 when x = 2. find y in terms of x",2x2 – 3x + 5,2x2 – 3x + 3,2x2 – 3x,4,,,
JAMB,Mathematics,1995,"Find the area bounded by the curve y = 3x2 – 2x + 1, the
coordinates x = 1 and y = 3 and the x-axis",24 9.,"22
47",21,20,,,
JAMB,Mathematics,1995,"Age in years
13    14    15    16   17
3    10    30    42   15
No . of students
The frequency distribution above shows the ages of
students in a secondary school. In a pie chart constructed
to represent the data, the angle corresponding to the 15
years-old is",270,300,540,1080,,,
JAMB,Mathematics,1995,"90
O
150
O
Economics History
French",25,15,10,8,,,
JAMB,Mathematics,1995,"The mean and the range of the set of numbers
0.20,1.00,0.90,1.40,0.80,0.80,1.20,and 1.10
are m and r respectively. Find m + r",1.11,1.65,1.85,2.45,,,
JAMB,Mathematics,1995,,,,,,,,
JAMB,Mathematics,1995,"The variance of the scores 1,2,3,4,5 is",1.2,1.4,2.0,"3.0
Use the table below to answer questions 47 and 48
Frequency
Class
Boudaries
Class
Mid-point
Class
Interval
1.7
2.2
2.7
3.2
3.7
4.2
4.7
2
1
4
15
10
5
3
1.45-1.95
1.95-2.45
2.45-2.95
2.95-3.45
3.45-3.95
3.95-4.45
4.45-4.95
1.5-1.9
2.0-2.4
2.5-2.9
3.0-3.4
3.5-3.9
4.0-4.4
4.5-4.9",,,
JAMB,Mathematics,1995,find the mode of the distribution,3.2,3.4,3.7,4.2,,,
JAMB,Mathematics,1995,The median of the distribution is,4.0,3.5,3.2,3.0,,,
JAMB,Mathematics,1995,"Let P be a probability function on set S, where S =
(a1,a2,a3,a4) find P(a1) if P(a2) = P(a3) = 1/6 and P(a4)1/5",7/10          B 2/3,,1/3,3/10,,,
JAMB,Mathematics,1995,"O
P
T
PT is a tangent to the circle TYZX, YT = YX and <
PTX = 500. calculate <TZY",500,650,850,1300,,,
JAMB,Mathematics,1997,"4
15
10
5
3
1.45-1.95
1.95-2.45
2.45-2.95
2.95-3.45
3.45-3.95
3.95-4.45
4.45-4.95
1.5-1.9
2.0-2.4
2.5-2.9
3.0-3.4
3.5-3.9
4.0-4.4
4.5-4.9",,,,,,,
JAMB,Mathematics,1997,"1
4
15
10
5",,,,,,,
JAMB,Mathematics,1997,"1.45-1.95
1.95-2.45
2.45-2.95
2.95-3.45
3.45-3.95
3.95-4.45
4.45-4.95
1.5-1.9
2.0-2.4
2.5-2.9
3.0-3.4
3.5-3.9
4.0-4.4
4.5-4.9",,,,,,,
JAMB,Mathematics,1997,"15
10",,,,,,,
JAMB,Mathematics,1997,"3
1.45-1.95
1.95-2.45
2.45-2.95
2.95-3.45
3.45-3.95
3.95-4.45
4.45-4.95
1.5-1.9
2.0-2.4
2.5-2.9
3.0-3.4
3.5-3.9
4.0-4.4
4.5-4.9",,,,,,,
JAMB,Mathematics,1997,"If 8x/2 = [23/8][43/4], find x",3/8,¾,4/5,5/4,,,
JAMB,Mathematics,1997,Simplify (2√3+3√5)/(3√5 - 2√3),,,,,,,
JAMB,Mathematics,1997,"Find the simple interest rate per cent per annum at
which #1000 accumulates to #1240 in 3 years.",6%,8%,10%,12%,,,
JAMB,Mathematics,1997,"If U = {S,P,L,E,N,D,O,U,R}
X = {S,P,E,N,D}
Y = {P,N,O,U,R}
Find X∩(Y’UZ).","{P,O,U,R}","{S,P,D,R}","{P,N,D}","{N,D,U}",,,
JAMB,Mathematics,1997,"5
3
1.45-1.95
1.95-2.45
2.45-2.95
2.95-3.45
3.45-3.95
3.95-4.45
4.45-4.95
1.5-1.9
2.0-2.4
2.5-2.9
3.0-3.4
3.5-3.9
4.0-4.4
4.5-4.9",,,,,,,
JAMB,Mathematics,1997,,,,,20,,,
JAMB,Mathematics,1997,"Solve the simultaneous equations
2/x – 3/y = 2, 4/x + 3/y = 10","x = 3/2, y = ½","x = ½, y = 3/2","x = -1/2, y = -3/2","x = ½, y = - 3/2",,,
JAMB,Mathematics,1997,"Find the minimum value of x2 – 3x + 2 for all  real
values of x.",-1/4,-1/2,¼,½,,,
JAMB,Mathematics,1997,"Make f the subject of the formula
t =
v
1 + 1
f     g",gv – t2/gt2,gt2/gv – t2,v/t1/2  - 1/g,gv/t2 – g,,,
JAMB,Mathematics,1997,"10
5
3
1.45-1.95
1.95-2.45
2.45-2.95
2.95-3.45
3.45-3.95
3.95-4.45
4.45-4.95
1.5-1.9
2.0-2.4
2.5-2.9
3.0-3.4
3.5-3.9
4.0-4.4
4.5-4.9",,,,,,,
JAMB,Mathematics,1997,"Find the value of K if 5+2r/(r+1)(r-2) expressed in partial
fraction is K/r-2 + L/r+1, where K and L are constants.",3,2,1,-1,,,
JAMB,Mathematics,1997,"Let f(x) = 2x + 4 and g(x) = 6x + 7 where g(x) > 0.
solve the inequality f(x)/g(x) < 1",x < - ¾,x > - 4/3,x > - 3/4,x > - 12,,,
JAMB,Mathematics,1997,"Find the range of values of x which satisfies the
inequality 12x2< x + 1",-1/4 < x < 1/3,¼ < x <1/3,-1/3 < x<1/4,-1/4 < x <-1/3,,,
JAMB,Mathematics,1997,"Sn is the sum of the first n terms of a series given by
Sn = n2 – 1. find the nth term.",4n + 1,4n – 1,2n + 1,2n – 1,,,
JAMB,Mathematics,1997,,,,,,,,
JAMB,Mathematics,1997,"Two binary operations * and Ä are defined as m*n =
mn – n – 1 and m Ä n = mn + n – 2 for all real numbers
m, n. find the values of 3Ä (4*5).",60,57,54,42,,,
JAMB,Mathematics,1997,"If xy =  x + y – xy, find x,
when (x*2)+(x*3) = 68",24,22,-12,-21,,,
JAMB,Mathematics,1997,"Determines x + y if
2   -3   (x)   = (-1)
-1    4  (y)      (8)",3,4,7,12,,,
JAMB,Mathematics,1997,"Find the non-zero positive value of x which satisfies
the equation
x  1  0
1  x   1    =  0
0  1   x",2,3,2,1,,,
JAMB,Mathematics,1997,"Each of the base angles of an isosceles triangle is
580 and all the vertices of the triangle lie on a
circle. Determine the angle which the  base of the
triangle subtends at the centre of the circle.",1280,1160,640,"580
F
K",,,
JAMB,Mathematics,1997,,,,,,,,
JAMB,Mathematics,1997,"2 cm
X
Y
The figure above shows circles of radii 3cm and 2cm
with centres at X and Y respectively. The circles have
a transverse common tangent of length 25cm.
Calculate XY.",630 cm,626 cm,615 cm,600 cm,,,
JAMB,Mathematics,1997,"A chord of a circle diameter 42cm subtends an angle
of 600 at the centre of the circle. Find the length of
the minor arc.",22 cm,44 cm,110 cm,"220 cm
[    = 22/7]",,,
JAMB,Mathematics,1997,"An arc of a circle subtends an angle of 700 at the
centre. If the radius of the circle is 6cm, calculate the
area of the sector subtended by the given angle.",22 cm2,"44 cm2
π",66 cm2,88 cm2,,,
JAMB,Mathematics,1997,"5 cm
8 cm
11 cm
10 cm
Find the volume of the prism above.",,,,,,,
JAMB,Mathematics,1997,"A cone with the sector angle of 450 is cut out of a
circle of radius r cm. find the base radius of the
cone.",r/16cm,r/8cm,r/4cm,r/2cm,,,
JAMB,Mathematics,1997,"A point P moves so that it is equidistant from
points L and M. if LM is 16cm, find the distance of
P from LM when P is 10cm from L.",12cm,10cm,8cm,6cm,,,
JAMB,Mathematics,1997,"The angle between the positive horizontal axis and
a given line is 1350. find the equation of the line if
it passes through the point (2, 3).",x – y = 1,x + y = 1,"x + y = 5
D
x – y = 5",,,,
JAMB,Mathematics,1997,"O
x
47
O
G
H
R
From the figure above, FK//GR and FH = GH,< RFK
= 340 and < FGH = 470. calculate the angle marked
x.",420,520,640,"720
25 cm
3 cm",,,
JAMB,Mathematics,1997,"The angle of elevation of a building from a
measuring instrument placed on the ground is 300.
if the building is 40m high, how far is the
instrument from the foot of the building?",20√3m,40√3m,20√3m,40√3m,,,
JAMB,Mathematics,1997,"In a triangle XYZ, if <XYZ is 600, XY = 3cm and
YZ = 4cm, calculate the length of the side XZ.",“23cm,“13cm,"2""5cm","2""3cm
X",,,
JAMB,Mathematics,1997,"2 cm
5 cm
Z
150
O
E
Y",,,,,,,
JAMB,Mathematics,1997,"Differentiate    6x3-5x2+1
3x2",2 + 2/3x3,2 + 1/6x,2-2/3x3,2-1/6x,,,
JAMB,Mathematics,1997,d/dx cos(3x2 – 2x) is equal to,-sin(6x - 2),-sin(3x2 – 2x),(6x - 2) sin(3x2 – 2x),(6x - 2) sin (3x2 – 2x),,,
JAMB,Mathematics,1997,"Find the gradient of the curve y = 2 √x – 1/x at the
point x= 1",0,1,2,3,,,
JAMB,Mathematics,1997,Integrate 1/x + cos x with respect to x.,-1/x2 + sin x + k,1nx + sin x + k,1nx – sin x + k,-1/x2 – sin x + k,,,
JAMB,Mathematics,1997,,,,,,,,
JAMB,Mathematics,1997,"90
O
150
O
Economics History
French",25,15,10,8,,,
JAMB,Mathematics,1997,"The mean and the range of the set of numbers
0.20,1.00,0.90,1.40,0.80,0.80,1.20,and 1.10
are m and r respectively. Find m + r",1.11,1.65,1.85,2.45,,,
JAMB,Mathematics,1997,"Class
1 - 3    4 - 6   7 - 9
5          8        5
Frequency
Find the standard deviation of the data using the table
above
A  .5",,√6,5/3,"√5
Mathematics 1997",,,
JAMB,Mathematics,1997,"The following are the scores of ten students in a test
of 20 marks; 15,16,17,13,16,8,5,16,19,17. what is the
modal score?",13,15,16,19,,,
JAMB,Mathematics,1997,find the mode of the distribution,3.2,3.4,3.7,4.2,,,
JAMB,Mathematics,1997,The median of the distribution is,4.0,3.5,3.2,3.0,,,
JAMB,Mathematics,1997,"Let P be a probability function on set S, where S =
(a1,a2,a3,a4) find P(a1) if P(a2) = P(a3) = 1/6 and P(a4)1/5",7/10          B 2/3,,1/3,3/10,,,
JAMB,Mathematics,1997,"A die has four of its faces coloured while and the
remaining two coloured black . What is the probability
that when the die is thrown two consecutive times, the
top face will be white in both cases?","19 + 4""15/11","19 + 4""15/19","19 + 2""15/11","19 + 2""15/19",,,
JAMB,Mathematics,1998,"If 10112 + X7, = 2510, solve for X",14,20,24,25,,,
JAMB,Mathematics,1998,"Evaluate [1/0.03 ÷ 1/0.024] -1, correct to 2 decimal
places",3.76,1.25,0.94,0.75,,,
JAMB,Mathematics,1998,"If b3 = a-3 and c 1/3 = a1/2b, express in terms of a",a-1/2,a1/2,a3/2,a-2/3,,,
JAMB,Mathematics,1998,"Given that Log4(y - 1) + Log4(1/2x) = 1 and Log2 (y +
1) + log2x = 2, solve for x and y respectively","2, 3","3, 2","-2, -3","-3, -2",,,
JAMB,Mathematics,1998,Find the value of K if K/”3 + “2 = “3 - 2,3,2,“3,“2,,,
JAMB,Mathematics,1998,"A market woman sells oils in cylindrical tins 10cm
deep and 6cm diameter at #15.00 each. If she bought
a full cylindrical jug 18cm deep and 10cm in diameter
for #50.00, how much did she make by selling all
the oil?",#62.50,#35.00,#31.00,#25.00,,,
JAMB,Mathematics,1998,"A man is paid r naira per hour for normal work  and
double rate for overtime. If he does a 35-hour week
which includes q hours of overtime, what is his
weekly earning in naira?",r(35 + q),q(35r - q),q(35r + r),r(35r - q),,,
JAMB,Mathematics,1998,"Given the universal set U = {1,2,3,4,5,6,} and the
sets P = {1,2,3,4,} Q = {3,4,5} and R = {2,4,6}. Find
PÈ(QÈR).",{4},"{1,2,3,4}","{1,2,3,5,6}","{1,2,3,4,5,6}",,,
JAMB,Mathematics,1998,"Q
P
R",,,,,,,
JAMB,Mathematics,1998,"When the expression pm2 + qm + 1 is divided by (m
- 1), it has a remainder 2 and when divided by (m +
1) the remainder is 4. find p and q respectively","2, -1","-1, 2","3, -2","-2, 3",,,
JAMB,Mathematics,1998,Factorize r2 – r (2p + q)  + 2pq,(r – 2q)(2r - p),(r - q)(r + p),(r - q)(r – 2p),(2r - q)(r + p),,,
JAMB,Mathematics,1998,Solve the equation    x -    (x - 2) – 1 = 0,3/2,2/3,4/9,9/4,,,
JAMB,Mathematics,1998,"Find the range of values of m for which the roots of
the equation 3x2 – 3mx + (m2 – m - 3) = 0",-1<m<7,-2<m<6,-3<m<9,-4<m<8,,,
JAMB,Mathematics,1998,,,20,24,25,,,
JAMB,Mathematics,1998,Divide 2x3 + 11x2 + 17x + 6 by 2x + 1,x2 + 5x + 6,2x2 + 5x + 6,2x2 – 5x + 6,x2 – 5x + 6,,,
JAMB,Mathematics,1998,"Express in partial fractions
11x + 2
6x2 – x – 1",1/3x – 1 + 3/2x + 1,3/3x + 1 – 1/2x – 1,3/3x – 1 – 1/2x + 1,1/3x + 1 + 3/2x- 1,,,
JAMB,Mathematics,1998,"If x is a positive real number, find the range of values
for which
1/3x + ½ > 1/4x",x> - 1/6,x>0,0<x<4,"0<x<1/6
y",,,
JAMB,Mathematics,1998,"(0, 3)
x
(2, 0)
The shaded area above represents","x≥0, 3y + 2x ≥ 6","x≥ 0, y≥3, 3x +  2y≥ 6","x ≥ 2, y ≥ 0, 3x + 2y ≤6","x ≥ 0, y ≥ 0, 3x + 2y≥6",,,
JAMB,Mathematics,1998,"If p + 1, 2p – 10 ,1 – 4p2 are the consecutive terms of
an arithmetic progression, find the possible values
of p.","-4, 2","–2, 4/11","–11/4, 2","5, -3",,,
JAMB,Mathematics,1998,,,,24,25,,,
JAMB,Mathematics,1998,"x
O          p            q          r           s
p
r
p
q
r
P
s
r
p
q
r
r
r
r
r
s
q
q
r
s
The identity element with respect to the multiplication
shown in the table above is",p,q,r,s,,,
JAMB,Mathematics,1998,"The binary operation * is defined by x*y = xy – y – x
for all real values x and y x*3 = 2 * x, find x.",-1,0,1,5,,,
JAMB,Mathematics,1998,"The determinant of matrix
x,    1,     0
1-x,  2,    3
1,   1+ x,   4
in terms of x is",-3x2 - 17,-3x2 + 9x – 1,3x2 + 17,3x2 – 9x + 5,,,
JAMB,Mathematics,1998,,,,,,,,
JAMB,Mathematics,1998,,,,,,,,
JAMB,Mathematics,1998,"x
120
O
130
O
P
Q
S
T",,,,,,,
JAMB,Mathematics,1998,"R
S
T
10cm
8cm
In the figure above, PQST is a parallelogram and TSR
is a straight line. If the area of  ∠QRS is 20cm2, find
the area of the trapezium PQRT.",35cm2,65cm2,70cm2,"140cm2
X",,,
JAMB,Mathematics,1998,,,,,,,,
JAMB,Mathematics,1998,"A chord of a circle radius Ö3cm subtends an angle of
600 on the circumference of the circle. Find the length
of the chord.",√3/2 cm,3/2 cm,√3 cm,3 cm,,,
JAMB,Mathematics,1998,"A cylindrical drum of diameter 56 cm contains 123.2
litres of oil when full. Find the height of the drum in
centimeters.",12.5,25.0,45.0,50.0,,,
JAMB,Mathematics,1998,"The locus of all points at a distance 8 cm from a
point N passes through point T and S. if S is
equidistant from T and N , find the area of triangle
STN.",4√3 cm2,16√3 cm2,32cm2,64 cm2,,,
JAMB,Mathematics,1998,"O
Y
R",,,,,,,
JAMB,Mathematics,1998,"The midpoint of the segment of the line y = 4x + 3
which lies between the x-axis and the y-axis is","(-3/2, 3/2)","(-2/3, 3/2)","(3/8, 3/2)","(-3/8, 3/2)",,,
JAMB,Mathematics,1998,"Solve the equation
cos x + sin x = 1/cos x – sinx
for values of x such that 0 ≤ x < 2π","π/2, 3π/2","π/3, 2π/3","0, π/3","0, π",,,
JAMB,Mathematics,1998,"O
30
O
R
P
Q
In the diagram above, PR is a diameter of the circle
PQRS. PST and QRT are straight lined. Find Ð QSR.",200,250,300,"350
R",,,
JAMB,Mathematics,1998,"For what value of x does 6 sin (2x - 25)0 attain its
maximum value in the range 00  ≤x ≤ 1800?",121/2,321/2,571/2,1471/2,,,
JAMB,Mathematics,1998,"From the top of a vertical mast 150m high, two
huts on the same ground level are observed. One
due east and the other due west of the mast. Their
angles of depression are 600 and 450 respectively.
Find the distance between the huts.",150 (1 + √3)m,50 (3 + √3)m,150√3m,50/√3m,,,
JAMB,Mathematics,1998,"If y = 243 (4x + 5)-2, find dy/dx when x = 1",-8/3,3/8,9/8,–8/9,,,
JAMB,Mathematics,1998,Differentiate x/cos x with respect to x.,1 + x sec x tan x,1 + sec2x,cos x + x tan x,sec x + x sec x tan x,,,
JAMB,Mathematics,1998,"O
Q
T
TQ is tangent to circle XYTR. ∠YXT = 320,
∠RTQ = 400. find ∠YTR.",1080,1210,1400,1480,,,
JAMB,Mathematics,1998,"Find the equation of the curve which passes
through the point (2, 5) and whose gradient at any
point is given by 6x - 5",6x2 – 5x + 5,6x2 + 5x + 5,3x2 – 5x – 5,3x2 – 5x + 3,,,
JAMB,Mathematics,1998,"If m and n are the mean and median respectively of
the set of numbers 2,3,9,7,6,7,8,5 and m + 2n to the
nearest whole number.",19,18,13,"12
5 - 9   10 - 14  15 - 19  20 - 24
Average hourly
earnings (N)",,,
JAMB,Mathematics,1998,"No . of workers
17        32        25         24
Estimate the mode of the above frequency
distribution.",12.2,12.7,12.9,13.4,,,
JAMB,Mathematics,1998,"Find the variance of the numbers K, K + 1,  K + 2.",,,,,,,
JAMB,Mathematics,1998,"Find the positive value of x if the standard deviation
of the numbers 1, x +1, 2x + 1 is √6",1,2,3,4,,,
JAMB,Mathematics,1998,"A bag contains 16red balls and 20blue balls only. How
many white balls must be added to the bag so that
the probability of randomly picking a red ball is equal
to 2/5?",4,20,24,40,,,
JAMB,Mathematics,1998,"o
o
d
F
T
120
O
r
a
H
n
o
u
s
s
p
i
n
g
o
r
l
S
o
o
c
h
t
s
F
e
e
The pie chart above shows the monthly expenditure
of a public servant. The monthly expenditure on
housing is twice that of school fees. How much does
the worker spend on housing if his monthly income
is #7.200?
A
#1000",,#2000,#3000,#4000,,,
JAMB,Mathematics,1998,"The bar chart above shows the distribution of marks
scored by 60 pupils in a test in which the maximum
score was 10. if the pass mark was 5,  what percentage
of the pupils failed the test?",59.4%,50.0%,41.7%,25.0%,,,
JAMB,Mathematics,1998,"In a recent zonal championship games involving
10teams, teams X and Y were given Probabilities 2/
5 and 1/3 respectively of wining the gold in the
football event. What is the probability that either team
will win the gold?",2/15,7/15,11/15,13/15,,,
JAMB,Mathematics,1998,"If x, y can take values from the set {1,2,3,4,}, find
the probability that the product of x and y is not
greater than 6.",5/8,5/16,½,3/8,,,
JAMB,Mathematics,1999,"If (a2b3c)/a-1b4c5
What is the value of P + 2q?",5/2,–5/4,–25/4,–10,,,
JAMB,Mathematics,1999,Find the value of x if √2/(x + √2) = 1/(x - √2),3√2 + 4,3√2 – 4,3 - 2√2,4 + 2√2,,,
JAMB,Mathematics,1999,"A trader bought 100 oranges at 5 for #1.20,20 oranges
got spoilt and the remaining  were sold at 4 for #1.50.
find the percentage gain or loss",30% gain,25% gain,30% loss,25% loss,,,
JAMB,Mathematics,1999,"If U = {1, 2, 3, 4, 5, 6}, P = {3, 4, 5}, Q = {2, 4, 6}
and R = {1, 2, 3 4}, list elements of (PÈQ’ÇR).","{1, 2, 3, 4, 5, 6}","{1, 2, 3, 4}",{1},Æ,,,
JAMB,Mathematics,1999,Divide 24346 by 426,236,356,526,556,,,
JAMB,Mathematics,1999,"If 29 x (Y3) 9 = 35 (Y3) 9, find the value of Y",4,3,2,1,,,
JAMB,Mathematics,1999,Simplify √(0.0023 x 750)/(0.00345) x 1.25,15,20,40,75,,,
JAMB,Mathematics,1999,"If log810 = x, evaluate log85 in terms of x.",1/2x,x – 1/4,x – 1/3,x – 1/2,,,
JAMB,Mathematics,1999,"A group of market women sell at least one of yam,
plantain and maize. 12 of them sell maize, 10 sell
yam and 14 sell plantain. 5 sell plantain and maize, 4
sell yam and maize, 2 sell yam and plantain only
while 3 sell all the three items. How many women
are in the group?",25,19,18,17,,,
JAMB,Mathematics,1999,"Given that Q =  (6, 0)         and   Q + P =  (7,  2)
(4, 5)                                (6,  8)
evaluate /Q + 2P/",90,96,102,120,,,
JAMB,Mathematics,1999,"A binary operation * is defined by a*b = ab + b for
any real number a and b. if the identity element is
zero, find the inverse of 2 under this operation",2/3,½,–1/2,56/9,,,
JAMB,Mathematics,1999,,,,11,10,,,
JAMB,Mathematics,1999,"Tope bought x oranges at #5.00 each and some
mangoes at #4.00 each. If she bought twice as many
mangoes as oranges and spent at least #and at most
#, find the range of the value of x",4 ≤ x ≤ 5,5 ≤ x ≤ 8,5 ≤ x ≤ 10,8 ≤ x ≤ 10,,,
JAMB,Mathematics,1999,"If m*n = m/n – n/m, for m,n E R, evaluate –3 *4",-25/12,–7/12,7/12,25/12,,,
JAMB,Mathematics,1999,"Find the matrix T if ST = I where       S = (-1,  1)
(1,  -2)
and I is the identity matrix.","(-2,  1)","(-2, -1)
(-1, 1)
(-1, -1)","(-1,  -1)","(-1,  -1)
(01,  -1)              (0,    1)",,,
JAMB,Mathematics,1999,Divide 4x3 – 3x + 1 by 2x - 1,2x2 – x + 1,2x2 – x – 1,2x2 + x + 1,2x2 + x - 1,,,
JAMB,Mathematics,1999,"Three consecutive positive integers k, l and m are
such that l2 = 3(k + m). find the value of m.",4,5,6,"7
y",,,
JAMB,Mathematics,1999,,,,,,,,
JAMB,Mathematics,1999,,,,18,17,,,
JAMB,Mathematics,1999,,,,40,75,,,
JAMB,Mathematics,1999,Express 1/x3 - 1,,,,,,,
JAMB,Mathematics,1999,"In        MNO, MN = 6 units, MO = 4 units and NO – 12
units. If the bisector of angle M meets NO at P,
calculate NP.",4.8 units,7.2 units,8.0 units,18.0 units,,,
JAMB,Mathematics,1999,"Find the equation of the locus of a point P(x, y ) such
that PV = PW, where V = (1, 1) and W = (3, 5)",2x + 2y = 9,2x + 3y = 8,2x + y = 9,x + 2y = 8,,,
JAMB,Mathematics,1999,"3 cm
4 cm
6 cm
Find the value of l in the frustum above.",5cm,6cm,7cm,"8cm
X",,,
JAMB,Mathematics,1999,,,19,18,17,,,
JAMB,Mathematics,1999,"Find a positive value of a if the coordinate of the
centre of a circle x2 + y2 – 2ax + 4y - a = 0 is (a, -2)
and the radius is 4 units",1,2,3,4,,,
JAMB,Mathematics,1999,"A man 1.7m tall observes a bird on top of a tree at an
angle of 300. if the distance between the man’s head
and the bird is 25m, what is the height of the tree?",26.7m,14.2m,(1.7 + 25√3m)/3,"(1.7 + 25√2m)/2
O",,,
JAMB,Mathematics,1999,"9
P
x
6
Z
T
In the figure above, TZ is  tangent to the circle QPZ.
Find x if TZ = 6 units and PQ =  9 units.",3,4,5,6,,,
JAMB,Mathematics,1999,"Find the tangent of the acute angle between the lines 2x
+ y =3 and 3x – 2y = 5",-7/4,7/8,7/4,7/2,,,
JAMB,Mathematics,1999,"From the Point P, the bearings of two points Q and R
are N670W and N230E respectively. If the bearing of R
from Q is N680E and PQ = 150m, calculate PR.",120m,140m,150m,160m,,,
JAMB,Mathematics,1999,"x
T
P
Q
110
O
S
R
In the figure above, PQRS is a circle with ST//RQ. Find
the value of x if PT = PS",700,550,400,350,,,
JAMB,Mathematics,1999,E,,,,,,,
JAMB,Mathematics,1999,"If the maximum value of y = 1+ hx – 3x2is 13, find h.",13,12,11,10,,,
JAMB,Mathematics,1999,"O
F
H
G
In the diagrams above, EFGH is a cyclic quadrilateral
in which EH//FG and FH are chords. If ∠FHG = 420
and ∠ΕFH  = 340, calculate ∠HEG",340,420,520,760,,,
JAMB,Mathematics,1999,"Evaluate
π/4 (x -1)2dx",√2 + 1,√2 - 1,-√2 - 1,1 - √2,,,
JAMB,Mathematics,1999,"Find the area bounded by the curve
y = x(2 - x), the x-axis, x = 0 and x = 2",4 sq units,2sq units,11/2 sq units,1/3 sq units,,,
JAMB,Mathematics,1999,If y = 3x2 (x3 + 1)1/2find dy/dx,6x(x3+1) + 3x2/2(x3+1)1/2,12x(x3+1) + 3x2/2(x3+1)1/2,(15x4 + 6x)/6x2(x3+1)1/2,12x(x3+1) + 9x4/2(x3+1)1/2,,,
JAMB,Mathematics,1999,"Find the volume of solid generated when the area
enclosed by y = 0, y = 2x and 3 is rotated about the x –
axis.",81π cubic units,36π cubic units,18π cubic units,9π cubic units,,,
JAMB,Mathematics,1999,"What is the derivative of t2sin (3t - 5) with respects to the
variable?",6t cos (3t - 5),2dt sin (3t - 5) – 3t2 cos (3t - 5),2t sin (3t - 5) + 3t2 cos (3t - 5),2t sin (3t - 5) + t2 cos 3t,,,
JAMB,Mathematics,1999,,,,,75,,,
JAMB,Mathematics,1999,"Three boys play a game a luck in which their respective
chances of wining are ½, 1/3 and ¼. What is the
probability that one and only of the boys wins the game?",1/24,1/12,11/24,23/24,,,
JAMB,Mathematics,1999,"O
34
O
F
H
G
In the diagrams above, EFGH is a cyclic quadrilateral
in which EH//FG and FH are chords. If ∠FHG = 420
and ∠ΕFH  = 340, calculate ∠HEG",340,420,520,760,,,
JAMB,Mathematics,1999,"If 6Cr/6P/r = 1/6, find the value of r.",1,3,5,6,,,
JAMB,Mathematics,1999,"If the standard deviation of the set of numbers 3, 6, x,
7, 5,  is √2, find the least possible value of x.",2,3,4,6,,,
JAMB,Mathematics,1999,"O
-1
0
1
The shaded portion in the graph above is represented
by","y + x – x3 0, y – x  £ 0","y - + x 3 ³ 0, y – x £ 0","y + x – x3 £ 0, y + x ³ 0","y – x + x3 £ 0, y + x £ 0",,,
JAMB,Mathematics,1999,Mathematics 2000,,,,,,,
JAMB,Mathematics,1999,"Marks
0   1  2    3     4   5     6   7    8    9   10
The marks scored by students in a test are given in the
above. Find the median.",7,6,5,4,,,
JAMB,Mathematics,1999,"A student calculated the mean of 5 numbers as 45, 3.
while rechecking his working, he discovered that his
total was short by 20.5. what is the correct mean of the
5 numbers?",24.8,41.2,49.4,65.8,,,
JAMB,Mathematics,1999,"The sectorial allocations to various ministries in a state
budget are as follows:
Agriculture
- #25 000 000.00
Education
- #20 000 000 .00
Women affairs
- #35 000 000.00
Commerce and
Industries
- #20 000 000.00
In a pie chart to represent this information the
corresponding angle to agriculture is",250,450,500,900,,,
JAMB,Mathematics,1999,"The mean of four numbers is 5 and the mean deviation
is 3. find the fourth number if the mean deviation of the
first three  numbers is 2.",6,10,"–2/5, 1","2, 3/5",,,
JAMB,Mathematics,2000,"/6, find the value of r.",1,3,5,6,,,
JAMB,Mathematics,2000,", find the least possible value of x.",2,3,4,6,,,
JAMB,Mathematics,2000,,,,5,6,,,
JAMB,Mathematics,2000,,,,,6,,,
JAMB,Mathematics,2000,,,,,,,,
JAMB,Mathematics,2000,,,,,,,,
JAMB,Mathematics,2000,"If 31410 – 2567 = 340x, find x",2n + 1,2n – 1,4,¼,,,
JAMB,Mathematics,2000,,,24,62,86,,,
JAMB,Mathematics,2000,Simplify 3(2n + 1) – 4(2n -1 )/2(n + 1) – 2n,2n + 1,2n - 1,4,¼,,,
JAMB,Mathematics,2000,,,,,,,,
JAMB,Mathematics,2000,,,,"–2/5, 1","2, 3/5",,,
JAMB,Mathematics,2000,,,,16,20,,,
JAMB,Mathematics,2000,The 3rd term of an,19x  - 17y,8x - 4y,x – y,2x,,,
JAMB,Mathematics,2000,"Find the inverse of p under the binary operation * by
p * q= p + q – pq, where p and q are real numbers
and zero is the identity.",p,p – 1,p/p – 1,p/p+1,,,
JAMB,Mathematics,2000,"A matrix P(a, b)
is such that PT= p, where
(c, d)
PT is the transpose of P, if b = 1, then P is","(0, 1)","(0, 1)
(1, 0)
(-1, 0)","(0, 1)","(1, 1)
(1, 1)
(-1,0)",,,
JAMB,Mathematics,2000,,,,,20,,,
JAMB,Mathematics,2000,,,,"–2/5, 1","2, 3/5",,,
JAMB,Mathematics,2000,"Find the values of t for which the determinant of the
matrix   (t  -4
0
0  )
(-1
t+t
1  )  is zero
( 3
4
t-2)","0, 2, 3","–4, 2, 3","–4, -2, -3","4, -2, 3",,,
JAMB,Mathematics,2000,"If (x - 1), (x + 1) and (x - 2) are factors of the
polynomial ax3 + bx2 + cx – 1, find a, b, c, respectively","-1/2, 1, ½","½, 1, ½","½, 1, -1/2","½, -1, ½",,,
JAMB,Mathematics,2000,,,,,,,,
JAMB,Mathematics,2000,Solve the inequality 2 – x > x2,x < -2 or x > 1,x > 2 or x < -1,–1 < x> 2,–2 < x < 1,,,
JAMB,Mathematics,2000,"If a and b are the roots of the equation 3x2 + 5x – 2 =
0, find the value of 1/α + 1/β",-5/2,–2/3,½,5/2,,,
JAMB,Mathematics,2000,"Find the minimum value of the function f(θ ) = 2/3 –
cosθ for ο ≤ θ ≤ 2π.",½,2/3,1,2,,,
JAMB,Mathematics,2000,,,,62,86,,,
JAMB,Mathematics,2000,"P is a point on one side of the straight line UV and P
moves in the same direction as UV. If the straight
line ST is on the locus of P and ∠  VUS = 500, find ∠
UST.",3100,1300,800,500,,,
JAMB,Mathematics,2000,"A ship sails a distance of 50km in the direction S50E
and then sails a distance of 50km in the direction
N400E. find the bearing of the ship from its original
position.",S900E,N400E,S950E,N850E,,,
JAMB,Mathematics,2000,"An equilateral triangle of side  √3 cm is inscribed in
a circle. Find the radius of the circle.",2/3cm,2cm,1cm,3cm,,,
JAMB,Mathematics,2000,"3y = 4x – 1 and Ky = x + 3 are equations of two
straight lines. If the two lines are perpendicular to
each other, find K",-4/3,–3/4,¾,"4/3
S",,,
JAMB,Mathematics,2000,"50
O
P",,,,,,,
JAMB,Mathematics,2000,"O
Q
In the diagram above, if  ∠ RPS = 500, ∠ RPQ = 300
and PQ =  QR, find the value of ∠ PRS",800,"700
F",600,500,,,
JAMB,Mathematics,2000,"If P and Q are fixed points and X is a point which
moves so that XP = XQ, the locus of X is",a straight line,a circle,the bisector ∠ PXQ,"the perpendicular
bisector of PQ",,,
JAMB,Mathematics,2000,"In a regular polygon, each interior angle doubles its
corresponding exterior angle. Find the number of
sides of the polygon.",87,6,4,3,,,
JAMB,Mathematics,2000,"A predator moves in a circle of radius √2 centre (0,
0), while a prey moves along the line y = x. if 0≤ x≤
2, at which point(s) will they meet?","(1, 1) only","(1, 1) and (1, 2)",,,,,
JAMB,Mathematics,2000,"y
y= 16
x
If the diagram above is the graph of y=x2, the shaded
area is",64 square units,128/3 square units,64/3 square units,32 square units,,,
JAMB,Mathematics,2000,"Find the value of
π(cos2θ – 1/sin2θ) dθ",π,π/0,-π/0,π,,,
JAMB,Mathematics,2000,"If y = 2y cos 2x – sin 2x, find dy/dx when x = ë/4",π,– π,π/2,– π/2,,,
JAMB,Mathematics,2000,"A bowl is designed by revolving completely the area
enclosed by y = x2 – 1, y= 0, y = 3 and x ³ 0 around
the y-axis. What is the volume of this bowl?",7 π cubic units.,15 π/2 cubic units,8 π cubic  units,17 π/2 cubic units.,,,
JAMB,Mathematics,2000,"If the volume of a hemisphere is increasing at a steady
rate of 8 πm3s-1, at what rate is its radius changing
when it is 6m?",2.50ms-1,2.00ms-1,0.25ms-1,0.20ms-1,,,
JAMB,Mathematics,2000,"A function f(x) passes through the origin and its first
derivative is 3x + 2. what is f(x)",y = 3/2x2 + 2x,y = 3/2 x2 + x,y = 3 x2 + x/2,y = 3 x2 + 2x,,,
JAMB,Mathematics,2000,"%. If Femi made a profit of
#10,000, find the value of x.",60,50,40,20,,,
JAMB,Mathematics,2000,"X and Y are two events. The probability of X and Y
is 0.7 and the probability of X is 0.4. If X and Y are
independent, find the probability of Y.",0.30,0.50,0.57,1.80,,,
JAMB,Mathematics,2000,"If the mean of the numbers 0, x + 2, 3x + 6 and 4x +
8 is 4, find their mean deviation.",0,2,3,4,,,
JAMB,Mathematics,2000,"If 6Cr/6P/r = 1/6, find the value of r.",1,3,5,6,,,
JAMB,Mathematics,2000,"If the standard deviation of the set of numbers 3, 6, x,
7, 5,  is √2, find the least possible value of x.",2,3,4,6,,,
JAMB,Mathematics,2000,"How many two digit numbers can be formed from the
digits 0, 1, 2,  if a digit can be repeated and no number
may begin with 0",4,12,16,20,,,
JAMB,Mathematics,2000,Mathematics 2000,,,,,,,
JAMB,Mathematics,2000,"The variance of x, 2x, 3x 4x and 5x is",x√2,2x2,x2,3x,,,
JAMB,Mathematics,2000,"Find the sum of the range and the mode of the set of
numbers 10, 5, 10, 9, 8, 7, 7, 10, 8, 10, 8, 4, 6, 9, 10,
9, 10, 9, 7, 10, 6, 5",16,14,12,10,,,
JAMB,Mathematics,2000,"The sectorial allocations to various ministries in a state
budget are as follows:
Agriculture
- #25 000 000.00
Education
- #20 000 000 .00
Women affairs
- #35 000 000.00
Commerce and
Industries
- #20 000 000.00
In a pie chart to represent this information the
corresponding angle to agriculture is",250,450,500,900,,,
JAMB,Mathematics,2000,"The mean of four numbers is 5 and the mean deviation
is 3. find the fourth number if the mean deviation of the
first three  numbers is 2.",6,10,"–2/5, 1","2, 3/5",,,
JAMB,Mathematics,2001,"Find the principal which amounts to #5,000 at simple
interest in 5 years at 2% per annum",#5000,#4900,#4800,#4700,,,
JAMB,Mathematics,2001,"A car dealer bought a second-hand car for
#250,000.00 and spent #70 000.00 refurbishing it.
He then sold the car for #400 000.00. what is the
percentage gain?",20%,25%,32%,60%,,,
JAMB,Mathematics,2001,"Evaluate 21.05347 – 1.6324 x 0.43, to 3 decimal
places.",20.351,20.352,20.980,20.981,,,
JAMB,Mathematics,2001,"Evaluate (0.14)2 x 0.275)/7(0.02) correct to 3 decimal
places",0.033,0.039,0.308,0.358,,,
JAMB,Mathematics,2001,"Given that p = 1 + √2 and q = 1 - √2, evaluate (p2 –
q2)/2pq",-2(2 + √2 ),2(2 + √2),-2√2,2√2,,,
JAMB,Mathematics,2001,"If y/2 = x, evaluate
(x3/y3 + 1/2) + (1/2 – x2/y2)",5/16,5/8,5/4,5/2,,,
JAMB,Mathematics,2001,Simplify (3√64a3)-3,8a,4a,1/4a,1/4a,,,
JAMB,Mathematics,2001,Factorize 4x2 – 9y2 + 20x + 25,(2x – 3y)(2x + 3y),(2x + 5)(2x – 9y + 5),(2x – 3y + 5)(2x – 3y - 5),(2x – 3y)(2x + 3y + 5),,,
JAMB,Mathematics,2001,"If tow graphs y = px2 and y = 2x2 – 1 intersect at x =
2, find the value of p in terms of q",(7 + q)/8,(8 – q)/2,(q – 8)/7,7 / (q –1),,,
JAMB,Mathematics,2001,Solve the equations: m2 + n2 = 29;m + n = 7,"(5, 2) and (5, 3)","(5, 3) and (3, 5)","(2, 3) and (3, 5)","(2, 5) and (5, 2)",,,
JAMB,Mathematics,2001,"Divide a3x – 26a2x + 156ax – 216 by
a2x – 24ax + 108",,,,,,,
JAMB,Mathematics,2001,"Find the integral values of x and y satisfying the
inequality 3y + 5x  £ 15, given that y > 0, y< 3 and
x > 0.","(1, 1), (2, 1), (1, 3)","(1, 1), (1, 2), (1, 3)","(1, 1), (1, 2), (2, 1)","(1, 1), (3, 1), (2, 2)
y",,,
JAMB,Mathematics,2001,"y+ x+
2
2=0
2
2=0
y-x-
-2
1
x
P T
S -1
-2
Triangle SPT is the solution of the linear inequalities",half of the common difference,double of the common difference,the common difference,zero,,,
JAMB,Mathematics,2001,,,15,16,17,,,
JAMB,Mathematics,2001,"A man saves #100.00 in his first year of work and
each year saves #20.00 more than in the preceding
year. In how many years will he save #580.00",20 years,29 years,58 years,100 years,,,
JAMB,Mathematics,2001,"An operation * is defined on the set of real numbers
by a*b = a + b + 1. if the identity elements is  -1, find
the inverse of the element 2 under.",-4,–2,0,4,,,
JAMB,Mathematics,2001,"x
k       l       m
k       l       m     k
l       m       k     l
m       k       l     m
The identity element with respect to the
multiplication shown in the table above is",k,l,m,o,,,
JAMB,Mathematics,2001,"Given that matrix k = (2,  1) the matrix
(3,  4)
k2 + k + 1, where I is the 2 x 2 identity matrix, is","(9,   8 )","(10,   7)
(22, 23)
(21, 24)","(7,   2)","(6,    3)
(12, 21)
(13, 20)",,,
JAMB,Mathematics,2001,"Evaluate
-1    -1      -1
3      1       1
1      2       1",,,,,,,
JAMB,Mathematics,2001,"If P =  3     -3      4    then  -2p is
5      0      6
1      2
1","-6, 4, -8
B  -6,  4,  -8
5,  0,  6
-10,  0,   6
7,  5, -1
-14,  5,  -1",,"-6,   -4,    2
D   -6,  4,  -8
-10,  -2, -12
-10, 0, -12
-14, 10,   2
-14, 40,  2",,,,
JAMB,Mathematics,2001,"Find the number of sides of a regular polygon whose
interior angle is twice the exterior angle",2,3,6,"8
S",,,
JAMB,Mathematics,2001,T,,,,,,,
JAMB,Mathematics,2001,"A cylindrical tank has a capacity of 3080m3. what is
the depth of the tank if the diameter of its base is
14m?",20m,22m,23m,25m,,,
JAMB,Mathematics,2001,"A sector of a circle of radius 7.2 cm which subtends
an angle 3000 at the centre is used to form a cone.
What is the radius of the base of the cone?",6cm,7cm,8cm,9cm,,,
JAMB,Mathematics,2001,"O
75
O
P
Q
In the figure above, PQR is a straight line segment,
PQ = QT. Triangle PQT is an isosceles triangle, <
SRQ is 750 and < QPT = 250. calculate the value of <
RST.",250,450,500,550,,,
JAMB,Mathematics,2001,"A point P moves such that it is equidistant from the
points Q and R. find QR when PR = 8cm and < PRQ
= 300",4cm,4√3cm,8cm,8√3cm,,,
JAMB,Mathematics,2001,"Find the locus of a point which moves such that its
distance from the line y = 4 is a constant, k.",y = 4 + k,y = k – 4,y = k ± 4,y = 4 ± k,,,
JAMB,Mathematics,2001,"A straight line makes an angle of 300 with the positive
x-axis and cuts the y-axis at y = 5. find the equation
of the straight line.",,,,,,,
JAMB,Mathematics,2001,"P(-6, 1) and Q(6, 6) are the two ends of the diameter
of a given circle. Calculate the radius",3.5 units,6.5 units,7.0 units,13.0 units,,,
JAMB,Mathematics,2001,"Find the value of p if the line joining (p, 4) and (6, -
2) is perpendicular to the line joining (2, p) and (-1,
3)",0,3,4,6,,,
JAMB,Mathematics,2001,"The bearing of P and Q from a common point N are
0200 and 3000 respectively. If P and Q are also
equidistant from N, find the bearing of P from Q.",3200,2800,0700,0400,,,
JAMB,Mathematics,2001,"0
t
t
3t
Find the value of q in the diagram above.",300,600,1000,1200,,,
JAMB,Mathematics,2001,Differentiate (2x + 5)2(x - 4) with respect to x,(2x + 5)(6x - 11),(2x + 5)(2x – 13),4(2x + 5)(x - 4),4(2x + 5)(4x - 3),,,
JAMB,Mathematics,2001,"If y =  x sin x, find dy/dx when x = π/2",π/2,1,–1,π/-2,,,
JAMB,Mathematics,2001,"If the gradient of the curve
y = 2kx2 + x + 1 at x = 1 find k",1,2,3,4,,,
JAMB,Mathematics,2001,"Find the rate of change of the volume V of a sphere
with respect to its radius r when r = 1",4π,8π,12π,24π,,,
JAMB,Mathematics,2001,"Find the dimensions of the rectangle of greatest area
which has a fixed perimeter p.",Square of sides p/4,Square of sides p/2,Square of sides p,Square of sides 2p,,,
JAMB,Mathematics,2001,Evaluate 2(2x - 3)2/3 dx,2x – 3 + k,2(2x - 3) + k,6/5(2x - 3)5/3 + k,3/5(2x - 3)5/3 + k,,,
JAMB,Mathematics,2001,"Find the area bounded by the curves
y = 4 – x2",101/3 sq. units,102/3 sq. units,201/3 sq. units,202/3 sq. units,,,
JAMB,Mathematics,2001,"No . of cars 8
7
6
5
4
3
2
1
Yellow
White
Green
Blue
Black
Red
Color of cars
The bar chart above shows different colours of cars
passing a particular point of a certain street in two
minutes. What fraction of the total number of cars is
yellow?",4/15,1/5,3/25,2/25,,,
JAMB,Mathematics,2001,"No . of taxis
8
7
6
5
4
3
2
1
0
0.5
2.5
4.5
6.5
8.5
10.5
12.5
No . of passengers
The histogram above shows the distribution of
passengers in taxis of a certain motor park. How many
taxis have more than 4 passenger?",14,15,16,17,,,
JAMB,Mathematics,2001,Find the square of the mode,25,49,64,121,,,
JAMB,Mathematics,2001,"Score
Frequency
4         7         8       11       13       8
3         5        2         7         2         1",,,,,,,
JAMB,Mathematics,2001,"Find the range of 1/6, 1/3, 3/2, 2/3, 8/9 and 4/3",4/3,7/6,5/6,¾,,,
JAMB,Mathematics,2001,"Find the variance of 2, 6, 8, 6, 2 and 6",√5,√6,5,6,,,
JAMB,Mathematics,2001,"Cumulative
frequency",,,,,,,
JAMB,Mathematics,2001,"Find the number of ways of selecting 8 subjects from
12 subjects for an examination.",498,496,495,490,,,
JAMB,Mathematics,2001,"If 6Pr = 6, find the value of 6Pr+1",15,30,33,"35
Mathematics 2002",,,
JAMB,Mathematics,2001,,,,64,121,,,
JAMB,Mathematics,2001,"40
30
P
20
10
Q   Q   Q
0
5.5
10.5
15.5
20.5
25.5
30.5
Masses (Kg)",,,,,,,
JAMB,Mathematics,2002,"A trader bought goats for #4 000 each. He sold them
for #180 000 at a loss of 25%. How many goats did
he buy?",36,45,50,60,,,
JAMB,Mathematics,2002,Simplify (√0.7 + √70)2,217.7,168.7,84.7,70.7,,,
JAMB,Mathematics,2002,"Evaluate
(0.21 x 0.072 x 0.0054)/ (0.006 x 1.68 x 0.063)
correct to four significant figures.",0.1286,0.1285,0.01286,0.01285,,,
JAMB,Mathematics,2002,"= 0 is
perpendicular to the line y + 1/4x – 7 =
0",-8,–4,4,8,,,
JAMB,Mathematics,2002,Simplify 52.4 – 5.7 – 3.45 – 1.75,42.2,42.1,41.5,41.4,,,
JAMB,Mathematics,2002,"Without using tables, evaluate
(343)1/3 x (0.14)-1 x (25)1/2",,,,,,,
JAMB,Mathematics,2002,,,8,10,12,,,
JAMB,Mathematics,2002,"Find the value of & if the line 2y - &x + 4 = 0 is
perpendicular to the line y + 1/4x – 7 =
0",-8,–4,4,8,,,
JAMB,Mathematics,2002,"A bucket is 12cm in diameter at the top, 8cm in
diameter at the bottom and 4cm deep. Calculates its
volume.",144πcm3,304πcm3/3,72πcm3,128πcm3/,,,
JAMB,Mathematics,2002,"X
O
Z
Y
In the diagram below, XZ is the diameter of the circle
XYZW, with centre O and radius 15/2cm. If XY =
12cm, find the area of the triangle XYZ.",75cm2,54cm2,45cm2,27cm2,,,
JAMB,Mathematics,2002,"Find the coordinate of the midpoint of x and y
intercepts of the line 2y = 4x - 8","(-1, -2)","(1, 2)","(2, 0)","(1, -2)",,,
JAMB,Mathematics,2002,,,,,,,,
JAMB,Mathematics,2002,"If tan q = 4/3, calculate sin2 θ - cos2 θ.",7/25,9/25,"16/25
SD.
24/25
P",,,,
JAMB,Mathematics,2002,"x
Q
S
R
O
72
T",,,,,,,
JAMB,Mathematics,2002,"The locus of a point P which is equidistant from two
given points S and T is",a perpendicular to ST,a line parallel to ST,the angle bisector of PS and ST,the perpendicular bisector ST,,,
JAMB,Mathematics,2002,"A solid hemisphere has radius 7cm. Find the total
surface area.",462cm2,400cm2,308cm2,"66cm2
Q",,,
JAMB,Mathematics,2002,"50
O
R
128
O
P
The angle PGR below is",a scalene triangle,an isosceles triangle,an equilateral triangle,an obtuse – angled triangle,,,
JAMB,Mathematics,2002,"The sum of the interior angles of a polygon is 20
right angles. How many sides does the polygon have?",10,12,20,40,,,
JAMB,Mathematics,2002,"Find the equation of the set of points which are
equidistant from the parallel lines x = 1 and x = 7",y = 4,y = 3,x  = 3,x = 4,,,
JAMB,Mathematics,2002,"The venn diagram below shows the number of
students offering Music and History in a class of 80
students. If a student is picked at random from the
class, what is the probability that he offers Music
only?",0.13,0.25,0.38,0.50,,,
JAMB,Mathematics,2002,"A hunter 1.6m tall, views a bird on top of a tree at an
angle of 450. If the distance between the hunter and
the tree is 10.4m, find the height of the tree.",8.8m,9.0m,10.4m,12.0m,,,
JAMB,Mathematics,2002,"The mean of a set of six numbers is 60. if the mean of
the first five is 50, Find the sixth number in the set.",110,105,100,95,,,
JAMB,Mathematics,2002,"The range of the data k + 2, k – 3, k + 4, k – 2, k, k – 5,
k + 3, k – 1 and k + 6 is.",6,8,10,11,,,
JAMB,Mathematics,2002,,,,,,,,
JAMB,Mathematics,2002,"Music
History U80",,,,,,,
JAMB,Mathematics,2002,"Find the mean of the data  7,-3,4,-2,5,-9,4,8,-6,12",1,2,3,4,,,
JAMB,Mathematics,2002,"The probability of a student passing any examination
is 2/3. if the student takes three examination, what is
the probability that he will not pass any of them?",1/27,8/27,4/9,2/3,,,
JAMB,Mathematics,2002,"How many three-digit numbers can be formed from
32564 without digit being repeated?",10,20,60,120,,,
JAMB,Mathematics,2002,"The acres for rice, principle, cassava, cocoa and palm
oil, in a certain district are given respectively as 2,5,3,
11 and 9. what is the angle of the sector for cassava
in a pie chart?",360,600,1080,1800,,,
JAMB,Mathematics,2002,"40 -x
-x
x
20
The venn diagram below shows the number of
students offering Music and History in a class of 80
students. If a student is picked at random from the
class, what is the probability that he offers Music
only?",0.13,0.25,0.38,0.50,,,
JAMB,Mathematics,2002,"Find the maximum value of y in the equation
y = 1 – 2x – 3x2",5/3,4/3,5/4,¾,,,
JAMB,Mathematics,2002,If the 9th term of an,"P is five times the 5th term,
find the relationship between a and d.",,,,,,
JAMB,Mathematics,2002,"The time taken to do a piece of work is inversely
proportional to the number of men employed. If it
takes 45men to do a piece of work in 5 days, how
long will take 25 men?",5 days,9 days,12 days,15 days,,,
JAMB,Mathematics,2002,"The binary operation is defined on the set of integers
p and q by p*q = pq + p + q. find 2 (3*4)",19,38,59,67,,,
JAMB,Mathematics,2002,"If –2 is the solution of the equation 2x + 1 – 3c = 2c
+ 3x – 7, find the value of c.",1,2,3,4,,,
JAMB,Mathematics,2002,,,45,50,60,,,
JAMB,Mathematics,2002,"Use the graph below to find the values of p and q if
px + qy < 4
y
(0,2)
(-4,0)
x","p = 1, q = 2","p = 2, q = 1","p = -1, q = 2","p = 2, q = -1",,,
JAMB,Mathematics,2002,,,,59,67,,,
JAMB,Mathematics,2002,"Solve for x in the equation
x3 – 5x2 - x + 5 = 0","1, 1 or 5","–1, 1 or –5","1, 1 or –5","1, -1 or 5",,,
JAMB,Mathematics,2002,,,120,160,210,,,
JAMB,Mathematics,2002,"Find the range of values of x for which
x + 2/4 – 2x – 3/3 <4",x > -3,x < 4,x > -6,x < 8,,,
JAMB,Mathematics,2002,"If x varies directly as   n and x = 9 when n = 9, find x
when n = 17/9",27,17,4,3,,,
JAMB,Mathematics,2002,"The sum of infinity of the series
1 + 1/3 + 1/9 + 1/27 + ……………… is",3/2,5/2,10/3,11/3,,,
JAMB,Mathematics,2002,"Make r the subject of the formula
x/r + a = a/r",a/(x – a),(a/x + a,a2/(x – a),a2/(x + a),,,
JAMB,Mathematics,2002,,,,50,60,,,
JAMB,Mathematics,2002,"Evaluate
sin3xdx",-2/3 cos 3x + c,–1/3 cos 3x + c,1/3 cos  3x + c,2/3 cos 3x + c,,,
JAMB,Mathematics,2002,"A circle with a radius 5cm has its radius increasing
at the rate of 0.2cms-1. what will be the corresponding
increase in the area?",5p,4p,2p,p,,,
JAMB,Mathematics,2002,"If dy/dx = 2x – 3 and y = 3 when x = 0, find y in
terms of x.",x2 – 3x,x2 – 3x + 3,2x2 – 3x,x2 – 3x – 3,,,
JAMB,Mathematics,2002,Find the derivative of y = sin2(5x) with respect to x,133,113,63,84,,,
JAMB,Mathematics,2002,,,,,60,,,
JAMB,Mathematics,2003,– 3c =,,,,,,,
JAMB,Mathematics,2003,"c
+",,,,,,,
JAMB,Mathematics,2003,"x – 7, find the value of c.",1,2,3,,,,
JAMB,Mathematics,2003,,,,,,,,
JAMB,Mathematics,2003,,,,,"61.
Mathematics 2003",,,
JAMB,Mathematics,2003,"The sum of four numbers is 12145. what is the
average expressed in base five?",411,401,141,114,,,
JAMB,Mathematics,2003,Evaluate log√24 + log1/216 – log432,-2.5,5.5,–5.5,2.5,,,
JAMB,Mathematics,2003,"Given:
U = {Even numbers between 0 and 30}
P  = {Multiples of 6 between 0 and 30}
Q = {Multiples of 4 between 0 and 30}
Find (PUQ)c.","{0, 2, 6, 22, 26}","{2, 4, 14, 18, 26}","{2, 10, 14, 22, 26}","{0, 10, 14, 22, 26}",,,
JAMB,Mathematics,2003,,,,6,"3
y",,,
JAMB,Mathematics,2003,"Find (1/0.06 ÷ 1/0.042)-1, correct to two decimal
places",4.42,3.14,1.53,1.43,,,
JAMB,Mathematics,2003,"If 92x – 1/27x + 1 = 1, find the value of x.",2,8,5,3,,,
JAMB,Mathematics,2003,"Factorize completely
4abx – 2axy – 12b2x +6bxy",2x(3b - a)(2b - y),2x(a – 3b)(b - 2y),2x(2b - a)(3b - y),2x(a – 3b)(2b - y),,,
JAMB,Mathematics,2003,"The sum of the first n terms of an arithmetic
progression is 252. if the first term is –16 and the
last term is 72, find the number of terms in the series.",7,9,6,8,,,
JAMB,Mathematics,2003,"The graphs of the function y = x2 + 4 and a straight
line PQ are drawn to solve the equation  x2 – 3x + 2 =
0. what is the equation of PQ?",y = 3x + 2,y = 3x – 4,y = 3x + 4,y = 3x – 2,,,
JAMB,Mathematics,2003,,,,,"20
P
N",,,
JAMB,Mathematics,2003,"Find the values of x and y respectively if 3x – 5y + 5
= 0 and 4x – 7y + 8 = 0","-4, -5","–5, -4","5, 4","4, 5",,,
JAMB,Mathematics,2003,,,,,,,,
JAMB,Mathematics,2003,"Find the range of values of x satisfying the
inequalities 5 + x ≤ 8 and 13 + ³ 7.",-6 ≤ x ≤ 3,-6 ≤ x ≤ -3,3 ≤ x ≤ 6,–3 ≤ x ≤ 3,,,
JAMB,Mathematics,2003,"x varies directly as the product of U and V and
inversely as their sum. If x = 3 when U = 3 and V =
1, what is the value of x if U  = 3 and V = 3?",4,9,6,"3
y",,,
JAMB,Mathematics,2003,"y - x = 0
P
x + 1 = 0
x
O
y + x = 0
Q
Triangle OPQ above is the solution of the
inequalities.","x – 1 ≤ 0, y + x  ≤ 0, y, - x ≤ 0","x + 1 ≥  0, y + x ≤ 0, y, - x ≥ 0","y + x ≤ 0, y – x ≥ 0, x – 1 ≥  0","x –1 ≤ 0, y – x  ≥ 0, y + x ≥ 0",,,
JAMB,Mathematics,2003,"Three consecutive terms of a geometric progression
are given as n – 2, n and n + 3. find the common
ratio.",2/3,3/2,½,¼,,,
JAMB,Mathematics,2003,"The length a person can jump is inversely
proportional to his weigth. If a 20kg person can jump
1.5 m, find the constant of proportionality.",30,60,15,"20
P
N",,,
JAMB,Mathematics,2003,,,,,17,,,
JAMB,Mathematics,2003,"The locus of a point P which moves on one side only
of a straight line XY so that ∠ XPY = 900 is.",the perpendicular bisector of XY,a circle,a semicircle,"an arc of a circle through X,Y
P
R",,,
JAMB,Mathematics,2003,"Q
S
In the diagram above, PQ is parallel to RS. What is
the value of α + β + y?",1800,900,2000,3600,,,
JAMB,Mathematics,2003,"Whicch of the following is the graph of sinθ for
-π  ≤ ο ≤ 3π
2
2
1
1",,"0
0
2
2
2
3
2
2
2
3
1
1",,"1
1
0
0
2
2
2
3
2
2
2
3
1
1",,,
JAMB,Mathematics,2003,"R
O
Q
40
O
S
P
In the diagram above, PQR is a straight line and PS
is a tangent to the circle QRS with /PS/ = ∠/SR/ and
SPR = 400. find ∠PSQ.",200,100,400,300,,,
JAMB,Mathematics,2003,"If π/2 ≤ 2π, find the maximum value of f(θ) = 4/6 + 2
cos θ",1,½,4,2/3,,,
JAMB,Mathematics,2003,"An aeroplane flies due north from airports P to Q
and then flies due east to R. if Q is equidistant from
P and R, find the bearing of P and R.",2700,0900,1350,2250,,,
JAMB,Mathematics,2003,,,60,15,"20
P
N",,,
JAMB,Mathematics,2003,"Find the equation of the locus of a point P(x, y) which
is equidistant form Q(0,0) and R(2, 1).",2x + y = 5,2x + 2y = 5,4x + 2y = 5,4x – 2y = 5,,,
JAMB,Mathematics,2003,"An arc of a circle subtends an angle of 300 on the
circumference of a circle of a radius 21cm. Find the
length of the arc",66cm,44cm,22cm,11cm,,,
JAMB,Mathematics,2003,"A trapezium has two parallel sides of length 5cm and
9cm. If the area is 121cm2, find the distance between
the parallel sides.",7cm,3cm,4cm,"6cm
Z",,,
JAMB,Mathematics,2003,"45
O
7 cm
X
Y
XYZ is a circle centre O and radius 7cm. Find the
area of the shaded region.",14cm2,38cm2,77cm2,84cm2,,,
JAMB,Mathematics,2003,"If –2 is the solution of the equation 2x + 1 – 3c = 2c
+ 3x – 7, find the value of c.",1,2,3,4,,,
JAMB,Mathematics,2003,"If N =  3   5    -4
6   -3   -5
-2    2    1,         find /N/",91,65,23,17,,,
JAMB,Mathematics,2003,"Use the graph below to find the values of p and q if
px + qy < 4
y
(0,2)
(-4,0)
x","p = 1, q = 2","p = 2, q = 1","p = -1, q = 2","p = 2, q = -1",,,
JAMB,Mathematics,2003,The inverse of the function f(x) = 3x + 4 is,1/3(x + 4),1/4(x + 3),1/5(x - 5),1/3(x - 4),,,
JAMB,Mathematics,2003,"Solve for x in the equation
x3 – 5x2 - x + 5 = 0","1, 1 or 5","–1, 1 or –5","1, 1 or –5","1, -1 or 5",,,
JAMB,Mathematics,2003,"If P = (2,  1)
(-3  0)    and I is a 2 x 2 unit matrix, evaluate
p2 – 2p + 41","(2, 1)","(1, 0)
(4, 1)
(0, 1)",,,,,
JAMB,Mathematics,2003,"Value
0         1        2          3           4
1         2        2          1           9
Frequency
Find the mean of the distribution above.",4,3,1,2,,,
JAMB,Mathematics,2003,"O
M
Q",,,,,,,
JAMB,Mathematics,2003,"A bag contains 5 blsck ball and 3 red balls. Two  balls
are picked at random without replacement. What is
the probability that a black and a red balls are picked?",5/14,13/28,3/14,15/28,,,
JAMB,Mathematics,2003,"Make r the subject of the formula
x/r + a = a/r",a/(x – a),(a/x + a,a2/(x – a),a2/(x + a),,,
JAMB,Mathematics,2003,"If y = x2 – 1/x, find dy/dx",2x + x2,2x – x2,2x – 1/x2,2x – 1/x2,,,
JAMB,Mathematics,2003,"Evaluate
sin3xdx",-2/3 cos 3x + c,–1/3 cos 3x + c,1/3 cos  3x + c,2/3 cos 3x + c,,,
JAMB,Mathematics,2003,"A circle with a radius 5cm has its radius increasing
at the rate of 0.2cms-1. what will be the corresponding
increase in the area?",5p,4p,2p,p,,,
JAMB,Mathematics,2003,"If dy/dx = 2x – 3 and y = 3 when x = 0, find y in
terms of x.",x2 – 3x,x2 – 3x + 3,2x2 – 3x,x2 – 3x – 3,,,
JAMB,Mathematics,2003,Find the derivative of y = sin2(5x) with respect to x,133,113,63,84,,,
JAMB,Mathematics,2003,"The slope of the tangent to the curve y = 3x2 – 2x + 5
at the point (1, 6) is",1,4,5,"61.
Mathematics 2003",,,
JAMB,Mathematics,2004,"4
2
4
3
_
1 3
x
4
y
3
4
4
Find x and y respectively in the subtraction above c
arried out in base 5","2, 4","3, 2","4, 2","4, 3",,,
JAMB,Mathematics,2004,"Find p, if 4516 – p7 = 3056",6117,1427,1167,627,,,
JAMB,Mathematics,2004,"1/10 x 2/3 + 1/4
________________
A
2/25",,19/60,7/12,19/35,,,
JAMB,Mathematics,2004,"A farmer planted 5000 grains of maize and harvested
5000 cobs, each bearing 500 grains. What is the ratio
of the number of grains sowed to the number
harvested?",1:500,1:5000,1:25000,1:250000,,,
JAMB,Mathematics,2004,"Three teachers shared a packet of chalk. The first
teacher got 2/5 of the chalk and the second teacher
received 2/15 of the remainder. What fraction did the
third teacher receive?",11/25,12/25,13/25,8/15,,,
JAMB,Mathematics,2004,"Given that 3√42x, find the value of x",2,3,4,6,,,
JAMB,Mathematics,2004,Simplify 1/√3 + 2 in the form a + b√3,-2 -   3,–2+   3,2-    3,2+   3,,,
JAMB,Mathematics,2004,"If 6logx2 – 3logx3 = 3log50.2, find x.",3/8,¾,4/3,"8/3
Q
P",,,
JAMB,Mathematics,2004,"R
The shaded region in the venn diagram above",Pc ∩(QR)B.        P∩Q,,Pc U(Q∩R),Pc∩ (QUR),,,
JAMB,Mathematics,2004,"In a class of 40 students, each student offers at least
one of Physics and Chemistry. If the number of
students that offer Physics is three times the number
that offer both subjects and the number that offers
Chemistry is twice the number that offer Physics, find
the number of students that offer Physics only.",25,15,10,5,,,
JAMB,Mathematics,2004,"Find the values of x where the curve
y = x3 + 2x2 – 5x – 6 crosses the x-axis.","-2, -1 and 3","-2, 1 and –3","2, -1 and –3","2, 1 and 3",,,
JAMB,Mathematics,2004,,,,,18,,,
JAMB,Mathematics,2004,Factorize completely ac – 2bc – a2 + 4b2,(a – 2b)(c  + a – 2b),(a – 2b)(c  - a – 2b),(a – 2b)(c  + a + 2b),(a – 2b)(c  - a + 2b),,,
JAMB,Mathematics,2004,"y is inversely proportional to x and y = 4 when x = 1/
2 . find x when y = 10",1/10,1/5,2,10,,,
JAMB,Mathematics,2004,,,,10,5,,,
JAMB,Mathematics,2004,"x
The shaded area in the diagram above is represented
by","{(x, y) : y + 3x < 6}","{(x, y) : y + 3x < - 6}","{(x, y) : y - 3x < 6}","{(x, y) : y - 3x < -  6}",,,
JAMB,Mathematics,2004,"What are the integral values of x which satisfy the
inequality –1 < 3 – 2x ≤ 5?","-2, 1, 0, -1","-1, 0, 1, 2","-1, 0, 1,","0, 1, 2",,,
JAMB,Mathematics,2004,"The nth terms of two sequences are Qn – 3.2n-2 and
Um = 3.22m – 3. find the product of Q2 and U2",3,6,12,18,,,
JAMB,Mathematics,2004,"Given that the first and fourth terms of a G.P are 6
and 162 respectively, find the sum of the first three
terms of the progression.",8,27,48,78,,,
JAMB,Mathematics,2004,"Find the sum to infinity of the series ½, 1/6, 1/
18,……………",1,¾,2/3,1/3+,,,
JAMB,Mathematics,2004,"If the operation * on the set of integers is defined by
p*q = “pq, find the value of 4*(8*32).",16,8,4,3,,,
JAMB,Mathematics,2004,"The inverse of the matrix       (2   1)
(1    1)
is",(1  1),"(1  -1)
(-1 2)
(1   2)",(1  1),"(1  -1)
(1  2)
(-1 2)",,,
JAMB,Mathematics,2004,"If P = 1   0   -1
3   4    5
-1    0  1  then /P/ is",-8,0,4,8,,,
JAMB,Mathematics,2004,"The sum of the interior angles of a  pentagon is 6x +
6y. find y in terms of x",,,,,,,
JAMB,Mathematics,2004,,,15,10,5,,,
JAMB,Mathematics,2004,,,,,,,,
JAMB,Mathematics,2004,,,,48,78,,,
JAMB,Mathematics,2004,"An arc of a circle of length 22cm subtends an angle
of 3x0 at the centre of the circle. Find the value of x
if the diameter of the circle is 14cm.",300,600,1200,1800,,,
JAMB,Mathematics,2004,"Determine the locus of a point inside a square PQRS
which is equidistant from PQ and QR",The diagonal PR.,The diagonal QS,Side SR,The perpendicular bisector of PQ.,,,
JAMB,Mathematics,2004,"The locus of a point which is 5cm from the line LM
is a","pair of lines on opposite sides of LM and
parallel to it, each distances 5cm form LM",line parallel to LM and 5cm from LM,"pair of parallel lines on one side of LM and
parallel to  LM","line distance 10cm from LM and
parallel to LM.",,,
JAMB,Mathematics,2004,"Find the value of α2 + β2 if a + b = and the distance
between the points (1, α) ands (β, 1) is 3 units.",3,5,11,14,,,
JAMB,Mathematics,2004,"Find the midpoint of the line joining P(-3, 5) and Q
(5, -3).",,,,,,,
JAMB,Mathematics,2004,"15 cm
X",,,,,,,
JAMB,Mathematics,2004,"The shadow of a pole 5√3 m high is 5m. find the
angle of elevation of the sun.",300,450,600,750,,,
JAMB,Mathematics,2004,"O
20
O
P, R and S lie on a circle centre O as shown above
while Q lies outside the circle. Find ÐPSO.",350,400,450,"550
4 cm",,,
JAMB,Mathematics,2004,"Find the derivative  of the function
y = 2x2(2x - 1) at the point x= -1",-6,–4,16,18,,,
JAMB,Mathematics,2004,"If y – 3 cos (x/3), find dy/dx when x = 3π/2",2,1,–1,–3,,,
JAMB,Mathematics,2004,"What is the rate of change of the volume v of
hemisphere with respect to its radius r when r = 2?",2π,4π,8π,16π,,,
JAMB,Mathematics,2004,"Evaluate
3
1 (x2 - 1) dx",62/3,2/3,-2/3,"-62/3
h
e
t",,,
JAMB,Mathematics,2004,"r
O
s
s
60
O
n
e
a
z
e
i
a
B
M
150
O
M
t
e
l
l
i
The pie chart above shows the distribution of the
crops harvested from a farmland in a year. If 3000
tonnes of millet is harvested, what amount of beans
is harvested?",9000 tonnes,6000 tonnes,1500 tonnes,1200 tonnes,,,
JAMB,Mathematics,2004,"I.   Rectangular bars of equal width
II.  The height of each rectangular bar
is proportional to the frequency of
the3 corresponding class interval.
III. Rectangular bars have common",,,,,,,
JAMB,Mathematics,2004,"The graph above shows the cumulative frequency
curve of the distribution of marks in a class test. What
percentage of the students scored more than 20
marks?",68%,28%,17%,8%,,,
JAMB,Mathematics,2004,"The mean age of a group of students is 15 years. When
the age of a teacher, 45 years old, is added to the
ages of the students, the mean of their ages becomes
18 years. Find the number of students in the group.",7,9,15,42,,,
JAMB,Mathematics,2004,"The weights of 10 pupils in a class are 15kg, 16kg,
17kg, 18kg, 16kg, 17kg, 17kg, 17kg, 18kg and 16kg.
What is the range of this distribution?",1,2,3,4,,,
JAMB,Mathematics,2004,"O
60
O
Find the value of x in the figure above.",20√6,15√6,5√6,3√6,,,
JAMB,Mathematics,2004,"In how many ways can 2 students be selected from a
group of 5 students in a debating competition?",10 ways.,15 ways.,20 ways,25 ways.,,,
JAMB,Mathematics,2004,"A committee of six is to be formed by a state governor
from nine state commissioners and three members
of the state house of assembly. In how many ways
can the members of the committee be chosen so as to
include one member of the house of assembly?",924 ways,840 ways,462 ways,378 ways,,,
JAMB,Mathematics,2004,,,,,78,,,
JAMB,Mathematics,2004,"An unbiased die is rolled 100 times and the outcome
is tabulated as follows:
What is the probability of obtaining 5?",1/6,1/5,¼,½,,,
JAMB,Mathematics,2004,"A container has 30 gold medals, 22 silver medals and
18 bronze medals. If one medal is selected at random
from the container, what is the probability that it is
not a gold medal?",4/7,3/7,11/35,9/35,,,
