exam,subject,year,text,option_a,option_b,option_c,option_d,option_e,correct_answer,explanation
JAMB,Physics,1983,"In a resonance tube experiment, a tube of fixed
length in closed at one end and several turning
forks of increasing frequency used to obtain
resonance at the open end. If the turning fork with
the lowest frequency which gave resonance had a
frequency ƒ1 and the next turning fork to give
resonance had a frequency ƒ2, find the ratio ƒ2/ ƒ1.",8,3,2,½,1/3,,
JAMB,Physics,1983,Which of the following is NOT a vector quantity,Force,Altitude,Weight,Displacement,Acceleration.,,
JAMB,Physics,1983,"P1 P3 
O 
O3 O2 P2 Fig. 1
Consider the three forces acting at O and in
equilibrium as shown in Fig. 1. Which of the
following equation is/are CORRECT?
I.
P1 cos 01 = P1 cos O2
II.
P3 = P1 cos O1 + P2 cos O2
III.
P1 sin O1 = P2 sin O2",I only,II only,III only,II and III only,I and III only,,
JAMB,Physics,1983,"Which of the following statements about friction
it NOT correct?","The force of kinetic friction is less than
the force of static friction.","The force of kinetic friction between two
surfaces is independent of the areas in
contact provided the normal reaction is
unchanged.","The force of rolling friction between two
surfaces is less than the force of sliding
friction.","The angle of friction is the angle between
the normal reaction and the force friction.",Friction may be reduced by lubrication.,,
JAMB,Physics,1983,"Cord
Pull Brick Fig. 2 A brick at rest on a horizontal table is pulled by a
horizontal cord, as shown in Fig. 2. The force of
friction on the brick","Increase if the pull increases but the brick
does not move.",Is directly horizontal to the right,"Decreases if an identical brick is placed
on the first.","Is zero if the brick is pulled hard enough
to make it slide.",Change if the brick is turned on its side.,,
JAMB,Physics,1983,"The force with which an object is attracted to the
earth is called its",Acceleration,Mass,Gravity,Impulse,Weight.,,
JAMB,Physics,1983,"The refractive index of a liquid is 1.5. If the velocity
of light in vacuum is 3.0 x 108m s-1, the velocity of
light in the liquid is",1.5 x 103m s-1,2.0 x 103m s-1,3.0 x 103m s-1,4.5 x 103m s-1,9.0 x 103m s-1,,
JAMB,Physics,1983,"If the relative density of a metal is 19, what will be
the mass of 20cm3 of the metal when immersed in
water?",380g,400g,360g,39g,180g,,
JAMB,Physics,1983,"Which of the following statements about liquid
pressure is NOT correct? The pressure","At a point in a liquid is proportional to
the depth.","At any point in a liquid is the same at the
same level.","Is exerted equally in all directions at any
point.","Of a liquid at any point on the wall of its container acts in a direction
perpendicular to the wall.","At a particular depth depends on the
shape of the vessel.",,
JAMB,Physics,1983,"A ship traveling towards a cliff receives the echo
of its whistle after 3.5 seconds. A short while later,
it receives the echo after 2.5 seconds. If the speed
of sound in air under the prevailing conditions is
250m s-1, how much closer is the ship to the cliff?",10 m,125 m,175 m,350 m,"1,000 m",,
JAMB,Physics,1983,"Which of the following is NOT correct?
I.
The pitch of a sound note depends on
the frequency of vibrations.
II.
The intensity of a sound note is
proportional to the amplitude of
vibrations.
III.
Beats are produces by two sources of
sound because one wave is travelling
faster than the other.
IV.
When two sources of sound of
frequencies 500 Hz and 502 Hz are
sounded together, a neat frequency of 2
Hz is observed.
V.
The first harmonic of a note has double
the frequency of the fundamental note.",I and II,II and III,I and II,III and IV,IV and V.,,
JAMB,Physics,1983,"Which of the following statements about defects
of vision is/ are CORRECT
I.
For a long sighted person, close objects
appear blurred.
II.
For a sort sighted person, distant objects
appear blurred.
III.
Short sight is corrected by using a pair of
converging lenses.",I onl,II only,I and II onl,II and III only,"I, II and III.",,
JAMB,Physics,1983,"The range of wavelengths of the visible spectrum
is 400nm – 700nm. The wavelength of gamma rays
is",Longer than 700nm,"Shorter than 700nm but longer than
400nm",550nm,Shorter than 400nm,Infinite,,
JAMB,Physics,1983,"If the pressure on 1000cm3 of an ideal gas is
doubled while its Kelvin temperature is halved,
then the new volume of the gas will become",25 cm3,50 cm3,100 cm3,200 cm3,400 cm3,,
JAMB,Physics,1983,"A train has an initial velocity of 44m/s and an
acceleration of –4m/s2. Its velocity after 10 seconds
is",2m/s,4m/s,8m/s,12m/s,16m/s.,,
JAMB,Physics,1983,"Which of the following conditions are necessary
and sufficient for total internal reflection to take
place at the boundary between two optical media?
I
Light is passing from optically denser
medium to optically less dense medium.
II
Light is passing from optically less dense
medium to optically denser medium.
III
Angle of incidence is greater.
IV
Angle of incidence if lesser.",I and II only,II and II only,III and IV only,I and III only,II and Iv only,,
JAMB,Physics,1983,"A man of mass 50kg ascends a flight of stairs 5m
high in 5 seconds. If acceleration due to gravity is
10m s-2, the power expended is",100W,300W,250W,400W,500W,,
JAMB,Physics,1983,"Which of the following arrangements in the
sequence shown can be used to obtain a pure
spectrum of white light?","Source, slit, converging lens, prism,
converging lens, screen.","Source, slit, diverging lens, screen.","Source, converging lens, prism, diverging
lens, screen.","Source, slit, prism, diverging lens, screen",,,
JAMB,Physics,1983,"10V I1 2Ù I2 20V 2Ù I3 1Ù 20V I4 2Ù I5 1Ù
Fig. 3.
The diagrams in Fig.3 show three circuits. The
internal resistances of the batteries are negligible.
Which of the currents is the largest?",I1,I2,I3,I4,I5,,
JAMB,Physics,1983,"A milliameter with full scale deflection of 100mA
has an internal resistance of 5 ohms. It would be
converted to an ammeter with a full scale deflection
of 1A by connecting a resistance of",5/99 ohm in series with it,5/99 ohm in parallel with it,99/5 ohm in parallel with it,99/5 ohm in series with it,2 ohms in series with it,,
JAMB,Physics,1983,"It is usual to transmit electric power at high voltage
and low current. Which of the following are
possible advantages of the method.
I
Heat losses are reduced because the
currents are small.
II
Thin wires can be used because small
currents are flowing.
III
The power can flow faster because the
voltage is high.",I only,I and II only,II and III only,I and III only,"I, II and III.",,
JAMB,Physics,1983,"The linear expansivity if brass is 2 x 10-1 0C-1. If the
volume of a piece of brass is 100cm3 at 00C, what
will be its volume at 1000C?",10.02 cm3,10.04 cm3,10.06 cm3,10.20 cm3,102.00 cm3,,
JAMB,Physics,1983,"A 24V potential difference is applied across a
parallel combination of four 6-ohm resistors. The currents in each resistor is",1 A,4 A,16 A,18 A,36 A,,
JAMB,Physics,1983,"In the circuit shown in Fig. 4, T is a resistor whose
resistance falls as temperature increases. L1 and L2
are lamps. Assuming the cell has negligible internal
resistance, as the temperature of T increases","L1 becomes brighter, L2 becomes dimmer.",L1 and L2 becomes brighter.,"L1 becomes dimmer, L2 becomes brighter.","L1 becomes brighter, L2 does not change.","L2 becomes dimmer, L1 does not change. 1L
T T L2 Fig. 4.",,
JAMB,Physics,1983,"Which of the diagrams in Fig. 5 gives the correct
resultant R of two vectors P and
Q?
P P
R I II R
Q Q P P
R III IV
R P
R fig 5. V
Q",I,II,III,IV,V,,
JAMB,Physics,1983,"The electrochemical equivalent of a metal is 0.126
x 10-6 kg/C. The mass of the metal that a current of
5A deposit from a suitable bath in 1 hour is",0.0378 x 10-3kg,0.227 x 10-3kg,0.378 x 10-3kg,0.595 x 10-3kg,2.268 x 10-3kg,,
JAMB,Physics,1983,"Ripples on water are similar to light waves in that
they both",Have the same wavelength,Are longitudinal,Cannot be reflected,Travel at the same speed,Can be refracted and diffracted.,,
JAMB,Physics,1983,"A piece of wood is floating on water. The forces
acting on the wood are",Upthrust and reaction.,Weight and reaction,Weight and upthrust,Upthrsut and viscosity,Weight and viscosity.,,
JAMB,Physics,1983,"Of the following derived units, the one that is not
a unit of power is",Joule/second,Ampere/volt,Amphere2volt,Ohm2/volt,Volts2/ohm.,,
JAMB,Physics,1983,"A force of 16N applied to a 4.0kg block that is at
rest on a smooth horizontal surface. What is the
velocity of the block at t = 5 seconds?",4 m/s,10 m/s,20 m/s,50 m/s,80 m/s,,
JAMB,Physics,1983,"1,000 identical drops of oil of density 5000kg/m3 have a total mass of 5 x 10-4kg. One of the drops
forms a thin film of area 0.5m2 on water. The
thickness of the film is",2 x 10-8m,2 x 10-9m,2 x 10-7m,3 x 10-9m,2.8 x 10-8m.,,
JAMB,Physics,1983,"The total length of a spring when a mass of 200g is
hung from its end is 14cm, while its total length is
16cm when a mass of 30kg is hung from the same end. Calculate the unstretched length of the spring
assuming Hooke’s law is obeyed.",9.33 cm,10.00 cm,10.66 cm,12.00 cm,15.00 cm,,
JAMB,Physics,1983,"Each of the diagrams in Fig. 6 represents two
current carrying conductors situated close to each
other. In which two diagrams are the forces
between the two wires attractive?
I II III IV V Fig .6",I and V,I and III,II and IV,II and V,III and IV,,
JAMB,Physics,1983,"Which of the following statements is CORRECT?
I
The mass number is equal to the total
number of protrons and electrons in an
atom.
II
The atomic number is equal to the number
of protrons in an atom III
The number of electrons in an atom is
equal to the total number of protons and
neutrons in the nucleus.",I only,II only,III only,I and II only,II and III only.,,
JAMB,Physics,1983,"A short response time is obtained in a liquid-in-
glass thermometer when the",Bulb is large and thick-walled.,Stem is long and thin.,Bulb is small and thick-walled.,Bulb is high density and the bore is large.,"Bulb is thin-walled and the liquid is a good
conductor of heat.",,
JAMB,Physics,1983,"A machine has a velocity ratio of 5. It requires a
50kg weight to overcome a 200kg weight. The
efficiency is",4%,5%,40%,50%,80%,,
JAMB,Physics,1983,"If the normal atmospheric pressure in a laboratory
supports a column of mercury 0.76m high and the
relative density of mercury is 13.8, then the height
of water column which atmospheric pressure will
support in the same laboratory at the same time is",0 m,10 m,13 m,14 m,18 m,,
JAMB,Physics,1983,"An electric current of 3A flowing through an electric
heating element of resistance 20 embedded in
1,000g of an oil raises the temperature of the oil by
100C in 10 seconds, then the specific heat capacity
of the oil is",1.8 J/g,0.6 J/g,0.18 J/g 0C,1.8 J/g 0C,0.06 J/g 0C,,
JAMB,Physics,1983,"The difference of potential between the terminals
of a cell is 2.2 volts. When a 4 ohm resistor is
connected across the terminals of this cell, the
potential difference is 2 volts. What is the internal
resistance of the cell?",0.10 ohms,0.25 ohms,0.40 ohms,2.50 ohms,4.00 ohms.,,
JAMB,Physics,1983,"Q
I P R Fig. 7
In Fig. 7 above, QR is a vertical conductor and the
current I flows from R to Q. P is a point on the
horizontal plane and it to the South of the wire.
The direction of the magnetic filed at P due to the
current is",Upward,North,South,West,East,,
JAMB,Physics,1983,"Which of the following best describes the energy
changes which take place when a steam engine
drives a generator which lights a lamp?","Heat
Light
Sound
Kinetic","Kinetic
Light
Heat
Electricity","Heat
Kinetic
Electricity
Heat and Light","Electricity
Kinetic Heat
Light","Heat
Sound
Kinetic
Electricity.",,
JAMB,Physics,1983,"Which of the following statements clearly describe
the behaviour of the fire alarm shown in Fig. 8
below given that the linear expansivities of copper
and steel are 2.0 x 10-5/0C and 1.2 x 10-5/0C
respectively? Electric bell Copper P Steel Q I
The bimetallic strip will not be able to
close the circuit when there is fire
II
The bimetallic strip will close the circuit
when there is fire
III
If the copper and steel are interchanged,
the circuit will close when there is fire.",I only,II only,III only,I and III,II and III,,
JAMB,Physics,1983,"Four equal resistors R1, R2, R3 and R4 are connected
in series as shown in Fig 9 below. V1, V2 and V3 are
voltmeters connected as indicated. Which of the
following relations is CORRECT?",V1 = V3 = V2 . 2,V1 = 2V2 =V3,V1 = ½ V3 = V2,V1 - V3 = V2,V2 – V1 = V3 .,,
JAMB,Physics,1983,"2 44.
Which of the following may be used to determine
relative humidity in a physics laboratory?
I
Manometer
II
Wet-and-dry bulb hygrometer
III
Hair hygrometer
IV
A hydrometer",I only,II and III only,II only,III only,"II, III and IV only",,
JAMB,Physics,1983,"PQ is a thin rod on a horizontal table, RS is a plane
mirror inclined at 450C to the horizontal as shown
in Fig. 10 above. The image of PQ as seen in the
mirror by the eye, T is",Horizontal,Parallel to the mirror,At infinity,Vertical,Highly magnified.,,
JAMB,Physics,1983,"The speed of light in vacuum is 3.0 x 108m s-1. If the
refractive index of a transparent liquid is 4/3 then
the speed of light in the liquid is",0.44 x 108m s-1,2.25 x 108m s-1,3.0 x 108m s-1,4.0 x 108m s-1,4.33 x 108m s-1,,
JAMB,Physics,1983,"If the force on a charge of 0.2 coulomb in an electric
field is 4N, then the electric field intensity of the
field is",0.8,0.8 N/,"C.
20.0 N/C",4.2 N/C,20.0 C/N,,
JAMB,Physics,1983,"The specific latent heat of vapourization of a
substance is always",Less than its specific latent heat of fusion.,Greater than its specific heat of fusion.,Equal to its specific latent heat of fusion,"All of the above depending on the nature
of the substance",None of the above,,
JAMB,Physics,1983,Longitudinal waves do not exhibit,Refraction,Reflection,Diffraction,Polarization,Rarefaction,,
JAMB,Physics,1983,"Fig. 11 above shows an inverted U-tube with the
open end, O of one limb below the level, W, of the
water in a tank. In order that water should begin to
flow from the tank it is necessary that","The U-tube is completely filled with water
and P should be higher than W.",P should be lower than O and W,"P should be lower than W and O should
reach to the bottom of the vessel.","The U-tube is completely filled with water
and P should be lower than W.","The U-tube is completely filled with water
and O should reach the bottom of the
vessel.",,
JAMB,Physics,1984,"The distance travelled by a particle starting from
rest is plotted against the square of the time elapsed
from the commencement of motion. The resulting
graph is linear. The slope of this graph is a measure
of",Initial displacement,Initial velocity,Acceleration,Half the acceleration,Half the initial velocity,,
JAMB,Physics,1984,"P T
Q R S 0.1N 0.4N
Fig. 1 In Fig. 1, PT is a uniform metre rule pivoted at R,
the 70cm mark. Two forces 0.1N and 0.4N are
applied at Q, the 60cm mark and S. the 85cm mark.
If the metre rule is kept in equilibrium by the forces
and its weight, then the weight of the metre rule is",0.25 N,0.30 N,0.35 N,0.50 N,0.56 N,,
JAMB,Physics,1984,"For which of the underlisted quantities is the
derived unit ML2T-2 correct?
I
Moment of a force
II
Work
III
Acceleration",I only,II only,III only,I and II,II and III,,
JAMB,Physics,1984,"What volume of alcohol with a density of 8.4 x
102kg m-3 will have the same mass as 4.2m3 of petrol
whose density is 7.2 x 102kg m-3?",1.4 m3,3.6 m3,4.9 m3,5.0 m3,5.8 m3,,
JAMB,Physics,1984,"For correcting long sight defects in the human eye
we require a",Converging lens,Diverging lens,Microscope,Periscope,Plain glass sheet.,,
JAMB,Physics,1984,"For a concave mirror to form a real diminished
image, the object must be placed",Behind the mirror,Between the mirror and in focus,"Between the focus and the center of
curvature",At the center of curvature,"At a distance greater than the radius of
curvature.",,
JAMB,Physics,1984,The unit quantity of electricity is called,The ampere,The volt,The coulomb,The ammeter,Electromotive force.,,
JAMB,Physics,1984,The resistance of a wire depends on,The length of the wire,The diameter of the wire,The temperature of the wire,The resistivity of the wire,All of the above.,,
JAMB,Physics,1984,"What is the resistance of the circuit shown in Fig.
2.
2Ohms 2Ohms 3 Ohms 4Ohms Fig. 2",4 Ohms,11 Ohms,19/5 Ohms,17/4 Ohms,8Ohms,,
JAMB,Physics,1984,"Two cells, each of e.m.f. 1.5V and an internal
resistance 2Ohms are connected in parallel.
Calculate the current flowing when the cells are
connected to a 1 Ohms resistor.",0.75 Ohms,1.5 Ohms,0.5 Ohms,1.0 Ohms,0.6 Ohms,,
JAMB,Physics,1984,"Which of the following components is NOT
contained in a dry cell? A",Carbon rod,Paste of magnesium dioxide,Paste of ammonium chloride,Zinc case,Copper rod.,,
JAMB,Physics,1984,"Which of the following can be described
as high tension transmission?",High resistance and low voltage,Low current and high voltage,High current and low voltage,High voltage and zero current,High current and low resistance.,,
JAMB,Physics,1984,"All the heat generated in a 5 ohms resistor by 2A
flowing for 30 seconds is used to evaporate 5g of
liquid at its boiling point. Which of the following
is the correct value of the specific latent heat of
the liquid?",120 J,60 J g-1,120 J g-1,1 500 J,1 500 J g-1,,
JAMB,Physics,1984,"When vibration occurs in an air column, the
distance between a node and an antinodes is equal
to",One-quarter of the wavelength,One-half of the wavelength,The wavelength,Twice the wavelength,Four-times the wavelength.,,
JAMB,Physics,1984,"Which of the following statements is (are) NOT
correct?
I
Pressure changes do not affect the speed
of sound in air
II
The velocity of sound increases with
temperature
III
The quantity of a note depends only on
its frequency.",I only,II only,III only,I and III only,II and III only.,,
JAMB,Physics,1984,"Of two identical turning forks with natural
frequency 256 Hz, one is loaded so that 4 beats per
second are heard when they are sounded together.
What is the frequency of the loaded turning fork?",260 Hz,252 Hz,248 Hz,264 Hz,258 Hz,,
JAMB,Physics,1984,"Dew point is the temperature at which water
vapour in the atmosphere",Turns into steam,Solidifies into ice pellets,First condenses into liquid form,Is just sufficient to cause cooling,Has a relative of fifty percent.,,
JAMB,Physics,1984,"The lower and upper fixed points marked on a
mercury-in-glass thermometer are 210mm apart.
The end of the mercury column in the tube is 49mm
above the lower fixed point in a room. What is the
temperature of the room in degrees Celsius?",55.3 0C,23.3 0C,49.0 0C,16.1 0C,76.7 0C,,
JAMB,Physics,1984,"If a solid changes directly into a gas when heat is
applied the process is called",Vaporization,Evaporation,Sublimation,Ionization,Conversion.,,
JAMB,Physics,1984,"A plane inclined at an angle of 300 to the horizontal
has an efficiency of 60%. The force parallel to the
plane required to push a load of 120N uniformly
up the plane is",60 N,100 N,120 N,200 N,240 N,,
JAMB,Physics,1984,"A body of mass 5kg initially at rest is acted upon
by two mutually perpendicular forces 12N and 5N
as shown in Fig. 3. If the particle moves in the
direction QA, calculate the magnitude of the
acceleration.",0.40m s-2,1.40m s-2,0.26m s-2,2.60m s-2,3.40m s-2,,
JAMB,Physics,1984,"A 12N è
O
5N
Fig. 3 22. 20 10
Force
(N) 0 5 1 0 15 20
Fig. 4 Distance (m) body by the force during the first 10 metres of
motion is",100 J,150 J,200 J,300 J,600 J,,
JAMB,Physics,1984,"A simple pendulum, 0.6m long, has a period of 1.5
s. what is the period of a similar pendulum 0.4m
long in the same location?",1.4 2/3 s,1.5 3/2,2.25 s,1.00 s,"2.00 s A force varying linearly with the distance acts on
a body as shown in Fig. 4. The work done on the
body by the force during the first 10 metres of
motion is
A.
100 J
B.
150 J
C.
200 J
D.
300 J
E.
600 J",,
JAMB,Physics,1984,"A simple pendulum, 0.6m long, has a period of 1.5
s. what is the period of a similar pendulum 0.4m
long in the same location?",1.4 “ 2/3 s,1.5 “3/2,2.25 s,"1.00 s 24.
A small steel needle is carefully floated on water in
a beaker. When a few drops of kerosene are
introduced into the water the needle sinks. Which
of the following statements correctly explain(s) the
observation?
I
There is a tension on the water surface.
II
Kerosene reduces the density of water
so that the needle becomes denser than
water.
III
Kerosene reduces the surface tension of
water. A.
I only
B.
II only
C.
III only
D.
I and II",I and III,,
JAMB,Physics,1984,"Which of the following statements describes an
atom accurately?
I
Atoms of all elements are identical
II
An atom contains a nucleus and number
of electrons.
III
Due to the electrons in the atom, an atom
is negatively charged.
IV
Electrons in the atom move in circular
orbits round the nucleus.",I and II,II and III,III and IV,II and IV,"I, II and III",,
JAMB,Physics,1984,"A particle moves in a circular orbit of radius 0.02m.
If the speed of the particle is 0.88m s-1, calculate its
frequency in cycles per second.",2.0,7.0,8.8,14.0,17.6,,
JAMB,Physics,1984,"Heat is supplied uniformly at the rate of 100W to
1.0 x 10-2kg of a liquid for 20 seconds. If the
temperature of the liquid rises by 50C, then the
specific heat capacity of the liquid is",2.0 x 102J kg-1 K-1,2.0 x 102J kg-1,4.0 x 104J kg-1 K-1,4.0 x 104J kg-1,8.4 x 103J kg-1 K-1,,
JAMB,Physics,1984,"A given mass of an ideal gas occupies a volume V
at a temperature T and under a pressure P. If the
pressure is increase to 2P and the temperature
reduced to 1/2T, then the percentage change in
the volume of the gas is",0 %,25 %,75 %,300 %,400 %,,
JAMB,Physics,1984,"Which of the following properties of matter
CANNOT be utilized for temperature measurement?
The",Length of a liquid column,Volume of a gas at constant pressure.,Pressure of a gas at constant volume,Resistance of a metallic wire,"Current produced in a photoelectric
effect.",,
JAMB,Physics,1984,"The image and object distances of a converging
mirror are related by the equation 1/ƒ = 1/v + 1/u and
the magnification of the image is m = v/u. Which
of the graphs below represents the relation
between m and v?",,,,m m v v,m m,,
JAMB,Physics,1984,"v v C..
m v 31.
Which of the following statements about the
compound microscope and astronomical telescope
is (are) correct?
I
The final image of a compound
microscope is located at infinity.
II
The final image of the astronomical
telescope is always erect.
III
The objective lens of a compound
microscope has a very short focal length.",I only,II only,III only,I and III,II and III,,
JAMB,Physics,1984,"A coin is placed at the bottom of a cube of glass
tcm thick. If the refraction index of the glass is ø,
how high does the coin appear to be raised to an
observer looking perpendicularly into the glass?","1 .
t – ø","t(ø – 1)
ø",t>ý 1 + 1/ø?ý,"t .
ø",t,,
JAMB,Physics,1984,"The electromotive force obtained from a simple
dynamo may be increased by","Increasing the cross-sectional area of the
coil.","Winding the coil on a soft-iron armature
so as to increase the magnetic flux
through the coil.",Increasing the speed of rotation.,Making the field magnet longer.,Using low resistance copper coil.,,
JAMB,Physics,1984,"I S II N III Earth’s
magnetic
field Fig. 5 A short bar magnet is placed in the earth’s magnetic
field as shown in Fig. 5. Which of the points II and
II is (are) possible position(s) of a natural point?",I only,II only,III only,I and II,"I, II and III",,
JAMB,Physics,1984,"4 UF 3 UF 4 UF 2 UF Fig. 6 In the circuit in Fig. 6, calculate the effective
capacitance between X and Y.",¾ UF,2 10/13 UF,12 UF,4 12/13 UF,13 UF,,
JAMB,Physics,1984,"A gun of mass 2.0kg fires a bullet of mass 1.6 x 10-2kg
due East. If the bullet leaves the nozzle of the gun with a velocity of 150m s-1, what is the recoil
velocity of the gun?",150 m s-1 due West,1.2 x 10-4 m s-1 due West.,1.2 m s-1 due West,1.2 m s-1 due East,150 m s-1 due East,,
JAMB,Physics,1984,"Normal atmospheric pressure at sea-level is 105N
m-2 and the acceleration due to gravity is
approximately 10m s-1. If the atmosphere has a
uniform density of 1kg m-3, its height is",100 m,1000 m,10 000 m,100 000 m,1000 000 m,,
JAMB,Physics,1984,"Which of the following is a correct explanation of
the inertia of a body?",Ability to overcome the earth’s gravity,Reluctance to stop moving,Readiness to start moving,"Reluctance to start moving and its
readiness to stop moving once it has
begun to move","Reluctance to start moving and its
reluctance to stop moving once it has
begun to move.",,
JAMB,Physics,1984,"If a water pump at Kainji Dam is capable of lifting
1000kg of water through a vertical height of 10m in
10s, the power of the pump is",1.0 kW,10.0 kW,12.5 kW,15.0 kW,"20.0 kW
(g = 10m s-2)",,
JAMB,Physics,1984,"What is the apparent colour of a RED SHIRT when
viewed in PURE green light?",Red,Green,Yellow,Black,Blue,,
JAMB,Physics,1984,"The spectrum of white light consists of coloured
lights arranged in the following order","Blue, red, green. Yellow, indigo, violet,
orange.","Red, orange, yellow, green, blue, indigo,
violet.","Red, orange, yellow, indigo, green, blue,
violet.","Indigo, green, blue, violet, yellow, red,
orange.","Yellow, blue, green, violet, orange, indigo,
red.",,
JAMB,Physics,1984,Cathode rays are,High-energy electromagnetic waves,Protons,Streams of electrons,Neutrons,Radio waves,,
JAMB,Physics,1984,"A device that converts sound energy into electrical
energy is",The horn of a motor car,An A.,"generator
C.
A microphone",The telephone earpiece,A loudspeaker.,,
JAMB,Physics,1984,"Which of the following
I
â-particles
II
Protons
III
Neutrons
IV
á-particles
may be found in light nuclei?",I and II,I and III,II and IV,II and III,"I, II, and III.",,
JAMB,Physics,1984,"Radio waves have a velocity of 3 x 108m s-1. A radio
station sends out a broadcast on a frequency of
800 kHz. The wavelength of the broadcast is",375.0 m,267.0 m,240.0 m,37.5 m,26.7 m,,
JAMB,Physics,1984,"X 4Ohms Y 6Ohms Fig. 7 In the diagram above (Fig. 7), X and Y are
resistances 45 ohms and 65 ohms respectively. If
power dissipation in X is 10W, then power
dissipation in Y is",2.4 W,4.0 W,6.0 W,6.7 W,15.0 W,,
JAMB,Physics,1984,"What is the cost of running five 50W lamps and
four 100W lamps for 10 hours if electrical energy
costs 2 kobo per kWh?",N 0.65,N 0.13,N 3.90,N 39.00,N 234.00,,
JAMB,Physics,1984,"Which of the following statements is (are) NOT
true about the emission of photoelectrons from
metallic surfaces?
I
All metallic surfaces emit the same
number of photoelectrons in a given light.
II
Most metallic surfaces in visible and
infrared light.
III
A metallic surface emits photoelectric only
if frequency of the incident light is higher
than its own characteristic threshold
frequency.",I only,II only,I and II,II and III,III only,,
JAMB,Physics,1984,"A galvanometer of resistance 5.0Ù has full-scale
deflection for a current of 100mA. How would its
range be extended to 1.0A by placing a resistance
of",5/9 Ohms in parallel,9/5 Ohms in series,45 Ohms in parallel,45 Ohms in series,9/5 Ohms in parallel.,,
JAMB,Physics,1984,"Fig 8 above represents an insulated cylindrical coil
or copper wire wound round a paper tube. The
ends of the coil are connected to a sensitive
galvanometer. When a magnet was plunged into
the coil it was observed that the galvanometer
needle gave a deflection. Which of the following
correctly describes this experiment?","The effect illustrated is induced
electromotive force.","The strength of the current produced is
inversely proportional to the speed with
which the magnet is plunged into the coil.","The direction of the current is always
such as to enhance the change producing
it.","The galvanometer gave a permanent
deflection.","On removing the magnet from the coil the
galvanometer deflected in the same
direction.",,
JAMB,Physics,1985,"Which of the following is NOT a fundamental S.I.
unit?",Metre,Ampere,Kelvin,Second,Radian,,
JAMB,Physics,1985,"A simple pendulum with a period of 2.0s has its
length doubled. Its new period is",1.00 s,1.41 s,0.35 s,2.83 s,4.00 s,,
JAMB,Physics,1985,"Which of the following statements are true about
the spring balance and the chemical balance? I
Both are used to measure the mass of an
object.
II
Either of them may be used to measure
the weight of an object.
III
The spring balance works on the principle
of Hooke’s law while the chemical balance
works on the principle of moments.
IV
A change in gravity changes the readings
of a spring balance but not that of a
chemical balance.",I and IV,II and III,III and IV,"I, II, and III",I and III.,,
JAMB,Physics,1985,"Which of the following types of motion are
oscillatory?
I
A driving board when used by a driver.
II
The motion of the balance wheel of a wrist
watch.
III
The motion of the turn-table of a record
player.
IV
The motion of the center of a ten kobo
piece as it rolls down an inclined plane.
V.
The motion of the needle of a D.C.
ammeter into which a low A.C. current is
passed.",I and II only,"I, II and III","II, III and IV","I, II and V","III, IV, and V.",,
JAMB,Physics,1985,"10 8 Velocity
(ms-1) 6 4 2 0 1 2 3 4 5 6
Time (s)
Fig 1
The graph Fig. 1 above describes the motion of a
particle. The acceleration of the particle during the
motion is",0.00m s2,0.25m s-2,4.00m s-2,8.00m s-2,10.00m s-2,,
JAMB,Physics,1985,"If a car starts from rest and moves with a uniform
acceleration of 10m s-2 for ten seconds, the distance
it covers in the last one second of the motion is",95 m,100 m,500 m,905 m,1 000 m,,
JAMB,Physics,1985,"A block of mass 2.0kg resting on a smooth
horizontal plane is acted upon simultaneously by
two-forces, 10N due North and 10N due East. The
magnitude of the acceleration produced by the
forces on the block is",0.10m s-2,7.05m s-2,10.00m s-2,14.10m s-2,20.00m s-2,,
JAMB,Physics,1985,"A metal block of mass 5kg lies on a rough horizontal
platform. If a horizontal force of 8N applied to the
block through its centre of mass just slides the
block on the platform, then the coefficient of
limiting friction between the block and the platform
is",0.16,0.63,0.80,1.60,2.00,,
JAMB,Physics,1985,Which of the following is NOT a force?,Friction,Tension,Upthrust,Weight,Impulse.,,
JAMB,Physics,1985,"Two masses 40g and 60g respectively, are attached
firmly to the ends of a light metre rule. The centre
of gravity of the system is",At the mid-point of the metre rule,40cm from the lighter mass,40cm from the heavier mass,60cm from the heavier mass,"indeterminate because the metre-rule is
light.",,
JAMB,Physics,1985,"P 10 20 300 80
M
N
L R
O 30kg Fig 2 In Fig. 2 above. MN is a light uniform metre rule
pivoted at O, the 80cm mark. A load of mass 3.0kg
is suspended on the rule at L, the 10cm mark. If the
rule is kept in equilibrium by a string RP, fixed at P
and attached to the rule at R, the 20cm mark, then
the tension T in the string is",25 N,50 N,250 N,5 000 N,25 000 N,,
JAMB,Physics,1985,"A 0.05kg bullet traveling at 500m s-1 horizontal
strikes a thick vertical wall. A load of mass 3.0kg is suspended on the rule at L, the 10cm mark. If the
rule is kept in equilibrium by a string RP, fixed at P
and attached to the rule at R, the 20cm mark, then
tension T in the string is",25 N,50 N,250 N,5 000 N,25 000 N,,
JAMB,Physics,1985,"A force of 100N stretches an elastic string to a
total length of 20cm. If an additional force of 100N
stretches the string 5cm further, find the natural
length of the string.",15 cm,12 cm,10 cm,8 cm,5 cm,,
JAMB,Physics,1985,"Two drivers G and H are at depths 20m and 40m
respectively below the water surface in a lake. The
pressure on G is P1 while the pressure on H is P1. If
the atmospheric pressure is equivalent to 10m of
water, then the value of P2/P1 is",0.50,0.60,1.67,2.00,3.00,,
JAMB,Physics,1985,"The areas of the effort and load pistons of a
hydraulic press are 0.5m2 and 5m2 respectively. If a
force F1 of 100N is applied on the effort piston, the
force F2 on the load is",10 N,100 N,500 N,1 000 N,5 000 N,,
JAMB,Physics,1985,"A metal cube of volume 103mm3 is lowered into a
measuring cylinder containing water. If the internal
cross-sectional area of the cylinder is 1.5 x 102 mm2,
by how much does the water level rise in the
cylinder?",6.67 x 100 mm,8.50 x 102 mm,1.15 x 103 mm,2.50 x 103 mm,1.50 x 105 mm,,
JAMB,Physics,1985,"A uniform cylindrical block of wood floats in water
with one-third of its height above the water level.
In a liquid of relative density 0.8, What fraction of
its height will be above the liquid level?",1/6,1/5,1/3,4/5,5/6,,
JAMB,Physics,1985,"A thin aluminum plate has a surface area of 1,500m2 at 200C. What will be its surface area when it is
cooled to – 200C?
(Take the linear expansivity of aluminium to be 2.5
x 10-5 K-1)",1.503 m2,1.500 m2,1.498 m2,1.497 m2,,,
JAMB,Physics,1985,"Two liquids, P at a temperature of 200C and Q at a
temperature of 800C have specific heat capacities
of 1.0J kg-1 0C-1 and 1.5J kg-1 0C-1 respectively. If
equal masses of P and Q are mixed in a lagged
calorimeter, then the equilibrium temperature is",440C,500C,560C,600C,700C,,
JAMB,Physics,1985,"A quantity of gas occupies a certain volume when
the temperature is – 730C and the pressure is 1.5
atmospheres. If the pressure is increased to 4.5
atmospheres and the volume is halved at the same
time, what will be the new temperature of the gas?",5730C,3270C,3000C,1100C,270C,,
JAMB,Physics,1985,"In a gas experiment, the pressure of the gas is
plotted against the reciprocal of the volume of the
gas at a constant temperature. The unit of the slope
of the resulting curve is",Force,Force/m,Work,Force/m3,Energy/m2.,,
JAMB,Physics,1985,Water shows anomalous behaviour,Below 00C,Between 00C and 40C,At exactly 40C,Between 40C and 1000C,Above 1000C,,
JAMB,Physics,1985,"Two thermos flasks of volume Vx and Vy are filled
with liquid water at an initial temperature of 00C.
After some time the temperatures were found to
be èx, èy respectively . given that
Vx = 2 and èx = ½
Vy
èy
The ratio of the heat flow into the flasks is",1/4,½,4,1,2,,
JAMB,Physics,1985,A good calorimeter should be of,"Low specific heat capacity and low heat
conductivity.","Low specific heat capacity and high heat
conductivity.","High specific heat capacity and low heat
conductivity","High specific heat capacity and low heat
conductivity,",Dull surface and low heat conductivity.,,
JAMB,Physics,1985,Which of the following statements is NOT correct?,"Boiling occurs when the saturated
vapour pressure of the liquid involved
equals the external pressure.","Both the boiling point and the saturated
vapour pressure of a given liquid depend
on the external pressure.","The saturated vapour pressure rises with
increase in temperature.","The saturated vapour pressure is
independent of the volume available for
the vapour.","It is possible to boil water at a lower
temperature than 1000C at high altitude.",,
JAMB,Physics,1985,"Which of the following phenomena CANNOT be
explained by the molecular theory of matter?",Expansion,Conduction,Convection,Radiation,Evaporation.,,
JAMB,Physics,1985,"In order to find the depth of the sea. A ship sends
out a sound wave and receives an echo after one
second. If the velocity of sound in water is 1500m/s,
what is the depth of the sea?",0.75km,1.50km,2.20km,3.00km,3.75km,,
JAMB,Physics,1985,When a sound wave passes from air into water its,"Speed and frequency increase but its
wavelength remains the same.","Speed and wavelength increase but its
frequency remains the same",Speed decreases.,"Speed remains the same but its frequency
and wavelength change.","Speed increases but its frequency and
wavelength decrease.",,
JAMB,Physics,1985,"If the fundamental frequency of a closed pipe organ
on a day when the speed of sound is 340m s-1 is
170 Hz, then the length of the pipe is",50cm,70cm,100cm,150cm,200cm,,
JAMB,Physics,1985,"An object is placed 15cm in front of a concave
mirror of radius 40cm. The image formed is",Virtual and 60cm behind the mirror,Real and 60cm in front of the mirror,Virtual and at infinity,Real and at infinity,Virtual and 40cm from the mirror.,,
JAMB,Physics,1985,"A 450 triangular glass prism can be used as a
reflector of light because","Refraction never takes place in such a
prism","The angle of reflection equals the angle
of incidence.","The refractive index of glass is less than
1",It is transparent,"The critical angle for glass is less than
450",,
JAMB,Physics,1985,"A convex mirror is used as a driving mirror because
I
Its image is erect
II
It has a large field of view
III
It has a long focal length
Identify the CORRECT statement(s).",I and III only,I and II only,II and III only,"I, II and III only",I only,,
JAMB,Physics,1985,"Two rays of light from a point below the surface of
water are equally inclined to the vertical and are
inclined to each other at 600 in water. What is the
angle between the rays when they emerge into
air?
(Take the refractive index of water to be 4/3)",41.80,44.10,60.00,83.60,120.0.,,
JAMB,Physics,1985,"A narrow beam of white light can be split up into
different colours by a glass prism. The correct
explanation is that",White light is an electromagnetic wave,The prism has all the colours of the white light,"White light has undergone total internal
reflection in the prism","Different colours of white light travel with
different speeds in glass.","White light consists of yellow, green and red
colours.",,
JAMB,Physics,1985,"A charge of one coulomb liberates 0.0033g of
copper in an electrolytic process. How long will it
take a current of 2A to liberate 1.98g of copper in
such a process.",5 minutes,30 minutes,50 minutes,60 minutes,120 minutes,,
JAMB,Physics,1985,"If the distance between two stationary charged
particles is doubled, the magnitude of the
electrostatic force between them will be","Passing on an electric current through a
solenoid.","Repeated stroking of the specimen with
a magnet","Repeated stroking of the specimen in
opposite directions with two magnets",Heating of the specimen,"Hammering of the specimen in the earth’s
magnetic field’s",,
JAMB,Physics,1985,"Which of the following will convert a milliammeter
to a voltmeter?",Low series resistance,Low parallel resistance,High series resistance,High parallel resistance,"Parallel resistance equal to milliameter
resistance.",,
JAMB,Physics,1985,"Which of the graphs A – E (Fig. 3) represents the
current-voltage (I – V) relationship for a cell with
internal resistance?",I V,,"I
I V
V",,"I
I V
V Fig. 3",,
JAMB,Physics,1985,"A wire P has half the diameter and half the length
of a wire Q of similar material. The ratio of the
resistance of P to that of Q is",8 : 1,4 : 1,2 : 1,1 : 1,1 : 4,,
JAMB,Physics,1985,"An electric kettle, connected to a 240V mains,
produces 6.0 x 105J of heat energy to boil a quantity
of water in 5 minutes. Find the resistance of the
kettle.",14.4 ohms,28.8 ohms,144 ohms,288 ohms,2 880 ohms,,
JAMB,Physics,1985,"On which of the following does the operation of a
moving coil ammeter depend?
I
Electromagnetic induction.
II
Force on a current-carrying
conductor in a magnetic field.
III
Magnetic effect of an electric current.",I only,II only,III only,II and III,"I, II and III",,
JAMB,Physics,1985,"10 Ohms 5Ohms Fig. 4 In Fig. 4, current (I) passes through the parallel
combination. If the power dissipated in the 5 ohms
resistor is 40W, then the power dissipated in the
10 ohms resistor is",10 W,20 W,40 W,80 W,100 W,,
JAMB,Physics,1985,"Which of the following statements is NOT
correct?","A galvanometer can be converted to an
ammeter with a different range by
connecting a high resistance in series.","An electric current always produces a
magnetic field","Maxwell’s screw rule states that if a
corkscrew moves in the direction of the
current, the hand turns in the direction of
the lines of force.","Electromagnets are used in electric bells
and telephone receivers.","The lines of force round a straight current
carrying conductor are circular.",,
JAMB,Physics,1985,"A transformer has a primary coil with 500 turns
and secondary coil with 2500 turns. When the
voltage input to the primary coil is 120V, the output
is",6 000 V,600 V,240 V,60 V,24 V,,
JAMB,Physics,1985,"Which of the following statements about
electrolysis is NOT correct?","The substances in solution in the
electrolyte become ionized.","Ions are electrically charged and are
attracted towards electrodes when a
potential difference is applied.","Ions may be discharged at the electrodes,
forming bubbles or deposits.","The mass deposited depends upon the
length of time for which current flows.","The mass of gas set free or metal
deposited is proportional to the square
of the current.",,
JAMB,Physics,1985,Which of the following statements is NOT correct?,"The average range of distinct vision for a
normal eye is from the far distance
(infinity) up to about 25cm in front of the
eye.","Longsighted people have difficulty in
making the eye lens sufficiently powerful
to the focus on nearby objects.","Shortsighted 
people 
cannot
accommodate distant objects.","Longsighted people need diverging
spectacles lenses.","A person with long sight has his eye-ball
too short and the image of an object is
therefore formed behind the retina.",,
JAMB,Physics,1985,"Which of the following features is NOT a
characteristic of natural radioactivity?",Radioactivity is a nuclear phenomenon.,"Radioactivity is exhibited only by
elements of mass number greater 206.","The radioactivity of an element is affected
by electric and magnetic fields in the
surroundings.","The radioactive element is transformed
into a new element.",,,
JAMB,Physics,1985,"What is the number of neutrons in the Uranium
isotope 238 
92X?",92,146,238,330,119,,
JAMB,Physics,1986,"Which of the following represents the correct
precision if the length of a piece of wire is measured
with a metre rule?",35 mm,35.0 mm,35.00 mm,35.01 mm,,,
JAMB,Physics,1986,"Force 0
Extension
Fig. 1 Figure 1 is a graph of force against extension for a
spiral spring. The force constant of the spring is
given by the.",Slope of the linear portion of the graph.,Length of the linear portion of the graph.,Area under the linear portion of the graph.,Area under the entire graph.,,,
JAMB,Physics,1986,"A heavy object is suspended from a string and
lowered into water so that it is completely
submerged. The object appears lighter because","The density of water is less than that of
the object.","The pressure is low just below the water
surface.",It experiences an upthrust.,"The tension in the string neutralizes part
of the weight.",,,
JAMB,Physics,1986,Which of the following is a derived unit?,Kilogramme,Metre,Kelvin,Newton,,,
JAMB,Physics,1986,"Two objects, one having three times the mass of
the other, are dropped at the same time from at tall
building. When they are above the ground, the
two objects will have the same",Momentum,Kinetic energy,Potential energy,Acceleration.,,,
JAMB,Physics,1986,Which of the following is in a neutral equilibrium?,A heavy weight suspended on a string.,A cone resting on its slant edge.,A heavy based table lamp.,The beam of a balance in use.,,,
JAMB,Physics,1986,"A ball is thrown vertically into the air with an
initial velocity u. What is the greatest height
reached?",U/2g,3u2/2g,u2/g,u2/2g.,,,
JAMB,Physics,1986,"Which of the following assumptions is made in a
simple pendulum experiment? The",Suspending string is inextensible,Bob has a finite size,Bob has a definite mass,Initial angle of oscillation must be large.,,,
JAMB,Physics,1986,"10cm Q
R
P 10g
Fig. 2
A uniform metre rule QR is balanced on a knife
edge which is 55cm from R. when a mass of 10g is
hung at P as shown in Fig. 2, the mass of the metre
rule is",550g,350g,70g,35g,,,
JAMB,Physics,1986,"F1 10.0N F2
O
5.0N
F3 Fig. 3 In Fig. 3, the forces F1, F2, F3, acting at O are in
equilibrium. If the magnitude of F1
, is 10.0N and
the magnitude of F2 is 5.0N, find the magnitude of
F3.",26.4 N,15.0 N,13.2 N,10.0 N,,,
JAMB,Physics,1986,"When a box of mass 400g is given an initial speed
of 5m s-1, it slides along a horizontal floor a distance
of 3m before coming to rest. What is the coefficient
of the kinetic friction between the box and the
floor?
(g = 10m s-2)",5/6,5/12,1/3,2/3,,,
JAMB,Physics,1986,"W N 1200N Figure 4 represents a block-and-tackle pulley
system on which an effort of W Newtons supports
a load of 120.0N. If the efficiency of the machine is
400, then the value of W is",28.0 N,48.0 N,50.0 N,288.0 N,,,
JAMB,Physics,1986,"A constant force of magnitude F acts on an object
of mass 0.04kg initially at rest at a point O. If the
speed of the object when it has moved 50m from O
is 500m s-1, what is the value of F?",0.4 N,100.0 N,250.0 N,1 000.0 N,,,
JAMB,Physics,1986,"A rectangular tank contains water to a depth of
2m. if the base is 4m x 3m, calculate the force on the
base.
(Density of water = 103kg m-3, g = 10m s-2)",2.4 x 105 N,2.4 x 104 N,2.0 x 104 N,1.7 x 103 N,,,
JAMB,Physics,1986,"A 1000kg elevator is descending vertically with an
acceleration of 1.0ms-2, if the acceleration due to
gravity is 10.0m 5s, the tension in the suspending
cable is",1.0 N,10.0 N,9 000.0 N,11 000.0 N,,,
JAMB,Physics,1986,"A ball attached to one end of a string moves
anticlockwise around a circle whose centre is O. If
the string suddenly breaks when the ball is at point
P, along which of the following paths will it move? F3 A
B 16. O P
O P C
D O P
O P",,,,,,,
JAMB,Physics,1986,"The mode of heat transfer which does not requires
material medium is",Conduction,Radiation,Convection,Propagation,,,
JAMB,Physics,1986,"The expansion of solids can be considered a
disadvantages in the",Balance wheel of a watch,Fitting of wheels on rims,Fire alarm,Thermostat.,,,
JAMB,Physics,1986,"100
90
80
70
60 Te m p era tu re © 5 10 Time (min) Fig.5 In an experiment in which molten naphthalene is
allowed to cool. The cooling curve in Fig. 5 was
obtained. The temperature 800C is known as the",Cooling temperature,Boiling point,Melting point,Vaporization point,,,
JAMB,Physics,1986,"The specific latent heat of fusion of lead is the
amount of heat required to",Melt lead at its melting point,Heat a unit mass of lead through 10,"C.
Change the state of a unit mass lead at its
melting point.","Change the state of a unit mass of lead at
its boiling point.",,,
JAMB,Physics,1986,"Which of the following is common to evaporation
and boiling? They",Take place at any temperature.,Are surface phenomena.,Involve change of state,Take place at a definite pressure.,,,
JAMB,Physics,1986,"Mercury is suitable as a barometric fluid because
it",Expands uniformity,Is opaque,Is several times denser than water,Is a good conductor of heat,,,
JAMB,Physics,1986,"Which of the following properties makes metals
ideal for cooking utensils?",High coefficient of expansion,Good conduction of heat,Low specific heat capacity,Poor radiation of heat.,,,
JAMB,Physics,1986,"A gas occupies a volume of 300cm3 at a
temperature of 270C. What is its volume at 540C,
when the pressure is constant?",150 cm3,273 cm3,327 cm3,600 cm3,,,
JAMB,Physics,1986,"When two objects P and Q are supplied with the
same quantity of heat, the temperature change in
P is observed to be twice that of Q. The mass of P
is half that of Q the ratio of the specific heat
capacity of P to Q is",1 : 4,4 : 1,1 : 1,2 : 1,,,
JAMB,Physics,1986,Which of the following is true of sound?,Sound travels faster in air at 200C that at 300,"The frequency of a given sound wave
changes when it crosses the boundary
separating two media..
C.
The wavelength of a given sound wave in air
decreases as the temperature increases.",,Sound waves cannot be reflected.,,,
JAMB,Physics,1986,"Reflected ray 60o Incident ray AIR Glass Refracted Ray In Fig. 6, a ray of light in air strikes a glass plate at
an angle of incidence of 600C. The reflected ray is
observed to be perpendicular to the refracted ray.
What is the refractive index of the glass?",1.73,1.50,0.87,0.57.,,,
JAMB,Physics,1986,"A lens of focal length 12.0cm forms an upright
image three times the size of a real object. The
distance between the object and the image is",8.0 cm,16.0 cm,24.0 cm,32.0 cm,,,
JAMB,Physics,1986,"In which of the following arrangements is the
wavelength in an increasing order?","Gamma rays, infra-red rays, X-rays,
radiowaves.","Gamma rays, X-rays, infra-red rays,
radiowaves.","Radiowaves, X-rays, gamma rays, infra-red
rays.","Infra-red rays, radiowaves, X-rays, gamma
rays.",,,
JAMB,Physics,1986,"If the refractive index of glass is 1.5, what is the
critical angle at the air-glass interface?",sin-1 ½,Sin-1 2/3,Sin-1 ¾,Sin-1 8/9,,,
JAMB,Physics,1986,"A dentist obtains a linear magnification of 4 of a
hole in a tooth by placing a concave mirror at a
distance of 2.0cm from the tooth. The radius of
curvature of the mirror is",5.3 cm,3.2 cm,2.7 cm,1.6 cm.,,,
JAMB,Physics,1986,"What is the effect of the increase in the size of the
hole of a pin-hole camera on the image? It",Gives a blurred image.,Corrects for chromatic aberration,Magnifies the image,Brings the image into the sharper focus.,,,
JAMB,Physics,1986,"A pencil is placed vertically between a concave
mirror and its focal point. The image of the pencil
in the mirror will be",Real inverted and diminished,"Virtual, inverted and enlarged","Real, erect and enlarged.","Virtual, erect and enlarged.",,,
JAMB,Physics,1986,"A wave of frequency 10 HZ forms a stationary
wave pattern in a medium where the velocity is
20cm s-1. the distance between adjacent nodes is",1.0 cm,1.5 cm,2.0 cm,5.0 cm,,,
JAMB,Physics,1986,"Fig. 7 In Fig. 7, a resonance tube experiment is performed
using one turning fork. As the water level is
lowered the first resonance is obtained when the
length of the air column l = ë/4. The second
resonance is obtained when l equals",/2,3 /4,,3 /2.,,,
JAMB,Physics,1986,"Which of the following is true of the loudness of
sound? It","Depends on the square of the amplitude of
the vibrating body.","Is proportional to the distance of the observer
from the source of the sound.",Is greatest in vacuum,Is independent of frequency.,,,
JAMB,Physics,1986,"A man clapping his hands at regular intervals
observes that the echo of a clap coincides with
the next clap. If the reflecting cliff is 160m away
and the speed of sound is 320m s-1, what is the
frequency of the clapping?",I Hz,2 Hz,4 Hz,8 Hz.,,,
JAMB,Physics,1986,"The vibration of an air column produces the sound
in the",Piano,Guitar,Flute,School handbell.,,,
JAMB,Physics,1986,"5 5
20 E Fig. 8. In Fig. 8, E is an accumulator with negligible internal
resistance. If the e.m.f. is 9.0V, then the total current
is",0.3 A,0.8 A,1.0 A,"1.8 A R
3",,,
JAMB,Physics,1986,"2A A 40. 6 12V Fig. 6. In Fig. 9, the value of R is",3 Ohms,4 Ohms,5 Ohms,6 Ohms,,,
JAMB,Physics,1986,"Which of the following if NOT a part of the a.d.c.
electric motor?",Field-magnet,Armature,Commutator,Transfomer.,,,
JAMB,Physics,1986,"Which of the following is stored by a dry Leclanche
cell?",Electrical power,Kinetic energy,Electric current,Chemical energy.,,,
JAMB,Physics,1986,"Which of the following arrangements will produce
an equivalent resistance of 1.5Ù from three 1Ù
resistors? 1
1
1 43. 1
1 1 1 1 1 1 1",,,,,,,
JAMB,Physics,1986,Which of the following is true of magnetism?,"Iron fillings cling mainly round the ends
of a bar magnet.","The freely suspended bar magnet comes
to rest in the geographic north-south
direction.",Like poles attract.,Lodestone is a non-magnetic oxide.,,,
JAMB,Physics,1986,"The angle between the magnetic meridian and the
geographic meridian at a locality on the earth is
the",Longitude of the locality.,Angle of inclination at the locality,Latitude of the locality,Angle of declination of the locality.,,,
JAMB,Physics,1986,"The sign of the charge on a charged glass rod may
be determined with",A charged electroscope,An uncharged electroscope,A galvanometer,An electrometer.,,,
JAMB,Physics,1986,"The diagrams below depict the current induced in
a coil as a result of the relative motion between it
and a bar magnet. Which of the diagrams illustrates
the direction of the induced current? 47. N S N S N S N S",,,,,,,
JAMB,Physics,1986,"If the inclination at Ibadan is 700S, this means that","The angle between the geographic meridian
and the magnetic meridian at Ibadan is 70","The earth’s resultant magnetic intensity at
Ibadan makes angle 70 with the horizontal
direction","A magnetic needle will be inclined at 70 to the
vertical at Ibadan.","The north pole of a magnetic needle dips
downwards at Ibadan.",,,
JAMB,Physics,1986,"The wavelength of ultraviolet radiation is 400nm.
If the speed of light in air is 3 x 108m s-1, then the
frequency of the ultraviolet radiation is",1.3 x 10-15 Hz,7.5 x 105 Hz,1.2 x 1011 Hz,7.5 x 1014 Hz.,,,
JAMB,Physics,1986,"Which of the following is most strongly deflected
by a magnetic field?",gammarays,alphaparticles,beta-particles,X-rays.,,,
JAMB,Physics,1987,"Which of the following units is equivalent to kg
ms-1?",Ns-1,Nms,Ns,Js-1,,,
JAMB,Physics,1987,"A man walks 8km north and then 5km in a direction
600 east of north. Find the distance from his starting
point.
A.11.36km
B. 12.36km
C.13.00km
D14.36km.",,,,,,,
JAMB,Physics,1987,"8 V E L O C IT Y (m s )
-1 6",,,,,,,
JAMB,Physics,1987,"2 0 1.0 2.0 3.0 4.0 Q The velocity – time graph above describes the
motion of a particle between two points P and Q.
What is the distance between P and Q?",17.0 m,18.0 m,22.5 m,"30.0 m 4.
A jet engine develops a thrust of 270Ns when the
velocity of the exhaust gases relative to the engine
is 300m s-1. What is the mass of the material ejected
per second?
A.
81.00 kg
B.
9.00 kg
C.
0.90 kg
D.
0.09 kg",,,
JAMB,Physics,1987,"M1 M2 Fig. 1 Figure 1 above shows two connected bodies of
masses m1 and m2 in equilibrium under gravity. The
tension in the upper string is",(m1 – m2)g,m1g,m2g,(m1 + m2)g.,,,
JAMB,Physics,1987,"An elevator of mass 4800kg is supported by a cable
which can safely withstand a maximum tension of
60 000N. the maximum upward acceleration the
elevator can have is",2.5m s-2,5.0m s-2,7.5m s-2,10.0m s-2 (g = 10m s-2),,,
JAMB,Physics,1987,"10m 7. Fig. 2.
A 50.0kg block is dropped on a string from a point
10m above (Fig. 2). If the force constant of the
spring is 4.0 x 104 Nm-1, find the maximum
compression of the spring.",1.25 m,0.50 m,0.25 m,"0.05 m
(g = 10 ms-2)",,,
JAMB,Physics,1987,"A constant force of 40N acting on a body initially
at rest gives an acceleration of 0.1ms-2 for 4s.
Calculate the work done by the force.",8 J,10 J,32 J,160 J,,,
JAMB,Physics,1987,"A body rolls down a slope from a height of 100m.
Its velocity at the foot of the slope 20ms-1. What
percentage of its initial potential energy is
converted into kinetic energy?",40 %,35 %,20%,"15 %
(g = 10ms-2)",,,
JAMB,Physics,1987,"10 [g= 10 ms ]
-1 Q1
Q2 Water with high
Kinetic energy
Water with low
Kinetic energy E Electrical Energy Fig. 3.
Figure 3 above represents the main sequence of
energy conversion at Kainji dam. The efficiency
of the system is","Q1 .
Q2",,"E .
(Q1 – Q2)","E .
(Q1 + Q2)",".
Q1",,
JAMB,Physics,1987,"The coefficient os static friction between a 40kg
crate and a concrete surface is 0.25. Find the
magnitude of the minimum force needed to keep
the crate stationary on the concrete base inclined
at 450 to the horizontal.[g = 10ms-2]",400 N,300 N,283 N,212 N,,,
JAMB,Physics,1987,"If a beaker is filled with water, it is observed that
the surface of the water is not horizontal at the
glass-water interface. This behaviour is due to",Friction,Viscosity,Surface tension,Evaporation.,,,
JAMB,Physics,1987,"The mechanical advantage (MA) of an inclined
plane depends on",Its length,Its height],The product of its length and height,The ratio of its length and its height. III,,,
JAMB,Physics,1987,"A load of 5N gives an extension of 0.56cm in a wire
which obeys Hooke’s law. What is the extension
caused by a load of 20N?",1.12 cm,2.14 cm,2.24 cm,2.52 cm.,,,
JAMB,Physics,1987,"A cube of side 10cm and mass 0.5kg floats in a
liquid with only 1/5 of its height above the liquid
surface. What is the relative density of the liquid?",0.125,0.250,0.625,2.500.,,,
JAMB,Physics,1987,"The distance between the fixed points of centigrade
thermometer is 20cm. What is the temperature when
the mercury level is 4.5cm above the lower mark?",22.50C,29.00C,90.00C,100.00C,,,
JAMB,Physics,1987,"A metallic strip of iron and brass was heated. Which
of the following diagrams accurately illustrates the
shape of the strip after heating? 17. Brass dagram Iron Brass Iron Brass Iron Brass Iron",,,,,,,
JAMB,Physics,1987,"The length of a side of a metallic cube at 200C is
5.0cm. Given that the linear expansivity of the
metal is 4.0 x 10-5 k-1 Find the volume of the cube
at 1200C.",126.50 cm3,126.25 cm3,126.00 cm3,125.00 cm3,,,
JAMB,Physics,1987,"As a result of air at the top of a barometer, the
height of the mercury column is 73.5cm when it
should be 75.0cm; the volume of the space above
the mercury is 8.0 cm3 Calculate the correct
barometric height when the barometer reads 74.0cm
and the volume of the space above the mercury is
6.0 cm3.",72.0 cm,74.5 cm,75.1 cm,76.0 cm,,,
JAMB,Physics,1987,"A fixed quantity of gas is subjected to various
pressures P and the corresponding volumes V
measured at a constant temperature. Which of the
following graphs best represent the results? I P diagram P V
V V II
IV P
P V
V","I, II","II, III","II, IV","III, IV",,,
JAMB,Physics,1987,"Hot water is added to three times its mass of water
at 100C and the resulting temperature is 200C. What
is the initial temperature of the hot water?",1000C,800C,500C,400C,,,
JAMB,Physics,1987,"22,000J of heat is required to raise the temperature
of 1.5kg of paraffin from 200C. Calculate the specific
heat capacity of paraffin.",1466J kg-1 0C-1,2933J kg-1 0C-1,4400J kg-1 0C-1,5866J kg-1 0C-1,,,
JAMB,Physics,1987,"Calculate the amount of heat required to convert
2kg of ice at –20C to water at 0 0C. (Specific heat
capacity of ice = 2090J kg-1 0C-1, specific latent heat
of fusion = 333kJ kg-1).",666J,8 360J,666 000J,674 360J.,,,
JAMB,Physics,1987,"In which of the following are the substances
arranged in descending order of their thermal
conductivities?","Copper, steel, glass","Steel, copper, glass","Steel, glass, copper","Copper, glass, steel.",,,
JAMB,Physics,1987,"The vacuum in the Thermos flask helps to reduce
heat transfer by",Convection and radiation,Convection and conduction,Conduction and radiation,Radiation only.,,,
JAMB,Physics,1987,"Which of the following phenomena explains the
fact that a house whose roof is coated with white paint will be cooler in the hot season than one
coated with black paint?",Conduction,Convection,Refraction,Reflection.,,,
JAMB,Physics,1987,"A wave has a frequency of 2 Hz and a wavelength
of 30cm. The velocity of the wave is",60.0m s-1,6.0m s-1,1.5m s-1,0.6m s-1,,,
JAMB,Physics,1987,"A boat at anchor is rocked by waves whose crests
are 100m apart and whose velocity is 25m s-1. At
what interval does the wave crest reach the boat?","2,500.00s",75.00s,4.00s,0.25s,,,
JAMB,Physics,1987,"Which of the following instruments has a pure
tone?",Guitar,Vibrating string,Turning fork,Siren.,,,
JAMB,Physics,1987,"The lowest note emitted by a stretched string has
a frequency of 40 Hz. How many overtones are
there between 40 hZ and 150 Hz?",1,2,3,4.,,,
JAMB,Physics,1987,"When the length I of a piece of wire under constant
tension is varied, the relationship of the frequency
of vibration f with l is",f & l,"f & 1/l
2",f & l,f & 1/l,,,
JAMB,Physics,1987,"Which of the following statements supports the
assumption that light travels in straight lines?",Light can be diffracted,"A source of light produces distinct
shadows of opaque objects","A source of light produces interference
patterns on a suitably placed screens.",Light can be reflected.,,,
JAMB,Physics,1987,"If an object is placed in front of two mirrors inclined
at 900, how many images will be formed?",Five,Four,Three,Two.,,,
JAMB,Physics,1987,"An object 3.0cm high is placed 60.0cm from a
converging lens whose focal length is 20.0cm.
Calculate the size of the image formed.",0.5 cm,1.5 cm,2.0 cm,6.0 cm,,,
JAMB,Physics,1987,"A pool of water appears to be 1.0m deep when
viewed vertically from above. If the refractive index of water is 1.33. what is the actual depth of the
pool?",0.75 m,1.013 m,1.330 m,"13,3000 m",,,
JAMB,Physics,1987,"A ray of light is incident at an angle of 300 on one
top surface of a parallel-sided glass block of
refractive index 1.5. The ray finally emerges from
the lower surface. What is the angular deviation
of the emergent ray?",600,390,280,00,,,
JAMB,Physics,1987,"Four lenses are being considered for use as a
microscope objective. Which of the following focal
lengths is most suitable?",-5mm,+5mm,–5cm,+5cm,,,
JAMB,Physics,1987,"If the angle of declination in a place is 100E,
calculate the true geographic bearing if the
compass reads N400E.",N500E,N400E,N300E,"N250E 4 P Q
1",,,
JAMB,Physics,1987,"4 Fig. 4. In Fig. 4 above, a voltage V is applied across the
terminals P and Q. the voltage across the 1 resistor
is",V .,"V
8
4",V .,"V
3
2",,,
JAMB,Physics,1987,"Two capacitances of 6uF and 8 uF are connected
in series. What additional capacitance must be
connected in series with this combination to give
a total of 3 uF?",3 uF,16 uF,24 uF,30 uF.,,,
JAMB,Physics,1987,"M N P
- Fig. 5 In Fig. 5 above, M and N are insulated metal
spheres in contact. A negatively charged ebonite
rod P is brought near M. when M and N are
separated and the rod is taken away, which of the
following statements is CORRECT?","Both M and N have acquired negative
charges","Both M and N have acquired positive
charges","M has acquired negative charge and N
positive charge","M has acquired positive charge and N
negative charge.",,,
JAMB,Physics,1987,"When a transformer has more secondary windings
than primary winding, it",Has a smaller seconder current,Has a greater power output,Is a step-down transformer,Increases the total energy output.,,,
JAMB,Physics,1987,"A current of 0.5A flows through a resistor when
connected to a 40-V battery. How much energy is
dissipated in 2 minutes?",1 200J,1 500J,2 400J,96 000J.,,,
JAMB,Physics,1987,"The direction of the magnetic field at a point in the
vicinity of a bar magnet is","Always towards the north pole of the
magnet","Always away from the south pole of the
magnet","Along the line joining the point to the
neutral point","In the direction the north pole of a
compass needle would point.",,,
JAMB,Physics,1987,"When two parallel wires carry currents in opposite
directions, the force on either wire is",Away from the other wire,"Zero, because the currents cancel each
other","Twice as much as when the currents are
in the same direction",Towards the other wire.,,,
JAMB,Physics,1987,"A galvanometer of resistance 20 is to be provided
with a shunt that 1/10 of the whole current in a
circuit passes through the galvanometer. The
resistance of the shunt is",2.00,2.22,18.00,18.22,,,
JAMB,Physics,1987,"What type of reaction is represented by the
following scheme? 2
1X + 2
1Y
3
3Z + 1
0n + energy",Fusion reaction,Fission reaction,Chain reaction,Radioactivite decay.,,,
JAMB,Physics,1987,"Which of the following statements is TRUE of
photoelectric effect?",It cannot occur in liquids,"The energy of the emitted electron is
independent of the work function of the
surface","The energy of the emitted electron
depends on the wavelength of the
incident light","The greater the intensity of the incident,
the greater the energy of the emitted
electron.",,,
JAMB,Physics,1987,Isotopes are nuclei which have,"The same number of neutrons and
electrons",Equal number of electrons and protons,"The same atomic number but different
number of neutrons",The same number of total particles.,,,
JAMB,Physics,1987,"A radioactive sample initially contains N atoms.
After three half-lives the number of atoms that have
disintegrated is","N
8","3N
8","5N
8","7N
8",,,
JAMB,Physics,1988,"Which of the following diagrams correctly
represents the relationship between the time (T)
of swing of a simple pendulum and its length (l)? 1.",,,,,,,
JAMB,Physics,1988,"Which of the following are the correct SI units of
the quantities indicated?
I
N (Force)
II.
Nm-1 (Torque)
III
Watt (power)
IV
kg ms-2 (Momentum).",I and II only,I. II and III only,"I, II and IV only",I and III only.,,,
JAMB,Physics,1988,"A lorry travels 10km northwards, 4km eastwards,
6km southwards and 4km westwards to arrive at a
point T. What is the total displacement?",6km south,4km north,6km north,4km east.,,,
JAMB,Physics,1988,"Two forces whose resultant is 100N, are at right
angles to each other. If one of them makes an angle
of 300 with the resultant, determine its magnitude.",8.66 N,50.0 N,57.7 N,86.6 N,,,
JAMB,Physics,1988,"Which of the following quantities are scalars?
I
Electrical potential
II
Torque
III
Momentum
IV
Kinetic energy",II and III only,I and Ii only,III and Iv only,I and Iv only.,,,
JAMB,Physics,1988,"A particle starts from rest and moves with a constant
acceleration of 0.5m s-2. The distance covered by
the particle in 10s is",2.5m,5.0m,25.0m,50.0m,,,
JAMB,Physics,1988,"When taking a penalty kick, a footballer applies a
force of 30.0N for a period of 0.05s. If the mass of
the ball is 0.075kg, calculate the speed with which
the ball moves off.",4.50m s-1,11.25m s-1,20.00m s-1,45.00m s-1,,,
JAMB,Physics,1988,"A 20-toothed gear wheel drives a 60-toothed one,
if the angular speed of the smaller wheel is 120 rev
s-1, the angular speed of the wheel is",3 rev s-1,40 rev s-1,360 rev s –1,2 400 rev s-1,,,
JAMB,Physics,1988,"x(m) 3 1 2 f(s) The figure above show the displacement – time
graphs for three different motions. Which of the
following statements is correct?","Graph 2 corresponds to the highest
velocity",Graph 1 corresponds to zero velocity,"Graph 3 corresponds to a particle moving
in the negative x direction.","Graph 2 corresponds to a particle moving
in the positive x directions.",,,
JAMB,Physics,1988,"y x The figures above show three different ways of
hanging a heavy picture from a hook. The tension
in the string would be",Greatest in X,Greatest in Y,Greatest in Z,Same in each one.,,,
JAMB,Physics,1988,"How long will it take a 60kg man to climb a height
of 22m if he expended energy at the rate of 0.25kW?",5.3s,34.5s,41.6s,"52.8s
[g = I0ms-2]",,,
JAMB,Physics,1988,"A force, 10N, drags a mass 10kg on a
horizontal table with an acceleration of
0.2m s-2. If the acceleration due to gravity
is 10m s-2, the coefficient of friction
between the moving mass and the table
is",0.02,0.08,0.20,0.80,,,
JAMB,Physics,1988,"Which of the following graphs correctly describes
the variation of the mechanical advantage with
load for a simple machine whose velocity ratio is
3? 13. MA
MA Load
Load MA
MA Load
Load",,,,,,,
JAMB,Physics,1988,"A body whose mass is 2kg and has a volume of
500cm just floats when completely immersed in a
liquid. Calculate the density of the liquid.",4.0 x 102kg m-3,4.0 x 103kg m-3,1.0 x 103kg m-3,1.0 x 106kg m-3,,,
JAMB,Physics,1988,"diagram 13.4cm To gas
supply 3.5cm When one arm of a U-tube manometer is connected
to a gas supply, the levels of mercury in the two
arms of the U-tube are as shown in the diagram
above. If the atmospheric pressure is 76.0cm Hg,
the gas pressure is",62.6cm Hg,72.5cm Hg,79.5cm Hg,85.9cm hg,,,
JAMB,Physics,1988,"The product PV where P is pressure and V is
volume has the same unit as",Force,Power,Energy,Acceleration,,,
JAMB,Physics,1988,"The amount of heat needed to raise the temperature
of 10kg of copper by1K is its",Specific heat capacity,Heat capacity,Latent heat,Internal heat.,,,
JAMB,Physics,1988,"A tap supplies water at 250C while another supplies
water at 750C. If a man wishes to bathe with water
at 40C, the ratio of the mass of cold water to the
mass of hot water required is",1 : 3,15 : 8,7 : 3,3 : 1,,,
JAMB,Physics,1988,"Which of the following graphs clearly illustrates
the temperature change which takes place as a
piece of ice at - 100C is heated slowly? 19. T C
o
T C
o 0
0 t(min)
t(min) T C
o
T C
o 0
0 t(min) t(min)",,,,,,,
JAMB,Physics,1988,"When heat is applied to one end of a metal rod, the
molecules at the other end soon begin to vibrate
with greater amplitude than before because heat
has been transfer by",Radiation,Convection,Conduction,Evaporation.,,,
JAMB,Physics,1988,"Which of the following media allow the
transmission of sound waves through them?
I
Air
II
Liquids
III
Solids",I and II only,I and III only,II and III only,"I, II and III.",,,
JAMB,Physics,1988,"X Y The diagram above shows two waveforms X and
Y. If the frequency is 30 HZ, what is the frequency
of Y?",12 Hz,19 Hz,60 Hz,75 Hz,,,
JAMB,Physics,1988,"Which of the following properties is/are common
to all waves?
I
Diffraction
II
refraction
III
Interference",I only,III only,I and III only,"I, II and III.",,,
JAMB,Physics,1988,"A piano wire 0.5m long has a total mass of 0.01kg
and is stretched with a tension of 800N. Calculate
the frequency of the wire when it sounds its
fundamental note.",200 Hz,100 Hz,4 Hz,2 Hz.,,,
JAMB,Physics,1988,A note is called an octave of another note when,Its frequency is twice that of the first note,Its frequency is half that of the first note,"The notes have the same fundamental
frequency",Its periodic time is twice that of the first note.,,,
JAMB,Physics,1988,"Which of the following factors affects the speed
of sound in air?
I
Temperature
II
Pressure
III
Frequency.",I only,II only,I and II only,II and III only.,,,
JAMB,Physics,1988,"The speed of sound in air at sea-level is 340m s-1 while that of light is 300,000km s-1. How far (to the
nearest metre) from the center of thunderstorm is
an observer who hears a thunder 2s after a
lightning flash?",170m,340m,600m,680m.,,,
JAMB,Physics,1988,A slight loading of a turning fork has the effect of,Decreasing its amplitude,Increasing its amplitude,Decreasing its frequency,Increasing its frequency,,,
JAMB,Physics,1988,"Two strings of the same length and under the same
tension give notes of frequencies in the ratio 4 : 1.
The masses of the strings are in the corresponding
ratio of",2 : 1,1 : 2,1 ; 4,1 : 16,,,
JAMB,Physics,1988,"To obtain a magnification of 2.5, how far should an
object be placed from the pole of a thin converging
lens of focal length 10.20m?",0.13m,0.25m,0.28m,0.50m,,,
JAMB,Physics,1988,"M1 60
o diagram M2 In the figure above, what is the angle of reflection
of the ray of light at mirror M2?",900,600,450,300,,,
JAMB,Physics,1988,"An object is place 10 cm in front of a concave
mirror of focal length 15cm. What is the positive
and nature of the image formed?",30cm and virtual,6cm and real,6cm and virtual,30cm and real.,,,
JAMB,Physics,1988,"Which of the following phenomena explain the
formation of a mirage
I
Reflection
III
Refraction
III
Diffraction",I and II only,II and III only,I and III only,"I, II and III.",,,
JAMB,Physics,1988,"When white light is dispersed by a spectrometer,
the component having the shortest wavelength is",Orange,Green,Violet,Red.,,,
JAMB,Physics,1988,"Which of the following statements is TRUE of ultra-
violet, visible and infra-red rays?","They are all electromagnetic waves with
the same wavelength.","Ultra-violet rays have shorter wvelenghts
than infra-red rays and produce
fluorescence.","Infra-red rays have shorter wavelength
than visible light and produce the
sensation of heat.","The wavelengths increase in the
sequence: visible, ultra-violet, infra-red. White",,,
JAMB,Physics,1988,"object E
F
G E, F and G are yellow, red and cyan transparent
light filters respectively. The colour of a white opaque object when viewed through the
arrangement of the filters above is",Yellow,Red,Black,Blue,,,
JAMB,Physics,1988,"Magnetic north 2 3 -X 1 4 The wire X in the figure above is at right angles to
the plane of the paper and carries a current into
the paper. At which of the point labeled 1 – 4 will
the magnetic flux density due to this current be in
the same direction as that of the horizontal
component of the earth’s magnetic field?",1,2,3,4.,,,
JAMB,Physics,1988,A spectrum of sunlight is said to be impure when,It is made of only three colours,It has no red colour in it,The different colours in it overlap,It does not contain white light.,,,
JAMB,Physics,1988,"A cell of internal resistance 2 ohms supplies
current to a 6-ohm resistor. The efficiency of the
cell is",12.0 %,25.0 %,33.3 %,75.0 %,,,
JAMB,Physics,1988,"When a resistance R is across a cell, the voltage
across the terminals of the cell is reduced to two-
thirds of its nominal value. The internal resistance
of the cell is","1 R
3","1 R
2","2 R
3",,R,,
JAMB,Physics,1988,"R X 41 A E In the circuit above, the ammeter reads a current of
3 amps. When R is 5 ohms and reads 6 amps when
R is 2 ohms. The value of the unknown resistance
X is",1,2,3,4,,,
JAMB,Physics,1988,"Which of the following combinations of 2 ìF
capacitors will give an effective capacitance of 3
ìF across terminal XY?",,,,,,,
JAMB,Physics,1988,"A household refrigerator is rated 200 watts. If
electricity costs 5k per kWh, what is the cost of
operating it fo 20 days?",N 4:80,N 48:00,N 480:00,N 4 800:00,,,
JAMB,Physics,1988,"Which of the following instruments consumes the
highest current?
Voltage
Power
Instrument
Rating
Rating","Electric iron
250V
1kW","Television set
220V
110W","Torch light
6V
30W","Immersion
heater
110V
500W",,,
JAMB,Physics,1988,"Which of the following ammeters may be used to
measures alternating current?
I
Moving-coil ammeter II
Moving-iron ammeter
III
Hot-wire ammeter.",I and II only,II and III only,I and III only,"I, II and III.",,,
JAMB,Physics,1988,"The principle of operation of an induction coil is
based on",Ohm’s law,Ampere’s law,Faraday’s law,Coulomb’s law.,,,
JAMB,Physics,1988,A dynamo primarily converts,Mechanical energy into electrical energy,Electrical energy into kinetic energy,Potential energy into kinetic energy,Kinetic energy into potential energy.,,,
JAMB,Physics,1988,"In a certain fusion reaction, a deuteron (2
1H)
interacts with a triton (3
1H) and produces an á-
particle (4
2He) and a second product. The second
product is",A proton,An electron,A neutron,A gamma ray.,,,
JAMB,Physics,1988,"Which of the following symbolic representations
is correct for an atom X with 22 electrons and 43
neutrons?","4
2
3
2X","2
4
2
3X","6
4
5
2X","6
2
5
2X .",,,
JAMB,Physics,1988,"A particle is injected perpendicularly into an
electric field. It travels along a curved path as
depicted in the figure above. The particle is",A gamma ray,An electron,A neutron,A proton.,,,
JAMB,Physics,1989,Which of the following is a set of vectors?,"Force, mass and moment","Acceleration, velocity and moment","Mass, weight and density","Mass, volume and density",,,
JAMB,Physics,1989,"The magnitude of the resultant of two mutually
perpendicular forces, F1 and F2 is 13N. If the
magnitude of F1 is 5N, what is the magnitude of
F2?",2.6 N,8.0 N,12.0 N,18.0 N,,,
JAMB,Physics,1989,"Two points on a velocity-time graph have co-
ordinates (5s, 10m s-1) and (20s, 20m s-1). Calculate
the mean acceleration n between the two points.",0.67m s-1,0.83m s-2,1.50m s-2,2.00m s-2,,,
JAMB,Physics,1989,"diagram p q r s The figure above shows a uniform circular object,
centre R and diameter PS. A circular section, centre
Q and diameter PR is cut away from it. If PQRS is a
straight line, where is the centre of gravity of the
figure?",Q,R,A point between P and R,A point between R and S.,,,
JAMB,Physics,1989,"Which of the following graphs represents motion
with uniform velocity?",,,,,,,
JAMB,Physics,1989,"A simple pendulum of mass m moves along an arc
of a circle radius R in a vertical plane as shown in
the figure above. What is the work done by gravity
in a downward swing through the angle Qto 00?",mgR sinQ,mgR (1 - cos Q,mgR,mgR (1 - sin Q),,,
JAMB,Physics,1989,"A block of mass m is held in equilibrium against a
vertical wall by a horizontal force. If the coefficient
of friction between the block and the wall is u, the
minimum value of the horizontal force is",umg,(1 – u)mg,(1 + u)mg,"mg
u",,,
JAMB,Physics,1989,"A thin film of liquid is trapped between two glass
plates. The force required to pull the plates apart
will increase if the",Surface tension of the liquid is reduced,"Perpendicular distance between the
plates is increased.","Area of the liquid surface in contact with
the plates is increased",Pressure of the air is decreased.,,,
JAMB,Physics,1989,"A block-and-tackle system is used to lift a load of
20N through a vertical height of 10cm. If the
efficiency of the system is 40%, how much work is
done against friction?",80J,120J,300J,500J,,,
JAMB,Physics,1989,"In the figure above, W1 = 200g and W2 = 450g.
Calculate the extension of the spring per unit load.
[g = 10m s-2]",6.0 x 10-5m N-1,2.5 x 10-4m N-1,6.0 x 10-4m N-1,2.5 x 10-2m N-1,,,
JAMB,Physics,1989,"Which of the following devices are used to measure
pressure?
I
Aneroid barometer
II
Hydrometer
III
Hygrometer
IV
Manometer.",I and III,II and III,III and IV,I and IV.,,,
JAMB,Physics,1989,"A piece of wood of mass 40g and uniform cross-
sectional area of 2cm2 floats upright in water. The
length of the wood immersed is",80cm,40cm,20cm,2cm,,,
JAMB,Physics,1989,"The pressure on the gas of constant gas
thermometer at the ice point is 325mm of mercury
and at the steam point 875mm of mercury. Find the
temperature when the pressure of the gas is 190mm
of mercury.",30k,243k,300k,303k,,,
JAMB,Physics,1989,"A column of air 10.0cm long is trapped in a tube at
270C. What is the length of the volume at 1000C?",12.4cm,13.7cm,18.5cm,37.0cm,,,
JAMB,Physics,1989,"A mass of gas at 70C and 70cm of mercury has a
volume of 1200cm3. Determine its volume at 270C
and pressure of 75cm of mercury.",1 200 cm3,1 378 cm3,4 320 cm3,4 629 cm3,,,
JAMB,Physics,1989,"An electric heater is used to melt a block of ice,
mass 1.5kg. If the heater is powered by a 12V
battery and a current of 20A flows through the
coil, calculate the time taken to met the block of ice
at 00C. (Specific latent heat of fusion of ice = 336 x
103J kg-1).",76.0 min,35.0 min,21.0 min,2.9 min.,,,
JAMB,Physics,1989,"From the kinetic theory of gases, temperature is a","Form of energy and is proportional to the total
kinetic energy of the molecules.","Form of energy and is proportional to the
average kinetic energy of the molecules.","Physical property and is proportional to the
total kinetic energy of the molecules.","Physical property and is proportional to the
average energy of the molecules.",,,
JAMB,Physics,1989,"Which of the following correctly represents the
variation of the saturated vapour pressure of water
with temperature?",,,,,,,
JAMB,Physics,1989,"A vibrator of frequency 60 Hz is used in
generating transverse stationary waves in a long thin
wire. If the average distance between successive nodes
on the wire is 45cm, find the speed of the transverse
waves in the wire.",27ms-1,54ms-1,90ms-1,108ms-1,,,
JAMB,Physics,1989,"The air column as shown in the figure above is set
into vibration by the turning fork. In this state of
resonance, the waves in the air column will be",Stationary and transverse,Stationary and longitudinal,Progressive and transverse,Progressive and longitudinal.,,,
JAMB,Physics,1989,"When the tension in a sonometer wire is doubled,
the waves in the air column will be",1/ 2,½,2,2,,,
JAMB,Physics,1989,"In a sound wave in air, the adjacent rarefactions
and compressions are separated by a distance of
17cm. If the velocity of the sound wave is 340ms-1,
determine the frequency.",10 Hz,20 Hz,1 000 Hz,5 780 Hz,,,
JAMB,Physics,1989,"In which of the following diagrams is the length of
the tube equal to one wavelength? 23. diagram",,,,,,,
JAMB,Physics,1989,"Light of wavelength 5000 x 10-8cm travels in free
space with a velocity of 3 x 108m s-1. What is its
wavelength in glass of refractive index 1.5?",3 333 x 10-8cm,5 000 x 10-8cm,6 666 x 10-8cm,7 500 x 10-8cm,,,
JAMB,Physics,1989,"An object is placed 5.6 x 10-4m in front of a
converging lens of focal length 1.0 x 10-8m. The
image formed is","Real, erect and magnified","Virtual, erect and magnified","Real, inverted and magnified","Virtual, erect and diminished.",,,
JAMB,Physics,1989,"The magnification of the image of an object placed
in front of a convex mirror is 1/3. If the radius of
curvature of the mirror is 24cm, what is the distance
between the object and its image?",8 cm,16 cm,24 cm,32 cm,,,
JAMB,Physics,1989,"The plane mirrors in a kaleidoscope are usually
placed",At an angle of 600,Parallel to one another,Perpendicular to one another,At n angle of 450,,,
JAMB,Physics,1989,"A far sighted person cannot see objects that are
less than 100cm away. If this person wants to read
a book at 25cm, what type and focal length of lens
does he need?","Convex, 20cm","Concave, 20cm","Convex, 33cm","Concave, 33cm.",,,
JAMB,Physics,1989,"When a yellow card is observed through a blues
glass, the cord would appear",Black,Green,Red,White,,,
JAMB,Physics,1989,Dispersion of light by a glass prism is due to the,Different hidden colours of the glass,"Different speeds of the various colours
in glass",Defects in the glass,High density of glass.,,,
JAMB,Physics,1989,"Which of the following pairs is NOT part of the
electromagnetic spectrum?
I
Radio waves
II
Beta rays
III
Gamma rays
IV
Alpha rays",I and II,III and IV,I and III,II and IV.,,,
JAMB,Physics,1989,"Two insulated charged spheres of different sizes
and carrying opposite charges are connected
together by a metallic conductor. Current will flow
from one sphere to the other until both spheres",Carry the same magnitude and sign of charge.,Are at the same potential.,Are at the same temperature.,Are of the same size.,,,
JAMB,Physics,1989,"When a number of identical small magnets are
arranged in a line, the strength of the resultant
magnet","Is largest when they are arranged end to
end","Is greatest when they are arranged
parallel with like poles adjacent to each
other.","Depends only on the number of magnets
provided they are parallel.","Is greater when the magnets are arranged
on a wooden surface than on a metal
surface.",,,
JAMB,Physics,1989,A bar magnet is most effectively demagnetized by,"Placing it in a N – 5 position and hitting it with
a hammer.","Subjecting it to an electric current from a
battery","Bringing its north pole in contact with the
north pole of a very strong magnet",Heating the magnet.,,,
JAMB,Physics,1989,"The resistance of a 5m uniform wire of cross-
sectional area 0.2 x 10-6m2 is 0.425. What is the
resistivity of the material of the wire?",1.10 x 10-6 Ohms m,4.25 x 10-6 Ohms m,2.40 x 10-7 Ohms m,1.70 x 10-8 Ohms m,,,
JAMB,Physics,1989,"Three resistors, with substances 250Ohms
500Ohms and 1 kOhms are connected in series. A
6V battery is connected to either end of the
combination. Calculate the potential difference
between the ends of the 250Ohms resistor.",0.20V,0.86V,1.71V,3.43V.,,,
JAMB,Physics,1989,"A calibrated potentiometer is used to measure the
e.m.f. of a cell because the","Internal resistance of a cell is small compared
with that of the potentiometer.",Potentiometer has a linear scale.,Potentiometer takes no current from the cell,"Resistance of the potentiometer is less than
that of a voltmeter.",,,
JAMB,Physics,1989,"In the above circuit diagrams, A is the ammeter
and V the voltmeter. Which of the circuits is correct
for finding the value of the resistance R?",I,II,III,IV.,,,
JAMB,Physics,1989,"Three 2 – u F capacitors are arranged as shown in
the above circuit. The effective capacitance
between E and F is",0.75 uF,1.33 uF,3.00 uF,6.00 uF,,,
JAMB,Physics,1989,"The function of a 5-A fuse included in a circuit
supplying a household refrigerator with power is
to keep the","Temperature of the refrigerator low and
constant.","Current supplied to the refrigerator
below 5A.",Voltage supply constant,"Current supplies to the refrigerator
constant and above 5A. 4
4",,,
JAMB,Physics,1989,"The total power drawn from the cell in the circuit
diagram above is",12W,24W,32W,40W,,,
JAMB,Physics,1989,"Which of the following correctly represents the
relationship between the temperature rise è and
the current l in and experiment to illustrate the
beating effect of the electric current?",,,,,,,
JAMB,Physics,1989,"An ammeter of resistance 0.1 ohms has a full-
scale
deflection of 50 mA. Determine the
resultant full-scale deflection of the meter when
a shunt of 0.0111Ohms is connected across its
terminals.",400 mA,450 mA,500 mA,550 mA.,,,
JAMB,Physics,1989,"The electrochemical equivalent of silver is 0.0012g/
C. If 36.0g of silver is to be deposited by electrolysis
on a surface by passing a steady current for 5.0
minutes, the current must be",6 000 A,100 A,10 A,1 A,,,
JAMB,Physics,1989,"The figure above shows a conductor PQ carrying
a current I in the direction shown. At a particular
position near the conductor is a compass needle
K. Neglecting the earth’s magnetic field, the
compass needle will",Settle in any direction,"Settle in a fixed direction only if
conductor PQ is a magnetic material","Settle in a fixed direction whether
conductor PQ is a magnetic material or
not",Be stationary.,,,
JAMB,Physics,1989,"A radioactive substance has a half-life of 2 years.
If the initial mass is 40g, which of the following
rows correctly gives the mass of substance left at
the times stated?
2Years
3year
4Years
5Years
A
20g
10g
B
30g
20g
10g
0g
C
30g
20g
15g
D
20g
10g
0g",,,,,,,
JAMB,Physics,1989,"When a radiation strikes a metal surface, electrons
may be ejected from the metal. The maximum kinetic
energy which may be acquired by an ejected
electron depends on the",Intensity of the radiation,Source of the radiation,Wavelength of the radiation,Detection device for the electron.,,,
JAMB,Physics,1989,"Which of the following is TRUE of the particles
emitted in radioactive disintegration?","The alpha particle is the helium nucleus 3
2H","The alpha particle is lighter than the beta
particle","The alpha particle is deflected more than
the beta particle in a magnetic field","The beta particle is deflected more than
alpha particle in a magnetic field.",,,
JAMB,Physics,1989,"Eight alpha decays and six beta decays necessary
before an atom of 23
9
8
2U achieves stability. The
final product in the chain has an atomic number of",70,78,82,90.,,,
JAMB,Physics,1989,"A beam of radiation is passed between a pair of
charged plates indicated in the diagram above.
Beam P is undeflected while Q is deflected to the
left. P and Q respectively could be
I.
Alpharays
Betta-rays
II
x-rays
Betta-rays
III.
gammarays
Alpha-rays
IV
x-rays
Alpharays.",I only,III only,I and II,III and IV.,,,
JAMB,Physics,1990,. What is the reading of the vernier scale above?,1.88 cm,1.80 cm,1.28 cm,1.97 mm,,,
JAMB,Physics,1990,Which of the following is a fundamental unit?,Newton,Watt,Joule,Second,,,
JAMB,Physics,1990,"Two horizontal forces, 10N and 8N and another
force F, inclined at 300 to the vertical acting as
shown in the diagram above, keep the body P in
equilibrium. The weight of the body is","2 3 N
3",3 N,"4 3 N
3",2 3 N,,,
JAMB,Physics,1990,"A car moving with a speed of 90km h was brought
uniformly to rest by the application of the brakes
in 10s. How far did the car travel after the brakes
were applied?",125 m,150 m,250 m,15 km,,,
JAMB,Physics,1990,"A particle of mass M which is at rest splits up into
two. If the mass and velocity of one of the particles
are m and v respectively, calculate the velocity of
the second particle.",mv . M,"Mv .
M - m","Mv .
M + m","mv .
M - m",,,
JAMB,Physics,1990,"What is the average velocity of the sprinter whose
velocity-time graph is shown in the figure above?",85.0m s-1,17.0m s-1,8.5m s-1,1.7m s-1,,,
JAMB,Physics,1990,"Which of the following statements are correct
about an object in equilibrium under parallel forces?
I
The total clockwise moments of the
forces about any point equals the total
anticlockwise moments about the same
point.
II
The total forces in one direction equals
the total forces in the opposite direction
III
The resolved components along the x-
axis equals the resolved component along
the y-axis.",I and II only,I and III only,II and III only,"I, II and III.",,,
JAMB,Physics,1990,"X 2m Y 5N A force of 5N acts at a point Y on a rod XYZ as
shown in the diagram above. If XY is 2m, what is
the moment of the force about point X?",0Nm,3Nm,7Nm,10Nm.,,,
JAMB,Physics,1990,"To keep a vehicle moving at a constant speed v,
requires power P, from the engine. The force
provided by the engine is",P,"1/2v
v",pv,"p/v2 D.
P
V2",,,
JAMB,Physics,1990,"A stone of mass m kg is held h meters above the
floor for 50s. The work done in joules over the
period is",mh,mgh,mgh/50,0,,,
JAMB,Physics,1990,"A body of mass 10kg rests on a rough inclined
plane whose angle of tilt è is variable. is gradually
increased until the body starts to slide down the
plane at 300. The coefficient of limiting friction
between the body and the plane is",0.30,0.50,0.58,0.87.,,,
JAMB,Physics,1990,An inclined plane which makes an angle of 300 with the horizontal has a velocity ratio of,2,1,0.866,0.50.,,,
JAMB,Physics,1990,"What is the length of the liquid column in a
barometer tube that would support an atmospheric
pressure of 102000 Nm-2 if the density of the liquid
is 2600 kgm-3? [g = 10 ms-2].",0.75m,0.76m,3.92m,39.23m.,,,
JAMB,Physics,1990,"40cm3 of liquid is mixed with 60m3 of another liquid
Q. If the density of P and Q are 1.00kg m3 and 1.6kg
m3 respectively, what is the density of the mixture?",0.05 kg m-3,1.25 kg m-3,1.30 kg m-3,1.36 kg m-3,,,
JAMB,Physics,1990,"The resistances of a platinum wire at the ice and
steam points are 0.75 ohm and 1.05 ohm
respectively. Determine the temperature at which
the resistance of the wire is 0.90 ohm",43.00C,50.00C,69.90C,87.00C,,,
JAMB,Physics,1990,"A bar of initial length l0 is heated through a
temperature change Ä t to a new length l. The
linear expansivity, á, of the bar is","l – l0 .
l Ä t","l – l0 .
l0 Ä t",l0 (1 + Ät),"l – l0 .
l (1 + Ät)",,,
JAMB,Physics,1990,"The pressure of a gas when cooled at constant
volume will decrease because the molecules","Collide less frequently with the walls of
the container.",Have the same average kinetic energy,Break up into smaller molecules,Decrease in number.,,,
JAMB,Physics,1990,"1kg of copper is transferred quickly from boiling
water to a block of ice. Calculate the mass of ice
melted, neglecting heat loss.",60g,67g,120g,133g,,,
JAMB,Physics,1990,"Which of the following conditions will make water
boil at a temperature of 1000C when the atmospheric
pressure is 750mm Hg?",Increase the external pressure,Reduce the external pressure,Heat more rapidly at the same pressure.,Reduce the external pressure by a quarter.,,,
JAMB,Physics,1990,"Which of the following statements are correct?
I
Land and sea breezes are natural
convection currents.
II
Convection may occur in liquids or gases
but not in solids.
III
The vacuum in thermos flask prevents
heat loss due to convection only.",I and II only,II and III only,I and III only,"I, II and III.",,,
JAMB,Physics,1990,"A light wave of frequency 5 x 1014 Hz moves
through water which has a refractive index of 4/3.
Calculate the wavelength in water if the velocity
of light in air is 3 x 108 ms-1",4.5 x 10-7m,6.0 x 10-7m,1.7 x 10-6m,2.2 x 10-6m,,,
JAMB,Physics,1990,"A wave disturbance traveling in air enters a medium
in which its velocity is less than that in air. Which
of the following statements is true about the wave
in the medium?","Both the frequency of the wave and the
wavelength are decreased.","The frequency of the wave is decreased
while the wavelength is increased.","The frequency of the wave is unaltered
while the wavelength is decreased.","The frequency of the wave is decreased
while the wavelength is unaltered.",,,
JAMB,Physics,1990,Shadows and eclipse result from the,Refraction of light,Rectilinear propagation of light,Defraction of light,Reflection of light,,,
JAMB,Physics,1990,"An object which is 3cm high is placed vertically
10cm in front of a concave mirror. If this object
produces an image 40cm from the mirror, the height
of the image is",0.75 cm,4.00 cm,8.00 cm,12.00 cm,,,
JAMB,Physics,1990,"A boy looks at the image of an object in a plane
mirror. He observes two images, a main bright one
and the other faint. The observed images result
from",Reflection only,Refraction only,Diffraction and interference,Reflection and infraction.,,,
JAMB,Physics,1990,"Which of the following diagrams correctly illustrates
the path of a ray light through a glass prism?",,,,,,,
JAMB,Physics,1990,"What must be the distance between an object
and a converging lens of focal length 20cm to
produce an erect image two times the object
height?",20cm,15cm,10cm,5cm,,,
JAMB,Physics,1990,"Which of the following correctly represents the
diagram for locating the image P of an object O in
a lens if F is the focal point of the lens?",I and II only,II and III only,III and Iv only,I and Iv only,,,
JAMB,Physics,1990,"For a short sighted person, light rays from a point
on a very distant object is focused",In front of the retina,On the retina by a converging lens,Behind the retina by a diverging lens,"In front of the retina a distance 2F from
the lens.",,,
JAMB,Physics,1990,"When light is incident on an object which is
magenta in colour, which of the following colours
be absorbed?",Red and blue,Green only,Red and green,Red only.,,,
JAMB,Physics,1990,"In a resonance tube experiment, the effective length
of the air column for the first resonance is 20cm
when set into vibration by a tuning fork of
frequency 480 Hz. Neglecting end effect, the
velocity of sound in air is",106 Hz,213 Hz,318 Hz,425 Hz,,,
JAMB,Physics,1990,"An organ pipe closed at one end is 80cm long.
Determine the frequency of the fundamental note
assuming that the speed of sound in air is 340ms-1.",5.1N,7.1N,14.0N,19.6N,,,
JAMB,Physics,1990,"One of the properties of the earth’s magnetic field
is that the",North pole lies in the northern hemisphere,"Geographic and magnetic meridians
coincide","Earth’s magnetic flux is entirely horizontal
at a place where the magnetic vertical dip
is zero.","Earth’s magnetic flux is entirely vertical
at a place where the magnetic dip is zero.",,,
JAMB,Physics,1990,"Which of the following statements are true of an
insulated charged body carrying a positive charge?
I
It contains excess positive charges
II
It creates an electric field
III
It possesses potential energy
IV
It carries electric current.",I and IV only,I and II only,"I, II and II only","I, II, III and IV.",,,
JAMB,Physics,1990,Which of the following is a vector?,Electric charge,Electric field,Electric potential difference,Electric capacitance.,,,
JAMB,Physics,1990,"Three cells each of e.m.f. 1.5V and an internal
resistance of 1.0 Ohms are connected in parallel
across a load resistance at 2.67 Ohms. Calculate
the current in the load?",0.26A,0.41A,0.50A,0.79A.,,,
JAMB,Physics,1990,"When a known standard resistor of 2.0 Ohms is
connected to the 0.0cm end of a meter bridge the
balance point is found to be 55.0cm. what is the
value of the unknown resistor?",1.10 Ohms,1.64 Ohms,2.44 Ohms,27.50 Ohms,,,
JAMB,Physics,1990,"The total energy required to send a unit positive
charge round a complete electrical circuit is the",Kinetic energy,Potential difference,Electromotive force,Electrical energy,,,
JAMB,Physics,1990,"Which of the following graphs of current against
voltage illustrates Ohm’s law?
v
v I
I v
v I
I",,,,,,,
JAMB,Physics,1990,"Which of the following is an essential physical
property of the wires used for making fuses?",Low density,High thermal conductivity,Low electrical resistivity,Low melting point.,,,
JAMB,Physics,1990,"Which of the following is most suitable for
protecting the circuit of a 2000W electric iron
connected to a 250V mains?",13A,8A,5A,3A,,,
JAMB,Physics,1990,"Electrical power is transmitted at a high voltage
rather than low voltage because the amount of
energy loss is reduced due to",Heat dissipation,Production of eddy currents,Excessive current discharged,Excessive voltage discharged.,,,
JAMB,Physics,1990,"A lamp is rated 240V, 60W. The resistance of the
filament is",960 Ohms,16 Ohms,15Ohms,4 Ohms,,,
JAMB,Physics,1990,"A 0 – 10 mA galvanometer with a coil resistance of
30 Ohms can be converted to a 0 –10A ammeter by
using",0.03 ohms series resistor,0.03 ohms shunt resistor,9.99 ohms shunt resistor,9.99 ohms series resistor,,,
JAMB,Physics,1990,"The number of neutrons contained in the nucleus
of 32
9
8
2U is",92,146,238,330,,,
JAMB,Physics,1990,"What precaution should a manufacturer take to
ensure that energy loss in a transformer is
minimized?","The winding of the transformer should
be made of high resistance wires.","The core should be made of thin sheets
of metal.","No magnetic material should be used to
make the core.","The flux linking the primary with the
secondary coils should be minimum.",,,
JAMB,Physics,1990,"A substance has a half life of 3 min. after 6 min, the
count rate was observed to be 400. What was its
count rate at zero time?",200,1 200,1 600,2 400,,,
JAMB,Physics,1990,"Which of the following graphs represents a voltage
current characteristics curve for a diode?",,,,,,,
JAMB,Physics,1990,The photocell works on the principle of the,Voltaic cell,"Emission of electrons by incident
radiation","Emission of protons by incident
electrons.",,,,
JAMB,Physics,1991,"D.
Photographic plate. 1.
Which of the following is the most suitable for use
as an altimeter?",A mercury barometer,A fortin barometer,A mercury manometer,An aneroid barometer.,,,
JAMB,Physics,1991,"A body of weight W N rests on a smooth plane
inclined at an angle Q0 to the horizontal. What is
the resolved part of the weight in newtons along
the plane?",W sin Q,W cosQ,W secQ,W tanQ,,,
JAMB,Physics,1991,"A small metal ball is trown vertically upwards from
the top of a tower with an initial velocity of 20ms-1. If
the ball took a total of 6s to reach ground level,
determine the height of the tower.",60m,80m,100m,120m,,,
JAMB,Physics,1991,"An object moves with uniform speed round a circle.
Its acceleration has",Constant magnitude and constant direction.,Constant magnitude and varying direction.,Varying magnitude and constant direction,Varying magnitude and varying direction.,,,
JAMB,Physics,1991,"A body of mass 100g moving with a velocity of
10.0 ms-1 collides with a wall. If after the collision,
it moves with a velocity of 2.0ms-1 in the opposite
direction, calculate the change in momentum.",0.8Ns,1.2Ns,12.0Ns,80.0Ns,,,
JAMB,Physics,1991,"T 2 o 30 T1 10kg Find the tensionT1 in the diagram above if the
system is in equilibrium.",200/ 3 N,100/ 3 N,300/ 3 N,"100 N
[g = 10m s-2]",,,
JAMB,Physics,1991,"A spring of force constant 1500 Nm-1 is acted upon
by a constant force of 75N. Calculate the potential
energy stored in the spring.",1.9J,3.2J,3.8J,5.0J,,,
JAMB,Physics,1991,"A wheel and axle have radiu 80cm and 10cm
respectively. If the efficiency of the machine is 0.85,
an applied force of 1200N to the wheel will raise a
load of",8.0 N,6.8 N,8160.0 N,9600.0 N,,,
JAMB,Physics,1991,"F(N) 12 - 6 - 0 12 24 A body is under the action of a force F such that
the force – displacement graph of the body is
semicircular as shown above. The work done on
the body by the force in moving through 24 metres
is",36 ð J,72 ð J,144 ð J,288 ð J,,,
JAMB,Physics,1991,"A 20kg mass is to be pulled up a slope inclined at
300 to the horizontal. If the efficiency of the plane
is 75%, the force required to pull the load up the
plane is",13.3 N,73.5 N,133.3 N,533.2 N,,,
JAMB,Physics,1991,"The spiral spring of a spring balance is 25.0cm
long when 5N hangs on it and 30.0cm long, when
the weight is 10N. What is the length of the spring
if the weight is 3N assuming Hooke’s Law is
obeyed?",15.0 cm,17.0 cm,20.0 cm,23.0cm,,,
JAMB,Physics,1991,"The mass of a stone is 15.0g when completely
immersed in water and 10.0g when completely
immersed in a liquid of relative density 2.0. The
mass of the stone in air is",5.0g,12.0g,20.0g,25.0g,,,
JAMB,Physics,1991,"A pilot records the atmospheric pressure outside
his plane as 63cm of Hg while a ground observer
records a reading of 75cm of Hg for the atmospheric
pressure on the ground. Assuming that the density
of the atmosphere is constant, calculate the height
of the plane above the ground. (Relative density
of Hg = 13.0 and that of air = 0.00013)",1 200 m,6 300 m,7 500 m,12 800 m,,,
JAMB,Physics,1991,"In which of the following is surface tension
important?",The floating of a ship in water,The floating of a dry needle in water,The floating of a balloon in air,"The diffusion of a sugar solution across
membrane.",,,
JAMB,Physics,1991,"A thermometer with an arbitrary scale, S, of equal
divisions registers –300S at the ice point and +900S
at the steam point. Calculate the Celsius
temperature corresponding to 600S.",25.00C,50.00C,66.70C,75.00C,,,
JAMB,Physics,1991,"A brass rod is 2m long at a certain temperature.
What is the length for a temperature rise of 100K,
if the expansivity of brass is 18 x 10-6 K-1?",2.0036m,"2.0018m
B.
2.1800m",,2.0360m,,,
JAMB,Physics,1991,"What is the difference in the amount of heat given
out by 4kg of steam and 4kg of water when both
are cooled from 1000C to 800C?
[The specific latent heat of steam is 2,260,000J kg1,
specific heat capacity of water is 4200J kg-1 K-1]","4,200J","2,260,000J","9,040,000J","9,380,000J",,,
JAMB,Physics,1991,"The graphs below show the variation of volume
(V) against temperature (T) in Kelvin for a given
mass of gas at constant pressure. Which of the
graphs depicts the behaviour of an ideal gas? V V T T V
V T
T",,,,,,,
JAMB,Physics,1991,"How long does it take a 750-W heater to rise the
temperature of 1kg to water from 200C to 500C?
[Specific heat capacity of water = 4200J kg-1 K-1]",84s,112s,168s,280s,,,
JAMB,Physics,1991,"The saturated vapour pressure of a liquid increases
as the",Volume of the liquid increases,Volume of the liquid decreases,Temperature of the liquid decreases,Temperature of the liquid decreases,,,
JAMB,Physics,1991,"The absolute temperature of a perfect gas is
proportional to the average",Potential energy of the molecules,Separation between the molecules,Kinetic energy of the molecules,Velocity of the molecules.,,,
JAMB,Physics,1991,"A room is heated by means of a charcoal fire. An
occupant of the room standing away from the fire
is warmed mainly by",Convection,Radiation,Conduction,Reflection,,,
JAMB,Physics,1991,"A boy timed 30 oscillations of a certain pendulum
thrice and obtained 1 min. 10s, 1min. 12s and 1 min.
7s respectively. The mean period of oscillation of
the pendulum is",0.14s,0.43s,2.32s,6.97s,,,
JAMB,Physics,1991,"Which of the following is TRUE of light and sound
waves?",They both transmit energy,"They both need a medium for
propagation",They are both transverse waves,Their velocities in air are equal.,,,
JAMB,Physics,1991,The image in pin-hole camera is,"Erect and formed by refraction through a
lens",Virtual and formed by dispersion,"Erect and gets sharper as the hole
becomes larger","Inverted and formed by the light from
each point traveling in a straight line.",,,
JAMB,Physics,1991,"When a plane mirror at which a ray is incident is
rotated through an angle Q, the reflected ray will
be rotated through",½Q,Q,2Q,3Q,,,
JAMB,Physics,1991,"A trough 12.0cm deep is filled with water of
refractive index 4/3. By how much would a coin at
the bottom of the trough appear to be displaced
when viewed vertically from above the water
surface?",3.0cm,6.0cm,9.0cm,16.0cm,,,
JAMB,Physics,1991,"In a ray diagram for a thin converging lens, a ray
that is not parallel to the optic axis but passes
through the optic center will",Pass through undeviated,"Pass through the center of curvature after
refraction",Emerge parallel to the principal axis,"Pass through the principal focus after
refraction.",,,
JAMB,Physics,1991,"Which of the following correctly describes the
image of an object, 4cm from a diverging lens of
focal length –12cm?","The image is virtual, 3cm in front of the lens","The image is real, 6cm behind the lens","The image is virtual, 6cm in front of the lens","The image is real, 3cm in front of the lens.",,,
JAMB,Physics,1991,"Two tuning forks of frequencies 256Hz and 260 Hz
are sounded close to each other. What is the
frequency of the beats produced?",2 Hz,4 Hz,8 Hz,258 Hz,,,
JAMB,Physics,1991,"A man hears his echo from a nearby hill 2s after he
shouted. If the frequency of his voice is 260 Hz
and the wavelength is 1.29m, how far away is the
hill?",330.0m,335.4m,660.0m,670.8m,,,
JAMB,Physics,1991,"When the bottom tip of a vibrating turning fork
held in contact with a wooden box, a louder sound
is heard. This phenomena is known as",Beats,Echoing,Resonance,Reverberation,,,
JAMB,Physics,1991,"Which of the following statements is CORRECT
about the earth’s magnetic field?","The angle of dip is the angle which a free
suspended magnet makes with the
vertical","The angle of declination is the angle
between the magnetic meridian and the
geographic meridian","The angle of declination is the angle
which a magnetic compass makes with
the magnetic meridian.","The angle of inclination is the difference
between the angle of dip and the angle of
declination.",,,
JAMB,Physics,1991,"An insulated rod when rubbed with a material
acquires","A negative charge if it is made of glass and
rubbed with silk","No charge if it is made of glass and rubbed
with fur","No charge if it is made of copper and rubbed
with silk","A positive charge if it is made of copper and
rubbed with fur.",,,
JAMB,Physics,1991,"The internal resistance of each of the cells E1 and
E2 shown in the figure above is 2Ù. Calculate the
total current in the circuit",0.80A,0.50A,0.40A,0.004A,,,
JAMB,Physics,1991,"The function of the system of granulated carbon
mixed with manganese (IV) oxide in a Leclanche
cell is to",Increase the e.m.f. of the cell to 2.0V,Prevent local action in the cell,Prevent polarization in the cell,Make the cell black and hence a good radiator,,,
JAMB,Physics,1991,"A moving coil galvanometer of 300 Ohms
resistance gives full scale deflection for 1.0mA.
The resistance, R, of the shunt that is required to
convert the galvanometer into a 3.0A ammeter is",899.70Ohms,10.00 Ohms,0.10 Ohms,0.01 Ohms,,,
JAMB,Physics,1991,Which of the following obeys Ohm’s Law?,Glass,Diode,All electrolytes,All metals.,,,
JAMB,Physics,1991,The net capacitance in the circuit shown above is,8.0 uF,6.0 uF,4.0 uF,2.0 uF,,,
JAMB,Physics,1991,". In the above circuit, the fuse wire melts when",K is opened,K is closed,"The 14 – Ohms resistor is doubled with K
closed","The 6 – Ohms resistor is doubled with K
closed.",,,
JAMB,Physics,1991,"An equipment whose power is 1500W and
resistance is 375 ohms would draw a current of",0.10A,2.00A,4.00A,77.5A.,,,
JAMB,Physics,1991,"To convert an alternating current dynamo into a
direct current dynamo, the",Number of turns in the coil is increased,Strength of the field magnetic is increased,"Slip rings are replaced with a split ring
commutator",Coil is wound on a soft iron armature.,,,
JAMB,Physics,1991,"If a current carrying coil is mounted on a metal
frame, the back e.m.f. induced in the coil causes",Inductance,Eddy currents,Electromagnetism,Dipole moment,,,
JAMB,Physics,1991,"The electrochemical equivalent of platinum is 5.0 x
107 kg C-1. To plate-out 1.0kg of platinum, a current
of 100A must be passed through n appropriate
vessel for",5.6 hours,56 hours,1.4 x 104 hours,2.0 x 104 hours.,,,
JAMB,Physics,1991,"Which of the following statements are TRUE of
isotopes?
I
Isotopes of an element have the same
chemical properties because they have
the same number of electrons.
II
Isotopes of elements are normally
separated using physical properties
III
Isotopes of an element have the same
number of protons in the nuclei.",I and II only,I and III only,II and III only,"I, II and III.",,,
JAMB,Physics,1991,"When an atom loses or gains a charge, it becomes",An electron,An ion,A neutron,A proton.,,,
JAMB,Physics,1991,"4g of a radioactive material of half-life 10 days is
spilled on a laboratory floor. How long would it
take to disintegrate 3.5g of the material?",1¼ days,8¾ days,30 days,80 days.,,,
JAMB,Physics,1991,"In a nuclear fusion process, four protons each of
mass Mp were fused to produce a nucleus X of
mass Mx. Which of the following equations is
CORRECT?",4 Mp > Mx,4 Mp = Mx,4 Mp < Mx,Mp = Mx,,,
JAMB,Physics,1991,"Which of the following are TRUE for á-decay
I.
Mass number decreases by four
II
Atomic number decreases by two
III
Mass number does not change.",I and II only,II and III only,I and III only,"I, II and III.",,,
JAMB,Physics,1991,"Which of the following phenomena is called
photoelectric effect?","High energy electrons impinge on a
metallic anode which then emits photons","A high energy photon emits photons as
it is slowed down","A metal absorbs quanta of light and then
emits electrons","Two electrons are created from quantum
of light.",,,
JAMB,Physics,1992,"What is the least possible error in using rule
graduated in centimeters?",0.1cm,0.5cm,1.0cm,2.0cm,,,
JAMB,Physics,1992,"Which of the following affects the period of a simple
pendulum?
I
Mass of the pendulum bob
II
Length of the pendulum
III
Acceleration due to gravity.","I, II and III",II and II only,I and III only,I and II only.,,,
JAMB,Physics,1992,"A boy sits in a train moving with uniform speed on
a straight track. If from his outstretched palm he
gently tosses a coin vertically upwards, the coin
will fall",In front of his palm,Behind his palm,Beside his palm,Into his palm,,,
JAMB,Physics,1992,"A body starts from rest and moves with uniform
acceleration of 6 ms-2. What distance does it cover
in the third second?",15m,18m,27m,30m,,,
JAMB,Physics,1992,"A stone, Q is thrown with velocity u at an angle of
750 to the horizontal. Another stone R is thrown
with the same velocity u but at an angle of 150 to
the horizontal. The ranges covered by the stones
will be",Greater for Q,Greater for R,The same for Q and R,Greater for heavier of the stones,,,
JAMB,Physics,1992,"A man weighting 800N climbs up a flight of stairs
to a height of 15m in 12.5s. What is the man’s
average power output?",667W,810W,960W,15 000W,,,
JAMB,Physics,1992,"A uniform light rod is kept in horizontal equilibrium
under the influence of four forces as shown above.
Which of the following equations correctly
represents the condition of equilibrium for the rod?",F1 + F2 = F3 + F4,F1 + F2 - F3 + F4 = 0,(F1 + F2)ab = (F3 + F4)cd,F1a + F2b - F3c - F4d = 0,,,
JAMB,Physics,1992,"In the diagram above, the hanging mass m2 is
adjusted until m1 is on the verge of sliding. The
coefficient of static friction between the mass m1
and the table is","m1
ms","m1g
ms","m2
m1","m2g
m1",,,
JAMB,Physics,1992,"A machine requires 1000J of work to raise a load of
500N through a vertical distance of 1.5m. Calculate
the efficiency of the machine.",80%,75%,50%,33%,,,
JAMB,Physics,1992,"In an experiment to determine Young’s Modulus
for a wire, several; loads are attached to the wire
and the corresponding extensions measured. The
tensile stress in each case depends on the",Load and the extension,Load and the raiud of the wire,Radius of the wire and the extension,"Extension and the original length of the
wire.",,,
JAMB,Physics,1992,"The figure above shows the height of two liquids
X and y when some air is sucked out of the
apparatus through the pump P. the diameter of the
tube in X is twice that of the Y. What is the relative
density of the liquid X with respect to liquid Y?",1/3,2/3,3,6,,,
JAMB,Physics,1992,"If a plastic sphere floats in water (density = 1000kg
m-3) with 0.5 of its volume submerged and floats in
oil with 0.4 volume submerged, the density of the
oil is",800 kg m-3,1 200 kg m-3,1 250 kg m-3,2 000 kg m-3,,,
JAMB,Physics,1992,"A platinum resistance thermometer wire has a
resistance of 5 ohms at 00C and 5.5 ohms at 100.
Calculate the temperature of the wire when the
resistance is 5.2 ohms",800C,600C,400C,100C,,,
JAMB,Physics,1992,"A bridge made of steel is 600m long. What is the
daily variation in its length if the night-time and
day-time temperatures are 100C and 350C
respectively. The linear expansivity of steel is
0.000012 C-1.",0.18cm,1.80cm,18.00cm,1800cm,,,
JAMB,Physics,1992,"One of the most important applications of bimetallic
strip is found in the construction of",A thermostat,An altimeter,A thermocouple,A hygrometer,,,
JAMB,Physics,1992,"At constant pressure, the density of a fixed mass
of gas is",Constant with temperature,Proportional to its volume,Inversely proportional to its temperature,Independent of its volume,,,
JAMB,Physics,1992,"How much heat is absorbed when a block of copper
of mass 0.05kg and specific heat capacity 390J kg-1 K-1 is heated from 200C to 700C?",3.98 x 10-1 J,9.75 x 102 J,3.98 x 103 J,9.75 x 103 J,,,
JAMB,Physics,1992,"A block of ice floats on water inside a container. If
the block of ice gets completely melted, the level
of water in the container will",Increase,Remain the same,Decrease,First decrease and then increase.,,,
JAMB,Physics,1992,"The space between the double glass walls of a
thermos flask is evacuated and the two surfaces
facing the evacuated space are silvered. The
residual source of heat loss takes place by",Convection,Radiation from the surfaces’,"Conduction through the stopper and the
glass.",Conduction across the walls.,,,
JAMB,Physics,1992,"The equation of wave is
y = 0.005 sin [x(0.5x – 200 t)]1
where x and y are in metres and t is in seconds.
What is the velocity of the wave?",4 000 m s-1,400 m s-1,250 m s-1,40 m s-1,,,
JAMB,Physics,1992,"Which of the following characteristics of a wave
is used in the measurement of the depth of the
sea?",Diffraction,Interference,Refraction,Reflection,,,
JAMB,Physics,1992,A note is the octave of another note if it has,A frequency twice that of the first note,Frequency half that of the first note,The same frequency as the first one,"A frequency eight times that of the first
note.",,,
JAMB,Physics,1992,"What is the frequency of the sound made by a
siren having a disc with 32 holes and making 25
revolutions per second?",80 Hz,600 Hz,800 Hz,1 600 Hz,,,
JAMB,Physics,1992,"Which of the following properties make the convex
mirror useful as a driving mirror?
I
The image is real
II
The image is erect
III
It has a wide field of view
IV
The image is magnified","I, II and IV","I, II and III",II and III,I and III.,,,
JAMB,Physics,1992,"When an object is placed very close to the pole of
a concave mirror, the virtual image obtained is",Diminished and upright,Diminished and inverted,Enlarged and inverted,Enlarged and upright.,,,
JAMB,Physics,1992,"A concave mirror has a radius of curvature of 36cm.
At what distance from the mirror should an object
be placed to give a real image three times the ize of
the object?",12 cm,24 cm,48 cm,108 cm,,,
JAMB,Physics,1992,"Which of the following statements is CORRECT
about a long-sighted boy who does not put on
glasses?",He cannot see distance objects clearly,"Rays of light from a close objects are focused
in front of his retina",His eyeball is too long,"Parallel rays of light are focused behind his
retina.",,,
JAMB,Physics,1992,"The speed of light in air is 3 x 108 m s-1. What is the
peed in glass with a refractive index of 1.50?",1.5 x 108 m s-1,3.0 x 108 m s-1,2.0 x 108 m s-1,6.0 x 108 m s-1.,,,
JAMB,Physics,1992,"If the refractive index of a medium in air is 2.0, what
is the critical angle for this medium?",300,420,450,500,,,
JAMB,Physics,1992,"Which of the following arrangements of the
components of electromagnetic spectrum is in
ascending order of wavelengths?","Gamma rays, ultraviolet rays, x-rays, infra-red
rays.","Gamma rays, x-rays, ultraviolet rays, infra-red
rays","Infra-red rays, ultraviolet rays, x-rays, gamma
rays.","Gamma rays, ultraviolet rays, infra-red rays, x-
rays.",,,
JAMB,Physics,1992,"The diagram above represents the field pattern
obtained by bringing the poles of two magnets
near each other. The poles must be",N – N poles,S – S poles,S – N poles,N – S poles,,,
JAMB,Physics,1992,"The angle between the direction of the earth’s
magnetic field and the horizontal is called the",Angle of deviation,Magnetic declination,Magnetic meridian,Angle of dip,,,
JAMB,Physics,1992,"Calculate the force acting on an electron of charge
1.6 x 10-19 C placed in an electric field of intensity
108V m-‘.",1.6 x 10-11 N,1.6 x 10-14 N,1.6 x 10-16 N,1.0 x 10-16 N,,,
JAMB,Physics,1992,"When an ebonite rod is rubbed with fur, it has",No charge at all,A negative charge,A positive charge,Negative and positive charges.,,,
JAMB,Physics,1992,"Which of the following factors has no effect on
e.m.f. of a primary cell?",Temperature,Size of the cell,Nature of the plates,Nature of the electrolyte.,,,
JAMB,Physics,1992,"A wire of length 15m made of a material of resistivity
1.8 x 10-6 ohms-m has a resistance of 0.27 ohms.
Determine the area of the wire",1.5 x 10-4 m2,1.0 x 10-4 m2,2.7 x 10-5 m2,7.3 x 10-5 m2,,,
JAMB,Physics,1992,"The diagram above shows a meter bridge in which
two of the arms contain resistances R and 2 ohms.
A balance point is obtained at 60cm from the left
end. Calculate the value of R.",1.2 Ohms,1.3 Ohms,3.0 Ohms,6.0 Ohms,,,
JAMB,Physics,1992,"The circuit diagram above contains four ammeter
W, X, Y and Z. Which of the following statements
about the ammeter reading is correct?","The reading of W is equal to that of Y
and twice that of X.",The reading of y is greater than that of Z,"The readings of W and Y are equal and
each is greater than that of X.","The reading of Z is equal to the sum of
the readings of W and Y.",,,
JAMB,Physics,1992,"A 5-V battery is connected across the plates of a
2.0 ìF unchanged parallel plate capacitor. The
charge on the capacitor after a long time is",1.5 uC,10.0 uC,20.0 uC,50.0 uC,,,
JAMB,Physics,1992,"Which of the following apparatus will require the
smallest fuse rating for its protection?","60W, 240V","60W, 40V","40W, 12V","40W, 5V",,,
JAMB,Physics,1992,"A capacitor of 10 ìF is connected across a cell of 12 volts as shown above. Calculate the energy
stored in the capacitor.",7.2 x 10-4 J,1.4 x 10-3 J,1.4 x 10-4 J,1.3 x 10-2 J,,,
JAMB,Physics,1992,"The heat produced in a conductor carrying an
electric is","Inversely proportional to the current and
the resistance","Directly proportional to the current, resistance
and the time.","Inversely proportional to the square of the
resistance, current and the time.","Directly proportional to the square of the
current, the resistance and the time.",,,
JAMB,Physics,1992,"PQRS is a rectangular cell with PQ perpendicular
to the magnetic field as shown in the diagram. If a
current flows in the direction PQRS, in what
direction will the coil move?
a.
Upwards
b.
Downwards
c.
Towards the north pole
d.
Towards the south pole.",,,,,,,
JAMB,Physics,1992,"The maximum permissible current through a
galvanometer G of internal resistance 10Ù is 0.05A.
A resistance R is used to convert G into a voltmeter
with a maximum reading of 100V. Find the value of
R and how it is connected to G.","20,000 ohms in parallel","19,990 ohms in series","1,990 ohms in series",100 ohms in series,,,
JAMB,Physics,1992,"In alternating current theory, the unites of
impedance, r.m.s. voltage and resonance frequency
are respectively equal to","Volt, ampere and hertz","Ohm, volt and hertz","Watt, ohm and radian","Ohm, hertz and joule.",,,
JAMB,Physics,1992,"In A.C. circuit theory, the root mean square (r.m.s.)
current, Irms, and the peak (maximum) current I0 are related by",I0 = Irms/ 2,Irms = I0/ 2,Irms = 1/ I0 2,I0 = 1/Irms 2,,,
JAMB,Physics,1992,"Which of the following graphs correctly illustrates
the number of remaining atoms during a radioactive
decay.",,,,,,,
JAMB,Physics,1992,"The threshold frequency for photoelectric effect
depends on the",Intensity of incident light,Frequency of incident light,Material of the photocathode,"Potential difference between the cathode
and the mode",,,
JAMB,Physics,1992,"After three half life, the function of a radioactive
material that has decayed is",1/8,1/3,2/3,7/8,,,
JAMB,Physics,1992,"2
1
7
3Al + 1
0n ’! 2
1
4
1Na + X
In the nuclear reaction above, the product denoted
by X is",A proton,A gamma ray,A helium particle,An alpha particle.,,,
JAMB,Physics,1993,"Which of the following quantities has the same
unit as the watt?",Force x time,Force x distance,Force x acceleration,Force x velocity,,,
JAMB,Physics,1993,"The external and internal diameters of a tube are
measured as (32 ± 2)mm and (21 ± 1) mm
respectively. Determine the percentage error in the
thickness of the tube.",27,14%,9%,3%,,,
JAMB,Physics,1993,"The diagram above shows a velocity – time graph
representing the motion of a car. Find the total distance covered during the acceleration and the
retardation periods of the motion.",75m,150m,300m,375m,,,
JAMB,Physics,1993,"Two forces of magnitudes 7N and 3N act at right
angles to each other. The angle è between the
resultant and the 7N force is given by",Cos Q = 3/7,Sin Q = 3/7,Tan Q = 3/7,Cot Q= 3/7,,,
JAMB,Physics,1993,"An earoplane lands on a runway at a speed of
180kmh-1 and is brought to a stop uniformly in 30
seconds. What distance does it cover on the
runway before coming to rest",360m,540m,750m,957m,,,
JAMB,Physics,1993,"A rocket burns fuel at the rate of 10kg s-1 and eject
it with a velocity of 5 x 103m s-1.the thrust
exerted by the gas on the rocket is",2.5 x 107 N,5.0 x 104 N,5.0 x 102 N,2.0 x 10-3 N,,,
JAMB,Physics,1993,"The force experienced by an object of mass 60.0kg
in the moon’s gravitational field is 1.002 x 103 N.
What is the intensity of the gravitational field?",0.60 N kg-1,1.67 N kg-1,6.12 x 102 N kg-1,9.81 ms-1,,,
JAMB,Physics,1993,"Which of the following correctly describe the
energy changes in the generation of light by a
hydroelectric power station?","Electrical mechanical potential
light.","Potential mechanical electrical
light.","Mechanical sound electrical
light","Kinetic mechanical electrical
light.",,,
JAMB,Physics,1993,"A plane inclined at angle è has a velocity ratio of
10 : 1. The inclination of the plane to the horizontal
is given by",tan Q = 1/10,cot Q = 1/10,cos Q= 1/10,sin Q= 1/10,,,
JAMB,Physics,1993,"A weightless vessel of dimensions 4m x 3m x 2m is
filled with a liquid of density 1000 kgm-3 and sealed.
What is the maximum pressure this contain can
exert on a flat surface?
[g = 10 ms-2]",9 x 104 Nm-2,4 x 104 Nm-2,3 x 104 Nm-2,2 x 104 Nm-2,,,
JAMB,Physics,1993,"In the figure above the weight X is held in position
by pulling the rope KLM in the direction LM.
Which of the following diagrams shows the force
acting at point L",,,,,,,
JAMB,Physics,1993,"In the diagram above, a lever of length 200m is
used to lift a load of mass 180kg. The pivot at P is
120m from the load. What minimum force, F1 must
be applied at the end of the lever?",9 N,18 N,20 N,200 N,,,
JAMB,Physics,1993,"An object of mass 400g and density 600 kgm-3 is
suspended with a string so that half of it if
immersed in paraffin of density 900 kgm-3. The
tension in the string is",1.0 N,3.0 N,4.0 N,5.0 N,,,
JAMB,Physics,1993,"The thermometric property of the thermocouple is
that its",e.m.f. changes with temperature,Resistance changes with temperature,Volume changes with temperature,Pressure changes with resistance.,,,
JAMB,Physics,1993,"A metal rod 800mm long is heated from 100C to
950C. If it expands by .36mm, the linear expansivity
of the metal is",2.0 x 102 K-1,2.0 x 10-2 K-1,5.0 x 10-2 K-1,2.0 x 10-5 K-1,,,
JAMB,Physics,1993,"When the volume of a given mass of gas in halved
and its temperature doubled, the pressure",Remains constant,Increases by a factor of 4,Increases by a factor of 3,Decreases by a factor of 4,,,
JAMB,Physics,1993,"200g of water at 900C is mixed with 100g of water at
300C. What is the final temperature?",500C,600C,700C,800C,,,
JAMB,Physics,1993,"A block of ice at 00C is put in an open vessel and
heated uniformly until half the water boils off. Which of the following graphs best illustrates the
change in temperature during the process?",,,,,,,
JAMB,Physics,1993,"The melting point of a solid is given at 800C. if 105J
of heat energy is required at this temperature to
melt 10g of the solid, the specific latent heat of
fusion of the solid is",1.00 x 103 J kg-1,1.25 x 105 J kg-1,1.00 x 107 J kg-1,"8.00 x 108 J kg-1 Use the figure below which shows a stationary
wave in a closed tube to answer questions 20 and
21.",,,
JAMB,Physics,1993,"The relationship between L and the wavelength ë
of the stationary wave is",2L =,L =,L = /3,4L = 3,,,
JAMB,Physics,1993,"Determine the distance between the consecutive
antinodes XX if the wavelength is 66cm.",15 cm,30cm,60cm,120cm,,,
JAMB,Physics,1993,"Which of the following waves can propagate
through a vacuum?",High velocity sound waves,Ultrasonic waves,Acoustic waves,Infra-red waves,,,
JAMB,Physics,1993,"Radio waves emitted from an antenna are picked
up by a radar after reflection from an aircraft in 4 x
10-ss. How far is the aircraft from the antenna?
[c = 3 x 108 ms-1]",6.0 x 102 km,1.2 x 103 km,3.0 x 103 km,6.0 x 105 km,,,
JAMB,Physics,1993,"The fundamental frequency of vibration (f) of a
wire is measured as a function of the tension (T) in
the wire. Which of the following curves adequately
represents the data?",,,,,,,
JAMB,Physics,1993,"Two mirrors, M1, M2 are inclined at right angles as
shown above. Calculate the angle of reflection of
the ray of light at mirror M2.",300,450,600,900,,,
JAMB,Physics,1993,"Which of the following expressions gives the linear
magnification produced by a concave mirror of
radius of curvature r, if u and v are the object and
image distances respectively?","v 1
r","2 v 1
r","u 1
r","2u 1
r",,,
JAMB,Physics,1993,"If the focal length of a camera lens is 20cm, the
distance from the film at which the lens must be
set to produce a sharp image of an object 100cm
away is",17cm,20cm,25cm,100cm,,,
JAMB,Physics,1993,"Which of the following may be used to explain a
mirage?
I
Layers of air near the road surface have
varying refractive indices in hot weather
II
Road surfaces sometimes becomes good
reflectors in hot weather.
III
Light from the sky can be reflected
upwards after coming close to the road
surface.",II only,II and III only,I and III only,"I, II and III.",,,
JAMB,Physics,1993,"A beam of light is incident from air to, water at an
angle 300, Find the angle of refraction if the
refractive index of water is 4/3.",150,180,220,240,,,
JAMB,Physics,1993,"The property of the eye known as its power of
accommodation is controlled by the",Pupil,Vitreous humour,Iris,Ciliary muscles,,,
JAMB,Physics,1993,"Which of the following correctly explains(s) why
a green leaf appears green in bright daylight?
I
It absorbs only the green component of
sunlight.
II
It absorbs all colours in sunlight except
green.
III
It reflects only the green component of
sunlight.",I only,II only,I and III only,II and III only.,,,
JAMB,Physics,1993,"A field that results from the contact of a positively
charged ball with the inner wall of an uncharged
hollow conducting sphere is",Inside the sphere,On the surface of the ball,Inside and outside the sphere,Outside the sphere.,,,
JAMB,Physics,1993,"A horizontal component of the earth’s magnetic
field and the magnetic field of a straight wire X
carries current into the plane of a paper. Which of
the following figures correctly illustrates the resultant magnetic field pattern in the horizontal
plane?",,,,,,,
JAMB,Physics,1993,"Which of the following correctly explain(s) why
soft iron is preferred to steel in electromagnets?
I
Soft iron is more readily magnetized than
steel.
II
Soft iron is more readily demagnetized
than steel.
III
Soft iron retains magnetism more than
steel.",I only,II and III only,I and II only,"I, II and III.",,,
JAMB,Physics,1993,"A current-carrying conductor experiences a force
when placed in a magnetic field because the",Conductor is magnetized,"Magnetic field of the current interacts
with external magnetic field.",Force is due to the motor principle,"Electric field of the current interacts with
the external magnetic field.",,,
JAMB,Physics,1993,"A simple cell with mercury-amalgamated zinc
electrode prevents",Local action,Polarization,Buckling,Degradation.,,,
JAMB,Physics,1993,"The terminal voltage of a battery is 4.0V when
supplying a current of 2.0A, and 2.0V when
supplying a current of 3.0A. The internal resistance
of the battery is",0.5 Ohms,1.0 Ohms,2.0 Ohms,4.0 Ohms,,,
JAMB,Physics,1993,The current 1 in the figure above is,4.00A,1.30A,0.80A,0.75A,,,
JAMB,Physics,1993,"A current of 100mA passes through a conductor
for 2 minutes. The quantity of electricity
transported is",200C,50C,12C,0.02C,,,
JAMB,Physics,1993,"A parallel plate capacitor of area 10cm2 in vacuum
has a capacitance of 10-2uF. What is the distance
between the plates?
(S0 = 9 x 10-12 Fm )",9 x 10-13 m,9 x 107 m,9 x 10-3 m,9 x 107 m,,,
JAMB,Physics,1993,"In the network shown above, determine the
potential difference across the 5ìF capacitor.",3V,6V,12V,18V,,,
JAMB,Physics,1993,"A 40-W instrument has a resistance of 90 ohms.
On what voltage should it be operated normally?",60V,150V,225V,3 600V,,,
JAMB,Physics,1993,"Which of the following devices may be used to
set u p the voltage in d.c. circuit?",A step-up tranformer,A d.c. generator,A wattmeter,An induction coil.,,,
JAMB,Physics,1993,The primary aim in high tension transmission is to,"Minimize electrical energy losses due to heat
production","Increase the rate of energy transfer by using
high voltage",Increase the current in the wires.,"Generate electricity at high current and low
voltage.",,,
JAMB,Physics,1993,"Determine the inductive reactance when a 30.0mH
inductor with a negligible resistance is connected
to a 1.30 x 103 Hz oscillator.",39.0 Ohms,122.5Ohms,245.0 Ohms,39000.0 Ohms,,,
JAMB,Physics,1993,"Which of the following statements correctly
describe(s) cathode rays?
I
They consist of tiny particles negative
electric charges
II
They are deflected in a magnetic field but
not in an electric field
III
They consist of fast moving neutrons and
deflected in an electric field.",I only,III only,I and II only,II and III only,,,
JAMB,Physics,1993,"Which of the following are produced after a nuclear
fusion process?
I
One heavy nucleus
II
Neutrons
III
Protons
IV
Energy",I and II,I and Iv,II and III,II and IV.,,,
JAMB,Physics,1993,"An element X of atomic number 88 and mass
number 226 decays to form an element Z by emitting
two beta particles and an alpha particles. Z is
represent by","22
8
2
2Z","22
8
2
8Z","22
8
6
6Z","22
8
6
0Z",,,
JAMB,Physics,1993,"The kinetic energy of a photoelectron liberated
from a metallic surface depends on the",Intensity of the incident radiation,Time duration of the incident radiation,Temperature of the incident radiation,Frequency of the incident radiation,,,
JAMB,Physics,1994,"1cm 2cm 5cm What is the reading of the vernier capilers shown
above?",1.79 cm,1.73 cm,1.39 cm,1.34 cm,,,
JAMB,Physics,1994,"If it takes 5.0 hours to drain a container of 540.0
cm3 of water, what is the flow rate of water from the
container in kgs-1?",32.5,31.5,30.8,"30.0
(Density of water = 100 kgm-3)",,,
JAMB,Physics,1994,"A boat travels due east at a speed of 40 ms-1. What
is the resultant speed of the boat?",1.3 ms-1,10.0ms-1,50.0 ms-1,70.0 ms-1,,,
JAMB,Physics,1994,"An object is projected with velocity of 80 ms-1 at
an angle of 30o to the horizontal. The maximum
height reached is",20 m,80 m,160 m,320 m,,,
JAMB,Physics,1994,"A motor vehicle is brought to rest from a speed of
15 ms-1 in 20 seconds. Calculate the retardation.",0.75 ms-2,1.33 ms-2,5.00 ms-2,7.50 ms-2,,,
JAMB,Physics,1994,"Which of the following is TRUE of a particle moving
in a horizontal circle with constant angular
velocity?","The energy is constant but the linear
momentum varies","The linear momentum is constant but the
energy varies.","Both energy and linear momentum are
constant.","The speed and the linear velocity are both
constant.",,,
JAMB,Physics,1994,"A stone thrown vertically upwards returns to the
ground. Which of the following figures represents
the velocity-time graph?",,,,,,,
JAMB,Physics,1994,"The diagram above shows a uniform wood of
weight 200 N and length 50 m. it is pivoted at one
end and suspended by a cord at the other end at
an angle of 30o to the wood. Calculate the tension
in the cord if the wood is horizontal.",10 N,20 N,100 N,200 N,,,
JAMB,Physics,1994,"An object of mass 50 kg is released from a height
of 2 m. find the kinetic energy just before it strikes
the ground.",250 J,1 000 J,10 000 J,100 000 J,,,
JAMB,Physics,1994,"A cone in an unstable equilibrium has its potential
energy",Decreased,Increased,Unchanged,Oscillating,,,
JAMB,Physics,1994,"Calculate the magnitude of the force required to
just move a 20 kg object along a horizontal surface
if the coefficient of friction is 0.2",400.0 N,40.0 N,4.0 N,0.4 N,,,
JAMB,Physics,1994,"Calculate the velocity ratio of a screw jack of pitch
0.3 cm if the length of the tommy bar is 21 cm.","1
140",14,70,140,,,
JAMB,Physics,1994,"Which of the following graphs correctly represents
the relationship between the load and the velocity
ratio of a machine?",,,,,,,
JAMB,Physics,1994,"A spring of length 25 cm is extended to 30 cm by a
load of 150 N attached to one of its ends. What is
the energy stored in the spring?",3750 J,2500 J,3.75 J,2.50 J,,,
JAMB,Physics,1994,"In the diagram above, if the atmospheric pressure
is 760 mm, the pressure in the chamber G is",660 mm,690 mm,830 mm,860 mm,,,
JAMB,Physics,1994,"A force of 15 N stretches a spring to a total length
of 30 cm. An additional force of 10 N stretches the
spring 5 cm further. Find the natural length of the
spring.",25.0 cm,22.5 cm,20.0 cm,15. 0 cm,,,
JAMB,Physics,1994,"Which of these statements are TRUE of pressure
in liquids?
I
Pressure acts equally in all
directions.
II
Pressure decreases with depth.
III
Pressure at the same level of a
liquid is the same.
IV
Pressure is dependent on the
cross-sectional area of the
barometer tube.",I and III only.,"I, II and III only.","I, II and IV only.","I, II, III and IV.",,,
JAMB,Physics,1994,"The mass of a specific gravity bottle is 15.2 g when
it is empty. It is 24.8 g when filled with kerosene
and 27.2 g when filled with distilled water. Calculate
the relative density of kerosene.",1.25,1.10,0.90,0.80,,,
JAMB,Physics,1994,"If a solid X floats in liquid P of relative density 2.0
and in liquid Q of relative density 1.5, it can be
inferred that the","Weight of P displaced is greater than that
of Q","Weight of P displaced is less than that of
Q","Volume of P displaced is greater than that
of Q","Volume of P displaced is les than that of
Q.",,,
JAMB,Physics,1994,"The melting point of naphthalene is 780C. What is
this temperature in Kelvin?",100 K,315 K,378 K,444 K,,,
JAMB,Physics,1994,"A motor tyre is inflated to pressure of 2.0 x 105 Nm- 2 when the temperature of air is 27oC. What will be
the pressure in it at 87oC assuming that the volume
of the tyre does not change?",2.6 x 105 Nm-2,2.4 x 105 Nm-2,2.2 x 105 Nm-2,1.3 x 105 Nm-2,,,
JAMB,Physics,1994,"When 100 g of liquid L1 at 78oC was mixed Xg of
liquid L2 at 50oC, the final temperature was 66oC.
Given that the specific heat capacity of L2 is half
that of L1, find X.",50 g,100 g,150 g,200 g,,,
JAMB,Physics,1994,"A volume of water is heated from 0oC to 15oC. Which
of the following diagrams correctly represents the
variation of the volume with temperature? .",,,,,,,
JAMB,Physics,1994,"Heat is supplied to a test tube containing 100 g of
ice at its melting point. The ice melts completely in
1 min. what is the power rating of the source of
heat?",336 W,450 W,560 W,"600 W
(Latent heat of fusion of ice = 336 Jg-1)",,,
JAMB,Physics,1994,"If a room is saturated with water vapour, the
temperature of the room must be",at 00C,above the dew point,at 1000C,below or at the dew point.,,,
JAMB,Physics,1994,"Which of the following graphs represents the
variation of pressure P against volume V at
constant temperature?",,,,,,,
JAMB,Physics,1994,"Two similar kettles containing equal masses of
boiling water are placed on a table. If the surface
of one is highly polished and the surface of the
other is covered with soot, which of the following
observations is correct?",,,,,,,
JAMB,Physics,1994,"The equation of a transverse wave traveling along
a string is given by y = 0.3 sin (0.5x – 50t) where y
and x are in cm and t is in seconds. Find the
maximum displacement of the particles from the
equilibrium position.",50.0 cm,2.5 cm,0.5 cm,0.3 cm,,,
JAMB,Physics,1994,"The sound from a source traveled to the bottom of
the sea and the echo was heard 4s latter. If the
speed of sound in sea water is 1500 ms-1, the depth
of the sea is",6000 m,3000 m,1500 m,375 m,,,
JAMB,Physics,1994,"The fundamental frequency of vibration of a
sonometer wire may be halved by",Doubling the length of the wire,Doubling the mass of the wire,Reducing the tension by half,"Reducing the absolute temperature by
half.",,,
JAMB,Physics,1994,"A pipe of length 45 cm is closed at one end.
Calculate the fundamental frequency of the sound
wave generated in the pipe if the velocity of sound
in air is 360 ms-1 (Neglect end corrections).",55. Hz,148.5 Hz,200.00 Hz,550.0 Hz,,,
JAMB,Physics,1994,"The note produced by a stretched string has a
fundamental frequency of 400 Hz. If the length of
the string is doubled while the tension in the string
is increased by a factor of 4, the frequency is",200 Hz,400 Hz,800 Hz,1600 Hz,,,
JAMB,Physics,1994,"To produce a parallel beam of light from a concave
mirror, the distance at which the lamp should be
placed from the mirror is equal to",the focal length,two times the focal length,the distance of the image,two times the radius of curvature.,,,
JAMB,Physics,1994,"Light of frequency 6.0 x 1014 Hz traveling in air is
transmitted through glass of refractive index 1.5.
Calculate the frequency of the light in the glass.",4.0 x 1014 Hz,6.0 x 1014 Hz,7.5 x 1014 Hz,9.0 x 1014 Hz,,,
JAMB,Physics,1994,"An object is placed in front of a converging lens
of focal length 200 cm. The image is virtual and
has a magnification of 2. what is the distance of
the object from the lens?",5 cm,10 cm,30 cm,40 cm,,,
JAMB,Physics,1994,"An object is placed directly below a glass block of
thickness 3.0 cm. Calculate the lateral displacement
of the object if the refractive index of the glass is
1.5",1.0 cm,1.5 cm,2.0 cm,2.5 cm,,,
JAMB,Physics,1994,"In a projection lantern of focal length ƒ, the object
distance u, is such that",u > 2ƒ > ƒ,u < ƒ < 2ƒ,u = ƒ < 2ƒ,ƒ < u < 2ƒ,,,
JAMB,Physics,1994,"If the Nigerian flag (green, white, green) is viewed
in pure yellow light, which of the following set of
colours would be observed on the flag?","Green, yellow, green","Red, yellow, red.","Black, yellow, black.","Green, white, green.",,,
JAMB,Physics,1994,"Which of the figures below illustrates the
dispersion of white light through a triangular glass
prism?",,,,,,,
JAMB,Physics,1994,"Which of the following has the lowest internal
resistance when new?",Leclanche cell.,Daniel cell.,Accumulator,Torch battery.,,,
JAMB,Physics,1994,"When biro pen rubbed on a dry silk cloth is moved
very closed to a piece of paper on a dry table, the
pen is found to pick up the paper. This is because",Both the pen and the cloth are magnetized,"The pen is magnetized but the cloth is
not","The pen is charged while the cloth is
magnetized",Both the pen and the cloth are charged.,,,
JAMB,Physics,1994,"In the figure above, XY is of length 1m. The value
of R at balance point Z is",3.0 Ohms,13.3 Ohms,15.0 Ohms,30.0 Ohms,,,
JAMB,Physics,1994,"A capacitor 8 uF, is charged to a potential difference
of 100V. The energy stored by the capacitor is",1.0 x 104 J,8.0 x 10 J,1.25 x 10 J,4.0 x 10-2 J,,,
JAMB,Physics,1994,"Two resistors, R1 = 4Ohms and R2 = 5 Ohms, are
connected in parallel across a potential difference.
If P1 and P2 represent the power dissipated in R1
and R2 respectively, the ratio P1 :P2 is",4 : 5,5 : 4,16 : 25,25 : 16,,,
JAMB,Physics,1994,"In the circuit diagram above, calculate the current
in the 12 – Ohms resistor if the cell has an e.m.f. of
12V and an internal resistance of 1 ohms.",0.8 A,1.0 A,1.6 A,2.4 A,,,
JAMB,Physics,1994,"Which of the following are found in the receiver
but not in the microphone of a telephone handset?
I
Diaphragm
II
Soft iron ole pieces.
III
Permanent magnet.
IV
Carbon blocks",I and II,I and IV.,II and III,III and IV.,,,
JAMB,Physics,1994,"If two parallel conductors carry currents flowing
in the same direction, the conductors will",Attract each other,Repel each other,Both move in the same direction,Have no effect on each other.,,,
JAMB,Physics,1994,"A certain radioisotope of 235U emits
92
four alpha particles and three beta particles. The
mass number and the atomic number of the
resulting element respectively are",219 and 87,84 and 223,223 and 87,219 and 81,,,
JAMB,Physics,1994,"In the curve above, PQRST represents an
alternating voltage frequency 50 Hz. The time
interval between point P and R on the graph is",25 s,"1 S
50","1 S
100","1 S
200",,,
JAMB,Physics,1994,"If the light with photon energy 2 eV is incident
suitably on the surface of a metal with work
function 3 eV, then",No electron will be emitted,"The few electrons emitted will have a
maximum kinetic energy of 1 eV","The few electrons emitted will have a
maximum kinetic energy of 3 eV",Many electrons will be emitted.,,,
JAMB,Physics,1995,"Which of the following is the dimension of
pressure?",ML-1T-2,MLT-2,ML2T-3,ML-3,,,
JAMB,Physics,1995,"The length of a displaced pendulum bob which
passes its lowest point twice every second is",0.25m,0.45m,0.58m,"1.00m
[g = 10ms-2]",,,
JAMB,Physics,1995,"In the diagram above, P, Q and R are vectors. Which
of the following options gives the correct
relationship between the vectors?",P = Q + R,P = Q – R,P = R – Q,P + Q + R = 0,,,
JAMB,Physics,1995,The value of T in the figure above is,10.0 N,11.8 N,20.0 N,40.0 N,,,
JAMB,Physics,1995,"When a ball rolls on a smooth level ground, the
motion of its centre is",Translational,Oscillatory,Random,Rotational,,,
JAMB,Physics,1995,"The velocity-time graph of a body moving in a
straight line and decelerating uniformly to rest is
represented by",,,,,,,
JAMB,Physics,1995,The acceleration of the system shown above is,2 ms-2,4 ms-2,6 ms-2,8 ms-2,,,
JAMB,Physics,1995,"What is the acceleration due to gravity ‘g’ on the
moon, if g is 10ms-2 on the earth?",0.10 ms-2,0.74 ms-2,1.67 ms-2,10.00 ms-2,,,
JAMB,Physics,1995,"A body is projected from the earth’s surface with
the intention of letting it escape from the earth’s
gravitational field. What is the minimum escape
velocity of the body?",14km s-1,13 km s-1,12 km s-1,11 km s-1,,,
JAMB,Physics,1995,"A uniform rod PQ of length 1m and mass 2kg is
pivoted at the end P. If a load of 14N is placed at
the centre of the rod, find the force that should be
applied vertically upwards at Q to maintain the rod
in equilibrium horizontally.",68 N,28 N,17 N,"7 N
[g = 10 ms-2]",,,
JAMB,Physics,1995,"A vehicle of mass m is driven by an engine of
power P from rest. Find the minimum time it will
take to acquire a speed v.",mv2 P,mv2 2P,"mv
P","mv
2P",,,
JAMB,Physics,1995,"A box of mass 40 kg is being dragged along the
floor by a rope inclined at 600 to the horizontal.
The frictional force between the box and the floor
is 100N and the tension on the rope is 300N. How
much work is done in dragging the box through a
distance of 4m?",680 J,400 J,200 J,100 J,,,
JAMB,Physics,1995,"Which of the following statements are TRUE about
frictional force?
I
It is always a disadvantage
II
It is sometimes a disadvantage
III
It always exists where there is a relative
motion of two bodies that are in contact.
IV
It is sometimes very useful.",,,,,,,
JAMB,Physics,1995,"The energy contained in a wire when it is extended
by 0.02m by a force of 500 N is",5 J,10 J,103 J,104 J,,,
JAMB,Physics,1995,"Which of the following levers has the greatest
mechanical advantage?",,,,,,,
JAMB,Physics,1995,"A hydraulic press has a large circular piston of
radius 0.8m and a circular plunger of radiu 0.2m. A
force of 500N is exerted by the plunger. Find the
force exerted on the piston.",8 000 N,4 000 N,2 000 N,31 N,,,
JAMB,Physics,1995,"The volume of an air bubble increases from the
bottom to the top of a lake at constant temperature
because","Atmospheric pressure acts on the surface of
the lake.",Pressure increases with depth of the lake.,Density remains constant with pressure,The bubble experiences an upthrust.,,,
JAMB,Physics,1995,Temperature is a measure of the,"Quantity of heat transferred into the
molecules of an object","Mean kinetic energy of any molecules of
the object","Kinetic energy of any individual
molecules of the substance.","Amount of work done by the molecules
of the object.",,,
JAMB,Physics,1995,"A rectangular metal block of volume 10-6m3 at 573K.
If its coefficient of linear expansion is 1.2-x-10-5K-1,
the percentage change of its volume is",1.5 %,1.1 %,0.4 %,0.1 %,,,
JAMB,Physics,1995,"A piece of wood floats inside water at room
temperature with a fraction of it above the liquid
surface. As the temperature of the water is raised, the part of the wood above the density of liquid
will","Decrease because the density of water
decreases with temperature.","Increases because the density of water
decreases with temperature.","Decreases because the density of water
increases with temperature","Increase because the density of water
increases with temperature.",,,
JAMB,Physics,1995,"The equation PxVyTz = constant is Charles’ law
when","x = 1, y = -1, z = 1","x = 0, y = 1, z = -1","x = 1, y = 0, z = -1","x = 0, y = 1, z = 1.",,,
JAMB,Physics,1995,"An electric kettle with negligible heat capacity is
rated at 2000 W. If 2.0kg of water is put in it, how
long will it take the temperature of water to rise
from 200C to 1000C?",420s,336s,168s,"84s.
[specific heat capacity of water = 4200 J kg-1 K-1].",,,
JAMB,Physics,1995,"A temperature scale has a lower fixed point of 40mm
and an upper fixed point of 200mm. What is the
reading on this scale when a thermometer read
600C?",33.3 mm,36.0 mm,96.0 mm,136.0 mm,,,
JAMB,Physics,1995,"A quantity of ice at -100C is heated until the
temperature of the heating vessel is 900C. Which
of the following constant is NOT required to the
vessel?",Specific heat capacity of ice,Specific heat capacity of water,Specific latent heat of fusion,Specific latent heat of vaporization.,,,
JAMB,Physics,1995,"Which of the following statements give ‘the TRUE
differences between evaporation and boiling
I
Evaporation occurs at all temperatures
while boiling occurs at a fixed temperature
for a given pressure.
II
Evaporation is a surface phenomenon
while boiling is an interior phenomenon.
III
Evaporation is affected by surface areas
which boiling is not. B.
I and III only
C.
II and III only
D.
I, II and III.",,,,,,,
JAMB,Physics,1995,"A well=lagged bar of length 100cm has its ends
maintained at 1000C and 400C respectively. What
is the temperature at a point 60cm from the hotter
end?",580C,620C,640C,760C,,,
JAMB,Physics,1995,"Which of the following is the exclusive property
of a transverse wave?",Diffraction,Refraction,Compression,Polarization,,,
JAMB,Physics,1995,"The wavelength of signal from a radio transmitter
is 1500m and the frequency is 200kHz. What is the
wavelength for a transmitter operating at 1000kHz?",7 500 m,300 m,75 m,15 m,,,
JAMB,Physics,1995,"The difference between sound waves and light
waves is that sound waves","Are transverse while light waves are
longitudinal.","Require a medium to travel while light
waves do not.",Can be diffracted but light waves cannot,Cannot be reflected but light waves can.,,,
JAMB,Physics,1995,"Which of the diagrams below represents the
second overtone of a vibrating string fixed at both
ends?",,,,,,,
JAMB,Physics,1995,"The pitch of an acoustic device can be increased
by",Increasing the frequency,Increasing the amplitude,Decreasing the loudness,Decreasing the intensity,,,
JAMB,Physics,1995,Total eclipse of the sun occurs when the,Earth is between the moon and the sun,Sun is between the moon and the earth,Moon is between the sun and the earth,Ozone layer is threatened,,,
JAMB,Physics,1995,"What is the approximate critical angle for total
internal reflection for diamond if the refractive
index of diamond is 2.42?",210,220,230,240,,,
JAMB,Physics,1995,"Which of the graphs represents the relationship
between m and v for a converging mirror?",,,,,,,
JAMB,Physics,1995,"A real object is placed at a distance u cm in front of
a curved mirror of focal length fcm. If the image is
upright and magnified, then the mirror is",Convex and u = 2f,"Concave and u= 2f
f","Convex and u = 2
f",Concave and u = 2,,,
JAMB,Physics,1995,"Which of the following pairs of colours gives the
widest separation in the spectrum of white light?",Red and violet,Green and yellow,Red and indigo,Yellow and violet.,,,
JAMB,Physics,1995,"Two parallel plates at a distance of 8.0 x 10-3m apart
are maintained at p.d. of 600 volts with the negative
plate earthed. What is the electric field strength?",4.8 Vm-1,75.0 Vm-1,4800.0 Vm-1,"7,5000.0 Vm-1",,,
JAMB,Physics,1995,"At different locations on the earth’s surface, the
earth’s magnetic field is",The same in magnitude and direction,"The same in magnitude but different in
direction",Different in both magnitude and direction,Different in magnitude but not in direction.,,,
JAMB,Physics,1995,"If a resistance if halved in value and the potential
difference across it is tripled, then the ratio of the
new current to the old is",1 : 6,1 : 3,2 : 1,6 : 1,,,
JAMB,Physics,1995,"A 12-V battery has an internal resistance of 0.5
ohms. If a cable of 1.0 ohms resistance is connected
across the two terminals of the battery, the current
drawn from the battery is",16.0 A,8.0 A,0.8 A,0.4 A,,,
JAMB,Physics,1995,"The diagram above shows two similar bulbs X and
Y connected to a suitable power supply with F as
an appropriate fuse rating. If the filament of X
breaks, then the",Brightness of Y will reduce,Brightness of Y will remain constant,Brightness of Y will remain constant,Fuse F will blow.,,,
JAMB,Physics,1995,"The purpose of a dielectric material in a parallel
plate capacitor is to",Increase its capacitance,Decrease its capacitance,Insulate the plates from each other,"Increase the magnetic field between the
plates.",,,
JAMB,Physics,1995,The resultant in the figure above is,15.0 uF,9.8 uF,1.3 uF,0.8 uF,,,
JAMB,Physics,1995,"An electric current of 2 amperes flows in a heating
coil of resistance 50 ohms for 3 minutes 20 seconds.
Determine the heat produced.",0.5 kJ,8.0 kJ,20.0 kJ,40. 0 kJ,,,
JAMB,Physics,1995,"If the maximum voltage across a 100-ohm resistor
is 20V, then the maximum power it can dissipate is",5.00 W,4.00 W,2.00 W,0.25 W,,,
JAMB,Physics,1995,"Which of the following is required to convert a
milliammeter to an ammeter?",A high resistance in parallel,A high resistance in series,A low resistance in parallel,A low resistance in series.,,,
JAMB,Physics,1995,"The primary winding of a transformer has 400 turns
and its secondary has 100 turns. If a source of
e.m.f. of 12V is applied to the primary, the secondary
e.m.f. will be",3 V,6 V,24 V,48 V,,,
JAMB,Physics,1995,"An alternating source is connected in series to a
capacitor of capacity reactance of 103 3 and
resistor of a resistance 103 Ohms. The impedance
of the circuit is",2000 3Ohms,2000 Ohms,1000 3Ohms,1000Ohms,,,
JAMB,Physics,1995,"The half-life of a radioactive element is 9 days.
What fraction of atoms has decayed in 36 days?","1
16","1
4","1
2","15
16",,,
JAMB,Physics,1995,"A light of energy 5eV falls on a metal and the
electrons with a maximum kinetic energy of 2eV
are rejected. The work function of the metal is",0.4eV,2.5eV,3.0eV,7.0eV,,,
JAMB,Physics,1997,"At what respective values of X, Y and Z would
the unit of force, the Newton, be dimensionally
equivalent to MxLyTz?","-1, 1, 2","1, 2, -2","1, -1, 2","-1, 1, -2",,,
JAMB,Physics,1997,"The distance xm traveled by a particle in time t
seconds is described by the equation x = 10 + 12t².
Find the average speed of the particle between the
time interval t =2s and t = 5s.",60 ms-1,72 ms-1,84 ms-1,108 ms-1,,,
JAMB,Physics,1997,"A 5kg block is released from rest on a smooth plane
inclined at an angle of 30o to the horizontal.
What is its acceleration down the plane?",5.0 ms-2,5.8 ms-2,8.7 ms-2,"25.0 ms-2
[g = 10 ms-2]",,,
JAMB,Physics,1997,"An arrow of mass 0.1kg moving with a horizontal
velocity of 15 ms-1 is shot into a wooden block
of mass 0.4 kg lying at rest on a smooth
horizontal surface. Their common velocity after
impact is",15.0 ms-1,7.5 ms-1,3.8 ms-1,3.0ms-1,,,
JAMB,Physics,1997,"Two bodies X and Y are projected on the same
horizontal plane, with the same initial speed but at
angles 30o and 60o respectively to the horizontal.
Neglecting air resistance, the ratio of the range of
X to that of Y is",1: 1,1 : 2,3 : 1,1 : 3,,,
JAMB,Physics,1997,"Which of the following with respect of a body
performing simple harmonic motion are in phase?",Displacement and velocity of the body.,Displacement and force on the body,Velocity and acceleration f the body.,"Force acting on the body and the
acceleration.",,,
JAMB,Physics,1997,"A body of mass 2 kg moving vertically upwards
has its velocity increased uniformly from 10 ms-1 to 40 ms-1 in 4s. Neglecting air resistance, calculate
the upward vertical force acting on the body.",15N,20N,35N,"45N
[g = 10 ms-2]",,,
JAMB,Physics,1997,"A planet has mass m1 and is at a distance r1 from
the sun. A second planet has mass m2 = 10m1 and
is at a distance of r2 = 2r1 from the sun. Determine the ratio of the gravitational force experienced by the
planets.",1 : 5,2 : 5,3 : 5,4 : 5,,,
JAMB,Physics,1997,"For what value of Q are the forces in the diagram above in
equilibrium?",15o,30o,45o,60o,,,
JAMB,Physics,1997,"The figure above shows a block of mass m
sliding down a rough inclined plane QP at angle
Q. The forces acting on the block along the
plane QP are",mg sin Q and the normal reaction,mg sin Q and the force of friction,mg cos Q and the normal reaction,mg cos Q and the force of friction.,,,
JAMB,Physics,1997,"A uniform light bean XZ is hinged at X and kept in
equilibrium by the forces T and F as shown in the
diagram above. If XO = 20 cm and OY = 30cm,
express T in terms of F.","T = 2 3 F
3",T = 2F,"T = 5 3 F
3",T = 5F,,,
JAMB,Physics,1997,"An object of mass 100 g projected vertically
upwards from the ground level has a velocity of 20
ms-1 at a height of 10 m. Calculate its initial kinetic
energy at the ground level.",10 J,20 J,30 J,"50J
[g = 10 ms-2; neglect air resistance]",,,
JAMB,Physics,1997,"An electric water pump rated 1.5 KW, lifts 200kg of
water through a vertical height of 6 metres in 10
seconds. What is the efficiency of the pump?",90.0%,85.0%,80.0%,"65.0%
[g = 10ms-2; neglect air resistance]",,,
JAMB,Physics,1997,"è W For a rough inclined plane on which lies a body of
weight W, the angle è in the diagram above
becomes the angle of friction if",tan Q = coefficient of static friction,cos Q = coefficient of dynamic friction,sin Q = coefficient of sliding friction,sec Q = limiting frictional force.,,,
JAMB,Physics,1997,"A load of 20 N on a wire of cross-sectional area
8 x 10-7m-2, produces an extension of 10-4m.
Calculate Young’s modulus for the material of the
wire if its length is 3 m.",7.0 x 1011 Nm-2,7.5 x 1011 Nm-2,8.5 x 1011 Nm-2,9.0 x 1011 Nm-2,,,
JAMB,Physics,1997,"A cube of sides 0.1 m hangs freely from a string.
What is the up thrust on the cube when totally
immersed in water?",1000N,700N,110N,"10N
[Density of water is 1000 kg m-3, g = 10 ms-2]",,,
JAMB,Physics,1997,"A piece of wire guaze can be made to lie on water
because",the wire guaze is less dense than water,"the water molecules repel the wire guaze
upwards.","the water surface has the effect of an
elastic thin skin","of the cohesive forces between the
water and the wire guaze molecules.",,,
JAMB,Physics,1997,"A liquid of mass 1.0 X 103 kg fills rectangular tank
of length 2.5 m and width 2.0 m. If the tank is 4 m
high, what is the pressure at the middle of the tank?",1.0 X 104 Nm-2,2.0 X 103 Nm-2,1.5 X 103 Nm-2,1.0 X 103 Nm-2 (g = 10m/52),,,
JAMB,Physics,1997,"An empty 60 litre petrol tank has a mass of 10 kg. It
mass when full of fuel of relative density 0.72 is",7.2 k,33.2 kg,43.2 k,53.2 kg,,,
JAMB,Physics,1997,"The length of mercury thread when it is at 0oC,
100oC and at an unknown temperature è is 25 mm,
225mm and 174mm respectively. The value of is",85.0oC,80.0oC,75.0oC,70.0oC,,,
JAMB,Physics,1997,"Equal masses of copper and rubber are raised to
the same temperature. After sometimes, the copper
was observed to be at a lower temperature because","the specific heat capacity of copper is
lower than that of rubber",copper expands more than rubber,"the specific heat capacity of rubber is
lower than that of copper",rubber expands more than copper.,,,
JAMB,Physics,1997,"Before starting a journey, the tyre pressure of a car
was 3 X 105 Nm-2 at 27oC. At the end of the journey,
the pressure rose to 4 X 105 Nm-2. Calculate the
temperature of the tyre after the journey assuming
the volume is constant.",400oC,300oC,273oC,127oC,,,
JAMB,Physics,1997,"A mass of a liquid at 300oC is mixed with a mass of
the same liquid at 70oC and the temperature of the
mixture is 45oC. Find the ratio of the mass of the
cold liquid to the mass of the other liquid.",3 : 5,5 : 3,3 : 7,7 : 3,,,
JAMB,Physics,1997,"A heating coil rated at 1000 W is used to boil off
0.5 kg of boiling water. The time taken to boil off
the water is",1.15 X 109 s,1.15 X 107 s,1.15 X 105 s,"1.15 X 103 s
[Specific latent heat of vaporization of
water = 2.3 X 106 J kg-1]",,,
JAMB,Physics,1997,"What happens when a certain quantity of pure ice
is completely changed to water at 0oC?","Latent heat is absorbed, the mass remains
constant and the volume decreases.","Latent heat is given out, the mass remains
constant and the volume decreases.","Latent heat is given out, the mass
increases and the volume remains
constant.","Latent heat is absorbed, the mass
decreases and the volume increases.",,,
JAMB,Physics,1997,"The correct cooling curve for a molten substance
such as naphthalene is represented by",Temp. oC Time (min),Temp. oC Time (min),Temp. oC Time (min),,,,
JAMB,Physics,1997,"What happens when a gas expands at a constant
temperature?",It pressure decreases.,"The total momentum of its molecules
remains constant.","Its pressure decreases and the total
momentum of its molecules remains
constant.","Its pressure decreases and the total
kinetic energy of its molecules
decreases.",,,
JAMB,Physics,1997,"Ripples on water and light waves are similar
because both",have the same frequency,can be refracted and diffracted,are longitudinal waves,have the same velocity.,,,
JAMB,Physics,1997,"Under constant tension and constant mass per
unit length, the note produced by a plucked string
is 500 Hz when the length of the string is 0.90 m. At
what length is the frequency 150 Hz?",3 m,4 m,5 m,6 m,,,
JAMB,Physics,1997,"The colours seen in thin films of oil on the road
and in soap bubbles are due to",Reflection,Interference,Diffraction,Polarization.,,,
JAMB,Physics,1997,"The diagram above shows two waveforms P and
Q at a particular instant of time. The two waves
will interfere","destructively to produce a wave of a
larger amplitude","destructively to produce a wave of a
smaller amplitude","constructively to produce a wave of a
larger amplitude","constructively to produce a wave of a
smaller amplitude.",,,
JAMB,Physics,1997,"If the load at the end of a sonometer wire is
immersed in a bucket of water, the original
fundamental frequency of the wire could be
restored by",decreasing the length of the wire,increasing the length of the wire,increasing the mass per unit of the wire,changing the temperature of the water. Sun,,,
JAMB,Physics,1997,"Moon
Earth X When the sun, the moon and the earth are as
shown in the diagram above, an observer
standing at X is in",penumbra and sees a partial eclipse,penumbra and sees a total eclipse,umbra and sees a partial eclipse,umbra and sees a total eclipse.,,,
JAMB,Physics,1997,"A boy on looking into a mirror observed that his
face appeared to have grown bigger. The boy
must have been looking at a",convex mirror with his face at the focus,"concave mirror with his face between
the focus and the mirror.","concave mirror with his face at the
focus","convex mirror with his face between the
focus and the mirror.",,,
JAMB,Physics,1997,"Light of velocity 3.0 x 108 ms-1 is incident on a
material of refractive index n. If the velocity of light
is reduced to 2.4 X 108 ms-1 in the material, what is
n?",2.33,2.25,1.33,1.25,,,
JAMB,Physics,1997,"A patient with a sight defect has a distance of
distinct vision of 150 cm. For him to be able to read
a material placed at a distance of 25 cm, what is the
focal length of the glasses he should wear?",15.0 cm,17.6 cm,21.4 cm,30.0 cm,,,
JAMB,Physics,1997,"The electromagnetic waves that are sensitive to
temperature changes are",X-rays,gamma-rays,ultra-violet rays,infra-red rays.,,,
JAMB,Physics,1997,"In the diagram above, which of the anglesQ1, Q2,
Q3, and Q4 is the angle of deviation of a ray of light
through the glass prism, XYZ?",Q3,Q2,Q1,Q4,,,
JAMB,Physics,1997,"Which of the figures below showed the correct
distribution of charges on an isolated positively
charged hollow metal?",,,"+
+ +
+ + +
+ + + + + + + + + + +
+
+ +
+ + + + +
+ +
++
++
+++
+","+
+ + +
+
+ +
+",,,
JAMB,Physics,1997,"Three electric cells each of e.m.f. 1.5V and internal
resistance 1.0 Ohms are connected in parallel
across an external resistance of T Ohms!. Calculate
the value of the current in the resistor.",0.5 A,0.9 A,1.5 A,4.5 A,,,
JAMB,Physics,1997,"A galvanometer of internal resistance 50 Ohms has
a full scale deflection for current of 5 mA. What is
the resistance required to convert it to a voltmeter
with full scale deflection of 10V?",1 750 Ohms,1 950 Ohms,2 000 Ohms,2 500 Ohms,,,
JAMB,Physics,1997,"If 8 X 10-2 J of work is required to move 100 ìC of
charge from a point X to a point Y in an electrical
circuit, the potential difference between X and Y
if",4.0 X 102 V,4.0 X 104 V,8.0 X 102 V,8.0 X 104 V,,,
JAMB,Physics,1997,"In a metre bridge experiment, two resistors 2 &!
and 3 Ohms occupy the left and right gaps respectively. Find the balance point from the left
side of the bridge.",20 cm,40 cm,60 cm,80 cm,,,
JAMB,Physics,1997,"Two 50 uF parallel plate capacitors are connected
in series. The combined capacitor is then
connected across a 100-V battery. The charge on
each plate of the capacitor is",5.00 X 10-5,"2.50 X 10-3 C
C.
1.25 X 10-3 C",,1.00 X 10-2 C,,,
JAMB,Physics,1997,"What is the total electrical energy consumed by
using an electric cooker rated 1000 W for 5 hrs?",5.3 X 103 J,6.5 X 103 J,1.8 X 107 J,2.3 X 107 J,,,
JAMB,Physics,1997,"The power dissipated in an a.c. circuit with an
r.m.s. current of 5A, r.m.s. voltage of 10 V and a
phase angle of 60o is",25 W,50 W,120 W,125 W,,,
JAMB,Physics,1997,"The voltage of the domestic electric supply is
represented by the equation
V = 311 sin 314.2t.
Determine the frequency of the a.c. supply.",50.0 Hz,100.0 Hz,311.0Hz,"314.2 Hz
[ = 3.142]",,,
JAMB,Physics,1997,"In a purely inductive circuit, the current",lags behind the voltage in phase by 90o,lead the voltage in phase by 90o,is in the same phase with the voltage,leads the voltage by 180o.,,,
JAMB,Physics,1997,One of the features of the fission process is that,Its products are not radioactive,It leads to chain reaction,Neutrons are not released,"The sum of the masses of the reactants
equals the sum of the masses of the
products.",,,
JAMB,Physics,1997,"The graphite rods surrounding the uranium fuel
rods in a nuclear reactor, are used to","Absorb the neutrons and hence halt the
nuclear process","Create the neutrons and hence start up
the nuclear process.","Slow down the neutrons and hence
sloe\w the nuclear process.","Speed up the neutrons and hence speed
up the nuclear process.",,,
JAMB,Physics,1998,"The physical quantity that has the same
dimensions as impulse is",Energy,Momentum,Surface tension,Pressure.,,,
JAMB,Physics,1998,"A ball is moving at 18ms-1 in a direction inclined
at 600 to the horizontal. The horizontal
component of its velocity is",9 3ms-1,6 3ms-1,6 3ms-1,9ms-1,,,
JAMB,Physics,1998,"A body on the ground is acted on by a force of
10N at a point P as shown in the diagram above.
What force is needed to stop the body from moving
eastward?",5N in the direction of East,5N in the direction of West,"5""3N in the direction of West.",10N in the Southwest direction.,,,
JAMB,Physics,1998,"In free fall, a body of mass 1kg drops from a height
of 125m from rest in 5s. How long will it take another
body of mass 2kg to fall from rest from the same
height?",55,105,125,"155
(g = 10ms-2)",,,
JAMB,Physics,1998,"A ball of mass 0.15kg is kicked against a rigid
vertical wall with a horizontal velocity of 50ms-1,
calculate the impulse of the ball on the wall.",3.0Ns,4.5Ns,7.5Ns,12.0Ns,,,
JAMB,Physics,1998,"The force of attraction between two point masses
is 10-4N when the distance between them is 0.18m.
If the distance is reduced to 0.06m, calculate the
force.",1.1 x 10-5N,3.3 x 10-5N,3.0 x 10-4N,9.0 x 10-4N,,,
JAMB,Physics,1998,"In an experiment, a constant force is applied to
several masses (m) and the corresponding
accelerations (a) are measured. Which of the
following graphs correctly represents the
experiment?",III and IV only,II and IV only,I and III only,I and II only,,,
JAMB,Physics,1998,"A uniform metre rule weighting 0.5N is to be pivoted
on a knife-edge at the 30cm-mark. Where will a
force of 2N be placed from the pivot to balance the
metre rule?",95cm,25cm,20cm,5cm,,,
JAMB,Physics,1998,"A bullet fired at a wooden block of thickness 0.15m
manages to penetrate the block. If the mass of the
bullet is 0.025kg and the average resisting force of
the wood is 7.5 x 103N, calculate the speed of the
bullet just before it hits the wooden block.",450 ms-1,400 ms-1,300 ms-1,250 ms-1,,,
JAMB,Physics,1998,"A man whose mass is 80kg climbs a staircase in
20s and expends a power of 120W. Find the height
of the staircase.",1.8m,2.0m,2.5m,"3.0m
[g = 10ms-2]",,,
JAMB,Physics,1998,A parachute attains a terminal velocity when,Its density is equal to the density of air,"The viscous force of the air and the
upthrust completely counteract its
weight.","It expands as a result of reduced external
pressure","The viscous force of the is equal to the
sum of the weight and upthrust.",,,
JAMB,Physics,1998,"In a wheel and axle mechanism, the diameters of
the wheel and axle are 40cm and 8cm respectively.
Given that the machine is 80% efficient, what effort
is required to lift a load of 100N?",20 N,25 N,50 N,80 N,,,
JAMB,Physics,1998,"The tendon in a man’s leg is 0.01m long. If a force
of 5N stretches the tendon by 2.0 x 10-5m, calculate
the strain on the muscle.",5 x 106,5 x 102,2 x 10-3,2 x 10-7,,,
JAMB,Physics,1998,"Which of these statements are correct for the
pressures in liquids?
I
Pressure in a liquid at a point acts equally
in all directions
II
Pressure increases with depth
III
Pressure at a depth depends on the shape
of the container.
IV
Pressures at the same depth in different
liquids are proportional to the densities
of the liquids.","I, II and III only","I, II and IV only","I, III and Iv only","II, III and IV only.",,,
JAMB,Physics,1998,"The atmospheric pressure due to water is 1.3 x 106 Nm-2. What is the total pressure at the bottom of
an ocean 10m deep?",1.3 x 107 Nm-2,1.4 x 106 Nm-2,1.4 x 105 Nm-2,1.0 x 105 Nm-2,,,
JAMB,Physics,1998,"A solid of weight 0.600N is totally immersed in oil
and water respectively. If the upthrust in oil is
0.210N and the relative density of oil is 0.875 find
the upthrust in water.",0.6000N,0.360N,0.240N,0.180N,,,
JAMB,Physics,1998,"A platinum resistance thermometer records 3.0Ù
at 00C and 8.0 Ù at 1000C. If it records 6.0Ù in a
certain environment, the temperature of the medium
is",800C,600C,500C,300C,,,
JAMB,Physics,1998,"The linear expansivity of brass is 2 x 10-5C-1. If the
volume of a piece of brass is 15.00 cm3 at 00C, what
is the volume at 1000C?",16.03cm3,16.00cm3,15.09cm3,15.03cm3,,,
JAMB,Physics,1998,"A gas has a volume of 100cm3 at 270C. If it is heated
to temperature T until a final volume of 120cm3
is attained, calculate T.",330C,600C,870C,1140C,,,
JAMB,Physics,1998,"A 500W heater is used to heat 0.6kg of water from
250C to 1000C in t1 seconds. If another 1000W heater
is used to heat 0.2kg of water from 100C to 1000C in
t2 seconds, find t1 . t2",50,5,5/4,1/5,,,
JAMB,Physics,1998,"How many grams of water at 170C must be added
to 42g of ice at 00C to melt the ice completely?",200g,300g,320g,"400g
[Specific latent heat of fusion of ice = 3.4 x 105Jkg-1,
Specific heat capacity of water = 4200 Jkg-1K-1]",,,
JAMB,Physics,1998,A vapour is said to be saturated when,"More molecules return to the liquid than
the amount that left it.","A dynamic equilibrium exist between the
molecules of the liquid and the vapour
molecules at a given temperature.","The vapour pressure is equal to the
atmospheric pressure","All molecules are moving with the same
speed in all directions at a given
temperature.",,,
JAMB,Physics,1998,"One valid assumption of the kineic theory of gases
is that","the molecules of a gas are constantly in state
of motion and the number of collisions remain
constant.","The number of molecules of gas increases with
increasing pressure","As the temperature increases, the number of
collisions made by the gas molecules remain
constant.","The molecules of gas are all identical and are
very small in size.",,,
JAMB,Physics,1998,"The physical properties of sound waves can best
be described by",Reflection and diffraction,Polarization and reflection,Polarization and diffraction,Polarization and refraction,,,
JAMB,Physics,1998,"The velocity of a sound wave at 270C is 360ms-1.
Its velocity at 1270C is",120 3ms-1,240ms-1,240 3ms-1,720 3ms-1,,,
JAMB,Physics,1998,"In a closed organ pipe producing a musical note,
an antinode will always be produced at",The closed end,The open end,The middle,All the parts of the pipe.,,,
JAMB,Physics,1998,"A steel wire of length 0.50m is stretched between
two fixed points and its fundamental frequency is
200Hz. The speed of the wave in the wire is",100 ms-1,120 ms-1,200 ms-1,250 ms-1,,,
JAMB,Physics,1998,"In a resonance tube experiment, if the fundamental
frequency of the vibrating air column is 280Hz, the
frequency of the third overtones is",70Hz,840Hz,1 120Hz,1 960Hz,,,
JAMB,Physics,1998,"An object O lies at a distance m in front of a
concave mirror of the focal length f. If m<f, then
the final image obtained will be",Virtual and diminished,Magnified and erect,Real and inverted,Diminished and erect.,,,
JAMB,Physics,1998,"An object is placed in front of two plane mirrors
inclined at an angle è0. If the total number of images
formed is 7, find the value of è?",300,450,510,900,,,
JAMB,Physics,1998,"The most suitable type of mirror used for the
construction of a searchlight is the",Concave mirror,Convex mirror,Spherical mirror,Parabolic mirror.,,,
JAMB,Physics,1998,"The displacement d produced in a glass block of
thickness t and refractive index n when an object
is viewed through it is",t – n,t(1 + 1/n),t(1 – 1/n),t(1/n – 1),,,
JAMB,Physics,1998,"The correct shape of the graph of uv against
(u + v) for an object distance u and image distance
v in n experiment to find the focal length of a convex
lens is given as",,,,,,,
JAMB,Physics,1998,"A man wears convex lens glasses of focal length
30cm in order to correct his eye defect. Instead of
the optimum 25cm, his least distance of distinct
vision is",14cm,28cm,75cm,150cm,,,
JAMB,Physics,1998,"Which of the following are true about infra-red
radiation?
I
It is invisible
II
It is called heat ray
III
Its frequency is higher than that of blues
light
IV
It travels as a transverse wave.","I, II, III and IV.","I, II and Iv only","I, III and IV only.","II, III and IV only.",,,
JAMB,Physics,1998,"The force of repulsion between two point positive
charges 5uC and 8uC separated at a distance of
0.02m apart is",1.8 x 10-10N,9.0 x 10-8N,9.0 x 102N,4.5 x 103N,,,
JAMB,Physics,1998,"An ebonite rod rubbed with fur attracts a glass
rod rubbed with silk because","Ebonite has a negative charge while glass has
a positive charge","Ebonite has a positive charge while glass has
a negative charge",Both have negative charges,Both have positive charges.,,,
JAMB,Physics,1998,"Which of the following diagrams show the
correction of the magnetic lines of force of a vertical
wire XY carrying a current I?",,,,,,,
JAMB,Physics,1998,"Which of the following can be used to reduce local
action in a Leclanche cell?",A carbon rod as the positive pole.,Pure zinc as the negative pole.,"Potassium permanganate solution in
contact with the positive pole.",Common salt solution.,,,
JAMB,Physics,1998,"The total resistance measured at PQ in the diagram
above is",18.0 Ohms,11.0 Ohms,4.0 Ohms,2.0 Ohms,,,
JAMB,Physics,1998,"Find the work done in moving a 2C charges between
two points X and Y in an electric field if the
potential difference is 100 volts.",50J,100J,200J,400J,,,
JAMB,Physics,1998,"A parallel capacitor has a common plate area of 5 x
10-8m-2 and plate separation of 2 x 103m. Assuming
free space, what is the capacitance?",2.25 x 10-17F,4.50 x 10-17F,2.25 x 10-16F,4.50 x 10-16F,,,
JAMB,Physics,1998,"The iron core of an induction coil is made from
bundles of wires so as to",Minimize eddy-currents,Generate eddy-currents,Prevent sparking at the contact breaker,"Get the greatest possible secondary
voltage.",,,
JAMB,Physics,1998,"Electricity is supplied to a school along a cable of
total resistance 0.5 Ù with the maximum current
drawn from the mains as 100A. the maximum energy
dissipated as heat for 1hr is",3.6 x 103J,5.0 x 103J,3.0 x 105J,1.8 x 107J,,,
JAMB,Physics,1998,"In the a.c. circuit diagram above, the resonance
frequency is",5000ðHz,2500ðHz,5000/ðHz,2500/ðHz,,,
JAMB,Physics,1998,"A transformer which can produce 8V from a 240V
a.c. supply, has an efficiency of 80%. If the current
in the secondary coil is 15A, calculate the current
in the primary coil.",0.625A,1.600A,2.500A,6.250A,,,
JAMB,Physics,1998,"The electrochemical equivalent of metal is 1.3 x 10- 7kgC-1. The mass of the metal which 2.0 x 104C of
electricity will deposit from a suitable electrolyte
is",6.5 x 10-2kg,2.6 x 10-2kg,6.5 x 10-3kg,2.6 x 10-3kg,,,
JAMB,Physics,1998,"A radioactive substance has a half-life of 80 days.
If the initial number of atoms in the sample is 6.0 x
1010, how many atoms would remain at the end of
320 days?",3.75 x 109,7.50 x 109,3.00 x 1010,5.63 x 1010,,,
JAMB,Physics,1998,"In a nuclear fusion experiment, the loss of mass
amounts to 1.0 x 10-6kg. The amount of energy
obtained from the fusion is",3.0 x 10-4J,3.0 x 10-1J,9.0 x 104J,"9.0 x 1010J
[Speed of light = 3.0 x 108ms-1]",,,
JAMB,Physics,1998,"In photoelectric effect, electrons will leave the
metal surface when illuminated by light of
appropriate frequency if the photon energy is",Greater than the work function.,Less than the work function,Equal to the work function,"Equal to the maximum kinetic energy of
the electrons.",,,
JAMB,Physics,1999,"A car of mass 800kg attains a speed of 25ms-1 in 20
seconds. The power developed in the energy is",1.25 x 104 W,2.50 x 104W,1.25 x 106 W,2.50 x 106 W,,,
JAMB,Physics,1999,"A lead bullet of mass 0.05kg is fired with a velocity
of 200ms-1 into a lead block of mass 0.95 kg. Given
that the lead block can move freely, the final kinetic
energy after impact is",50 J,100 J,150 J,200 J,,,
JAMB,Physics,1999,"A ball of mass 0.1kg is thrown vertically upwards
with a speed of 10 ms-1 from the top of a tower 10m
high. Neglecting air resistance, its total energy just
before hitting the ground is",5 J,10 J,15 J,"20 J
[g = 10ms-2].",,,
JAMB,Physics,1999,"The figure above represents a frictionless pulley
system in which a weight W is in equilibrium with
a weight of 40N. Find the value of W",13.1 N,20.0 N,40.0 N,80.0 N,,,
JAMB,Physics,1999,"The diagram above shows a solid figure with base
PQ and centre gravity G on an inclined plane.
Which of the following statements is correct?","The solid will fall over if the vertical line
through G lies outside the base.","The solid will fall over if the vertical line
through G lines inside the base.","The solid will not fall over if the vertical
line through G lies outside the base.",The solid can never fall over.,,,
JAMB,Physics,1999,"Two bodies have masse in the ratio 3 : 1. They
experience forces which impart to them
accelerations in the ratio 2: 9 respectively. Find the
ratio of the forces the masses experience.",1 : 4,2 : 1,2 : 3,2 : 5.,,,
JAMB,Physics,1999,"The diagram above shows the velocity-time graph
of a vehicle. Its acceleration and retardation
respectively are","8.0 ms-2, 4.0 ms-2,","4.0 ms-2, 8.0 ms-2,","4.0 ms-2, 2.0 ms-2,","2.0 ms-2, 4.0 ms-2",,,
JAMB,Physics,1999,"A particle of mass 10-2kg is fixed to the tip of a fan
blade which rotates with angular velocity of 100
rad s-1. If the radius of the blade is 0.2m, the
centripetal force is",2 N,20 N,200 N,400 N,,,
JAMB,Physics,1999,"The inner diameter of a small test tube can be
measured accurately using a",Micrometer screw guage,Pair of dividers,Metre rule,Pair of vernier calipers.,,,
JAMB,Physics,1999,"A gas at a volume V0 in a container at pressure P0,
is compressed to one fifth of its volume. What will
be its pressure if it maintains its original
temperature T?",Po/5,4/5 P0,P0,5P0,,,
JAMB,Physics,1999,"A piece of substance of specific heat capacity 450
J kg-1 K-1 falls through a vertical distance of 20m
from rest. Calculate the rise in temperature of the substance on hitting the ground when all its
energies are converted into heat.",2/90C,4/90C,9/40C,"9/20C
[g = 10 ms-2].",,,
JAMB,Physics,1999,"The diagram above shows a lift pump with valves
at P and Q. during a downward stroke of the piston,",Both valves are open,P is open while Q is closed,P is closed while Q is open,Both valves are closed.,,,
JAMB,Physics,1999,"In the J – tube above, Y and X are on the same
horizontal level and 30cm3 of air is trapped above
Y when the atmospheric pressure is 75cm Hg.
Calculate the volume of air trapped above Y when
15cm Hg is now poured into the limb above X.",15 cm3,25 cm3,35 cm3,45 cm3,,,
JAMB,Physics,1999,"If the stress on a wire is 107 Nm-2 and the wire is
stretched from its original length of 10.00cm to 10.05
cm. The young’s modulus of the wire is",5.0 x 104 Nm-2,5.0 x 105 Nm-2,2.0 x 108 Nm-2,2.0 x 109 Nm-2,,,
JAMB,Physics,1999,"A solid weights 10.0N in air, 6.0 N when fully
immersed in water and 7.0 N when fully immersed
in a certain liquid X. Calculate the relative density
of the liquid.",5/3,4/3,¾,7/10,,,
JAMB,Physics,1999,"I.
A liquid boils when its saturated
vapour pressure is equal to the external
pressure.
II.
Dissolved substances in pure water lead
to increase in the boiling point.
III.
When the external pressure is increased,
the boiling point increases.
IV
Dissolved substances in pure water
decrease the boiling point.
Which combination of the above are peculiarities
of the boiling point of a liquid?","I, II and III","I, II, III and IV","I, II and IV","II, III and IV.",,,
JAMB,Physics,1999,"When the temperature of a liquid is increased, its
surface tension",Decreases,Increases,Remains constant,Increase then decreases.,,,
JAMB,Physics,1999,"When the brakes in a car are applied, the frictional
force on the tyres is","A disadvantage because it is in the direction
of motion of the car","A disadvantage because it is in the opposite
direction of motion of the car.","An advantage because it is in the direction of
motion of the car.","An advantage because it is in the opposite
direction of motion of the car.",,,
JAMB,Physics,1999,"The lowest note emitted by a stretched string has
a frequency of 400Hz. How many overtones are
their between 40Hz and 180 Hz?",4,3,2,1,,,
JAMB,Physics,1999,"A man stands 4m in front of a plane mirror. If the
mirror is moved 1m towards the man, the distance
between him and his image is",3m,5m,6m,10m,,,
JAMB,Physics,1999,"If a sound wave gors from a cold-air region to a
hot-air region, its wavelength",Increase,Decrease,Decrease then increase,Remain constant,,,
JAMB,Physics,1999,"The inside portion of part of a hollow metal sphere
of diameter 20cm is polished. The portion will therefore form a",Concave mirror of focal length 5 cm,Concave mirror of focal length 5 cm,Convex mirror of focal length 5 cm,Convex mirror of focal length 20cm.,,,
JAMB,Physics,1999,"The equation of a wave traveling along the positive
x-direction is given by y = 0.25 x 10-3 sin (500 t –
0.025 x). Determine the angular frequency of the
wave motion,",0.25 x 10-3 rad s-1,0.25 x 10-1rad s-1,5.00 x 102rad s-1,2.50 x 102rad s-1,,,
JAMB,Physics,1999,"Calculate the mass of ice that would melt when
2kg of copper is quickly transferred from boiling
water to a block of ice without heat loss",8/33kg,33/80kg,80/33kg,"33/8kg
[Specific heat capacity of copper = 400 J kg-1 K-1;
Latent heat of fussion of ice = 3.3 x 105 J kg-1]",,,
JAMB,Physics,1999,"The diagram above represents a transverse
electromagnetic wave traveling with speed 3.0 x
108ms-1. What is the frequency of the wave?",3.0 x 107 Hz,90 x 107 Hz,1.0 x 109 Hz,3.0 x 109 Hz,,,
JAMB,Physics,1999,"The temperature gradient across a copper rod of
thickness 0.02m, maintained a two temperature
junctions of 200C and 800C respectively is",3.0 x 102 Km-1,3.0 x 103 Km-1,5.0 x 103 Km-1,3.0 x 104 Km-1,,,
JAMB,Physics,1999,"The diagram above show a magnet X with its South
pole moved along a soft-iron bar PQ in the direction shown. After some time, the poles at P and Q
respectively are",North – North,North – South,South – North,South – South,,,
JAMB,Physics,1999,"Four cells each of e.m.f. 1.5 V and internal resistance
of 4 Ohms are connected in parallel. What is the
effective e.m.f. and internal resistance of the
combination?","6.0V, 16 Ohms","6.0V, 1 Ohms","1.5V, 4 Ohms","1.5V, 1 Ohms",,,
JAMB,Physics,1999,"In the circuit above, the ammeter reads a current of
5.0 A when R = 8 Ohms and reads 7.0 A when
R = 5 Ohms. The value of the unknown resistance
X is",10.0 Ohms,7.5 Ohms,5.0 Ohms,2.5 Ohms,,,
JAMB,Physics,1999,"An astronomical telescope is said to be in normal
adjustment when the",Eye is accommodated,"Focal length of objective lens is longer
than that of eye piece",Final image is at the near point of eye,Final image is at infinity.,,,
JAMB,Physics,1999,"Steel is more suitable for permanent magnet than
iron because the former",Is easily demagnetized by shaking vigorously,Is an alloy of many metals,"Is easily magnetized by alternating current
through one cycle",Retains magnetism more than iron.,,,
JAMB,Physics,1999,"The diagram above shows the prism arrangement
in a",Binocular,Spectrometer,Penscope,Projector,,,
JAMB,Physics,1999,"The velocities of flight air and glass are 3.0 x 108ms
and 2.0 x 108ms-1 respectively. If the angle of
refraction is 300, the sine of the angle of incidence
is",0.33,0.50,0.67,0.75,,,
JAMB,Physics,1999,"In the series a.c. circuit shown above, the p.d
across the inductor is 8Vr.m.s. The effective voltage
is",2V,10V,14V,48V,,,
JAMB,Physics,1999,"The core of an efficient transfoemer should consist
of laminated pieces of metal in order to","Increase the heat produced by increasing the
eddy current","Increase the heat produced by reducing the
eddy current","Reduce the heat produced by increasing the
eddy current","Reduce the heat produced by reducing the
eddy current.",,,
JAMB,Physics,1999,"In Fleming’s right-hand rule, the thumb, the
forefinger and the middle finger if held mutually at
right angles represent respectively, the","Motion, the field and induced current","Induced current, the motion and the field","Fireld, the induced current and the motion","Induced current, the field and the motion.",,,
JAMB,Physics,1999,"In the circuit above, the potential across each
capacitor is 100V. The total energy stored in the
two capacitors is",3.0 x 104 J,3.0 x 102 J,2.5 x 10-2 J,6.0 x 10-3 J,,,
JAMB,Physics,1999,"At what frequency would a 10 H inductor have a
reactance of 2000 ohms?",ð/200Hz,ð/100Hz,100/ðHz,100ðHz,,,
JAMB,Physics,1999,"A 3000 W electric cooker is to be used on a 200V
mains circuit. Which of the fuses below can be
used safely with the cooker?",2A,5A,10A,20A,,,
JAMB,Physics,1999,"A galvanometer has a resistance of 5 Ù. By using
a shunt wire of resistance 0.05 Ù, the galvanometer
could be converted to an ammeter capable of
reading 2","What is the current through the
galvanometer?
A.
2 mA",10 mA,20 mA,"25 mA 42. In the diagram above, if the internal resistance of
the cell is zero, the ratio of the power P1 and P2
dissipated by R1 and R2 respectively, is A.
R2
R1
B.
R1
R2
C.
R1 + R2
R1
D.
R1 + R2
R2",,,
JAMB,Physics,1999,"If x is the uncertainty in the measurement of
the position of a particle along the x-axis and “Px is
the uncertainty in the measurement of the linear
momentum along the x-axis, then the uncertainty
principle relation is given as",x Px >h,x Px = 0,x Px < h,x Px = 00,,,
JAMB,Physics,1999,"Na + Proton
X + alpha particle. What are the
values of p and q respectively in the equation
above?",10 and 20,12 and 24,20 and 10,24 and 12.,,,
JAMB,Physics,1999,"A semi-conductor diode is used in rectifying
alternating current into direct current mainly
because it",Allows current to flow in either direction,Is non-linear,Offers a high input resistance,Allows current to flow only in one direction.,,,
JAMB,Physics,1999,"In semi-conductors, the carriers of current at room
temperature are",Electrons only,Electrons and holes,Holes only,Electrons and ions,,,
JAMB,Physics,1999,"What is the speed of a particle of mass 10-27kg
whose wavelength is 10-8m?",6.63 ms-1,66.30 ms-1,663.00 ms-1,6630.00 ms-1 (h = 6.63 x 10-34 JS),,,
JAMB,Physics,1999,"In a series R-L-C circuit at resonance, the voltages
across the resistor and the inductor are 30 V and
40 V respectively. What is the voltage across the
capacitor?",30 V,40 V,50 V,70 V,,,
JAMB,Physics,1999,Gamma rays are produced when,"High velocity electrons are abruptly stopped
in metals","Energy changes occur within the nucleus
atoms","Energy changes occur within the electronic
structure of atoms","Electrons are deflected in very strong
magnetic fields.",,,
JAMB,Physics,1999,"In the Rutherford scattering experiment, a beam of
alpha particles was fired at a thin gold film with
some of the particles being considerably deflected.
This shows that","A gold nucleus contains protons, nuietrons
and electrons uniformly distributed in a tiny
volume.","The gold nucleus is positively charged and is
concentrated in a tiny volume",The gold nucleus emitted alpha particles,"The gold nucleus is concentrated in a tiny
volume and contains alpha particles.",,,
JAMB,Physics,2000,"A catapult used to hold a stone of mass 500g is
extended by 20cm with an applied force f. If the
stone leaves with a velocity of 40 ms-1, the value
of F is",4.0 x 104 N,4.0 x 103 N,2.0 x 103 N,4.0 x 102 N,,,
JAMB,Physics,2000,"A hand bag containing some load weighting 162N
is carried by two students each holding the handle
of the bag next to him. If each handle is pulled at 60
to the vertical, find the force on each student’s
arm",324 N,162 N,121 N,81 N,,,
JAMB,Physics,2000,"I.
The frictional force is
independent of the area of the surfaces
in contact,
II
The frictional force depends on the
nature of the surfaces in contact
III
The frictional force depends on the speed
sliding
IV
The frictional force is directly
proportional to the normal reaction
Which combination of the above is true of sliding
friction?","I, II and IV","I, II and III","I, III and IV","II, III and IV.",,,
JAMB,Physics,2000,"When a ship sails from salt water into fresh water,
the friction of its volume above the water surface
will",Remain the same,Increase,Decrease,Increase then decrease.,,,
JAMB,Physics,2000,"A simple pendulum has a period of 17.0s. When
the length is shortened by 1.5m, its period is 8.5s.
Calculate the original length of the pendulum.",1.5m,2.0m,3.0m,3.0m,,,
JAMB,Physics,2000,"At a fixed point below a liquid surface, the pressure
downward is P1 and the pressure upward is P2. It
can be deduced that",P1 = P2,P1 > P2,P1 < P2,P1 > P2,,,
JAMB,Physics,2000,"I.
Its velocity is constant
II
No work is done on the body
III
It has constant acceleration away from
the center
IV
The centripetal force is directed towards
the center.
Which combination of the above is true of a body
moving with constant speed in a circular track?",I and III,I and IV,II and III,II and IV,,,
JAMB,Physics,2000,"The velocity v of a particle in a time t is given by
the equation v = 10+2t2. Find the instantaneous
acceleration after 5 seconds.",10 ms-2,15 ms-2,20 ms-2,60 ms-2,,,
JAMB,Physics,2000,"If the force and the velocity on a system are each
reduced simultaneously by half, the power of the
system is",Doubled,Constant,Reduced to a quarter,Reduced by half.,,,
JAMB,Physics,2000,"The velocity ratio of a machine is 5 its efficiency is
75%. What effort would be needed to lift a load of
150N with the machine?",50 N,40 N,30 N,20 N,,,
JAMB,Physics,2000,"A rope is being used to pull a mass of 10kg
vertically upward. Determine the tension in the rope
if, starting from resr, the mass acquires a velocity
of 4ms-1 in 8.",105 N,95 N,50 N,5 N,,,
JAMB,Physics,2000,"A stream is flowing at 0.75ms-1 and at boat heading
perpendicular for the stream landed at the opposite
bank at an angle 300. Calculate the velocity of the
boat.",0.65 ms-1,0.86 ms-1,1.00 ms-1,1.50 ms-1,,,
JAMB,Physics,2000,"I.
Coherence
II
Same frequency
III
Same wavelength
IV
Same intensity.
Which of the conditions above are necessary to
produce interference fringes?","I, II and III","I, II and III","I, II and IV",II and III.,,,
JAMB,Physics,2000,"An engineer intends to deviate a light ray from its
path 1200 through reflection from plane mirror.
Calculate the angle of incidence.",200,300,400,600,,,
JAMB,Physics,2000,"Days 1
Day 2
Day 3 Dry
300C
290C
250C Wet
220C
220C
210C The readings above are for three consecutive days
from a wet and dry bulb hygrometer. It can be
concluded that the relative humidity for the three
days",Increased ssteadily,Remained unchanged,Was least on day 1,Decrease steadily,,,
JAMB,Physics,2000,"Total internal reflection occurs when light moves
from",Air to water,Water to glass,A dense medium to a less dense medium,A less dense medium to a dense medium,,,
JAMB,Physics,2000,"One end of a long wire is fixed while vibrator is
attached to the other end. When the vibrator is
energized, the types of waves generated in the
wire are",Stationary and transverse,Progressive,Stationary and longitudinal,Progressive and longitudinal.,,,
JAMB,Physics,2000,"A sonometer wire is vibrating at frequency f0. If
the tension in the wire is doubled while the length
and the mass per unit length are kept constant, the
new frequency of vibration is","f0
2",2 f0,"f0
2",f0 2,,,
JAMB,Physics,2000,"A boy observes a piece of stone at the bottom of a
river 6.0m deep. If he looks from the surface of the
river, what is the apparent distance of the stone
from him.",4.5 m,5.0 m,5.5 m,8.0 m,,,
JAMB,Physics,2000,"A metal of mass 0.5kg is heated to 1000C and then
transferred to a well-lagged calorimeter of heat
capacity 80J K-1 containing water of heat capacity
420JK-1 at 150C. If the final steady temperature of
the mixture is 250C, find the specific heat capacity
of the metal",92 J kg –1 K-1,133 J kg –1 K-1,286 J kg –1 K-1,887 J kg –1 K-1,,,
JAMB,Physics,2000,"The diagram above shows a maximum and minimum
thermometer divided into three portions P, Q and
R. Which of the following is true about the
respective contents of P, Q and R?","Alcohol, mercury and alcohol","Air, alcohol and mercury","Mercury, alcohol and mercury","Air, mercury and alcohol.",,,
JAMB,Physics,2000,"The main reason for making the cover of a vacuum
flask airtight is to prevent heat loss by",Conduction,Evaporation,Radiation,Convection,,,
JAMB,Physics,2000,"A travelling wave moving from left to right has an
amplitude of 0.15m, a frequency of 550Hz and a
wavelength of 0.01m. The equation describing the
wave is",y = 0.15 8In 200 ð (x – 5.5t),y = 0.15 8In ð (0.01x – 5.5t),y = 0.15 8In 5.5 ð (x – 200t),y = 0.15 8Inð (550 x – 0.01t),,,
JAMB,Physics,2000,"A transverse wave is applied to a string whose
mass per unit is 3 x 10-2kgm-1. If the string is under
a tension of 12N, the speed of propagation of the
wave is",40ms-1,30ms-1,20ms-1,5ms-1,,,
JAMB,Physics,2000,"A quantity of water at 00C heated to about 300C. At
each degree rise in temperature, its density will",Rise steadily,Rise then fall,Fall steadily,Fall then rise.,,,
JAMB,Physics,2000,"A thin wire with heavy weights attached to both
ends is hung over a block of ice resting on two
supports. If the wire cuts through the ice block
while the block remains solid behind the wire, the
process is called",Fusion,Sublimation,Condensation,Regelation,,,
JAMB,Physics,2000,"A cell of internal resistance 0.01 ohms can be
measured accurately using the",Ohm-meter,Potentiometer,Electroscope,Metre bridge,,,
JAMB,Physics,2000,"An electron of charge 1.6 x 10-19C and mass 9.1 x
10-31kg is accelerated between two metal plates with
a velocity of 4 x 107ms-1, the potential difference
between the plates is",4.55 x 101V,9.10 x 101V,4.55 x 102V,4.55 x 103V,,,
JAMB,Physics,2000,"In the diagram above, a beam of white light travels
from a rare to dense medium. What colours of light
do the rays a, b, c respectively represent.","Blue, yellow and red","Green, red and blue","Red, green and blue","Yellow, blue and red.",,,
JAMB,Physics,2000,"The diagram above shows two capacitors P and Q
of capacitances 5uF and 10 uF. Find the charges
stores in P and Q respectively.",200 uC and 100 uC,100 uC and 200 uC,4 uC and 2 uC,2 uC and 4 uC,,,
JAMB,Physics,2000,"What optical instrument can best be constructed
with converging lenses of focal lengths 500cm and
5cm?",Compound microscope,Terrestrial telescope,Astronomical telescope,Galileo’s telescope,,,
JAMB,Physics,2000,"If a charged ion goes through combined electric
and magnetic fields, the resultant emergent
velocity of the ion is",,"B.
EB","B
E",E – B,,,
JAMB,Physics,2000,"In the diagram above, the values of V1 and V2 are
respectively","1V and 1 V
3","1 V and 1V
3","1 V and 2 V
3
3","1V and 2 V
3",,,
JAMB,Physics,2000,"A projector lantern is used to give the image of a
slide on a screen. If the image is 24 times as large
as the slide and the screen is 72.0m from the
projecting lens, what is the position of the slide
from the lens?",4.0m,3.5m,3.0m,0.3m,,,
JAMB,Physics,2000,"A radio is operated by eight cells each of e.m.f.
2.0V connected in series. if two of the cells are
wrongly connected, the net e.m.f. of the radio is",16V,12V,10V,8V,,,
JAMB,Physics,2000,"A 2H inductor has negligible resistance and is
connected to a 50/ Hz a.c. supply. The reactance
of the inductor is",200 Ohms,50 Ohms,100 Ohms,25 Ohms,,,
JAMB,Physics,2000,"If the fraction of the atoms of a radioactive material
left after 120 years is 1/64 What is the half-life of the
material?",2 years,10 years,20 years,24 years,,,
JAMB,Physics,2000,"A certain readioactive source emits radiations that
were found to be deflected by both magnetic and
electric fields. The radiations are",x-rays,beta rays,gamma rays,ultra-violet rays,,,
JAMB,Physics,2000,"In a pure semicondctor, the number of electron in
the conduction band is","Equal to the number of holes in the valence
band","Greater than the number of holes in the
valence band","Less than the number of holes in the valence
band","Twice the number of holes in the valence
band.",,,
JAMB,Physics,2000,"A cell of internal resistance 1 ohms supplies
current to an external resistor of 3 ohms . The
efficiency of the cell is",75%,50%,33%,25%,,,
JAMB,Physics,2000,"Light energy 5eV falls on a metal of work function
3 ev and electrons are liberated. The stopping
potential is",15.0V,8.0V,2.0V,1.7V,,,
JAMB,Physics,2000,"In the thermonuclear reaction, the total initial mass
is 5.02 x 10-27kg. The energy released in the process
is",9.0 x 10-10J,9.0 x 10-11J,9.0 x 10-12J,9.0 x 10-13J,,,
JAMB,Physics,2000,"The magnetic flux in a coil having 200 turns changes
at the time rate of 0.08 Ws-1. The induced e.m.f. in
the coil is",1.6V,16.0V,25.0V,250.0V,,,
JAMB,Physics,2000,"If the frequency of an emitted x-rays is 1.6 x 1016 Hz, the accelerating potential is",6.6 V,66.3 V,663.0 V,6630.0 V,,,
JAMB,Physics,2000,"The correct position for a fuse in the diagram above
is",S,Q,P,"Between P
and Q",,,
JAMB,Physics,2000,"In the a.c. circuit above, the current value is",6.67 A,4.00 A,3.00 A,0.58 A,,,
JAMB,Physics,2000,"If current flows in the direction of the arrows in the
solenoid above, the North pole is at",P,X,Q,Y,,,
JAMB,Physics,2000,A gas would serve as an electrical conductor under,Reduced pressure and reduced potential,Reduced pressure and high current,Increased magnetic field,Exposure to visible light,,,
JAMB,Physics,2000,"An electric generator with a power output of 3.0kW
at a voltage of 1.5kV distributes power along cables
of total resistance 20.0 ohms. the power loss in the
cable is",0.1W,10.0W,40.0W,80.0W,,,
JAMB,Physics,2000,"A conductor of length 2m carries a current of 0.8A
while kept in a magnetic field of magnetic flux
density 0.5T. The maximum force acting on it is",8.0N,3.2N,0.8N,0.2N,,,
JAMB,Physics,2001,"In the diagram above, which of the simple pendulum
will resonate with P when set into oscillation?",T,U,R and T,Q and R,,,
JAMB,Physics,2001,"The height at which the atmosphere ceases to exist
is about 80km. If the atmospheric pressure on the
ground level is 760 mmHg, the pressure at a height
of 20km above the ground level is",380 mmHg,570 mmHg,190 mmHg,480 mmHg,,,
JAMB,Physics,2001,"A stone of mass 1 kg is dropped from a height of
10m above the ground and falls freely under
gravity. Its kinetic energy 5m above the ground is
then equal to",Its kinetic energy on the ground,Twice its initial potential energy,Its initial potential energy,Half its initial potential energy,,,
JAMB,Physics,2001,"The diagram above is a block-and-tackle pulley
system in which an effort of 80N is used to lift a
load of 240N. the efficiency of the machine is",60%,50%,40%,33%,,,
JAMB,Physics,2001,"If a spherical metal bob of radius 3cm is fully
immersed in a cylinder containing water and the
water level rises by 1cm, what is the radius of the
cylinder?",12cm,1cm,3cm,6cm,,,
JAMB,Physics,2001,"The resultant of two forces acting on an object is
maximum if the angle between them is",450,00,900,1800,,,
JAMB,Physics,2001,"I.
The earth is not spherical but
elliptical in shape
II
Variation in latitude and longitude
III
Rotation of the earth on its axis
IV
Variation in the density of the
earth
On which combination of the above does the
weight of an object vary on the earth’s surface?","I, II, III and IV","II, III and IV only","I, II and III only",I and II only.,,,
JAMB,Physics,2001,"The efficiency of a machine is always less than
100% because the","Work output is always greater than the work
input","Load lifted is always greater tan the effort
applied","Effort applied is always greater than the load
lifted","Velocity ratio is always greater than the
mechanical advantage.",,,
JAMB,Physics,2001,"Which of the following consists entirely of vector
quantities?","Velocity, magnetic flux and reaction.","Tension, magnetic flux and mass","Displacement, impulse and power","Work, pressure and moment.",,,
JAMB,Physics,2001,"Ice cubes are added to a glass of warm water. The
glass and water are cooled by",Conduction only,Convection only,Conduction and convection,Convection and radiation,,,
JAMB,Physics,2001,"A ray of light strikes a plane mirror at an angle of
incidence of 350. If the mirror is rotated through
100, through what angle is the reflected ray rotated?",700,450,250,200,,,
JAMB,Physics,2001,"Find the frequencies of the first three harmonic of
a piano string of length 1.5m, if the velocity of the
waves on the string is 120ms-1.","80 Hz, 80 Hz, 120 Hz","80 Hz, 160 Hz, 240 Hz","180 Hz, 360 Hz, 540 Hz","360 Hz, 180 Hz, 90 Hz
E.",,,
JAMB,Physics,2001,"The terrestrial telescope has one extra lens more
than the astronomical telescope. The extra lens is
for",Improving the sharpness,Creating an inverted image,Magnification of the image,Erection of the image,,,
JAMB,Physics,2001,"The driving mirror of a car has a radius of curvature
of 1m. A vehicle behind the car is 4m from the mirror.
Find the image distance behind the mirror.",8,4,9,"4
7
9
2
7",,,
JAMB,Physics,2001,"If a ray traveling in air is incident on a transparent
medium as shown in the diagram, the refractive
index of the medium is given as",Cos&,"Sin&
Sin B SinB",Cos B,"SinB
Sin &
Sin& The pressure of a mass of a gas changes from 300Nm-2 to
120Nm-2 while the temperature drops from 1270C to -73oc.
The ratio of the final volume to the initial volume is A.
2 : 5
B.
5 ; 4
C.
5 ; 2
D.
4 ; 5",,,
JAMB,Physics,2001,The pressure of a mass of a gas changes from 300Nm-2 to 120Nm-2 while the temperature drops from 1270C to -73oC. The ratio of the final volume to the initial volume is,2 : 5,5 : 4,5 : 2,4 : 5,,,
JAMB,Physics,2001,"A plane sound wave of frequency 85.5 Hz and
velocity 342 ms-1 is reflected from a vertical wall. At what distance from the wall does the wave have
an antinode?",2m,4m,1m,3m,,,
JAMB,Physics,2001,"A string is fastened tightly between two walls 24cm
apart. The wavelength of the second overtone is",24cm,16cm,12cm,8cm,,,
JAMB,Physics,2001,"A gas with initial volume of 2 x 10-6m3 is allowed to
expand to six times its initial volume at constant
pressure of 2 x 105Nm-2. The work done is",2.0J,4.0J,12.0J,1.2J,,,
JAMB,Physics,2001,"The thermometric substance of an absolute
thermometer is",Alcohol,Mercury,Helium,Platinum,,,
JAMB,Physics,2001,"A cell of internal resistance r supplies current to a
6.0 Ohms resistor and its efficiency is 75%. Find
the value of r",4.5 Ohms,1.0 Ohms,8.0 Ohms,2.0 Ohms,,,
JAMB,Physics,2001,"In the diagram above, the current I is",3/8A,9/11A,11/9A,8/3A,,,
JAMB,Physics,2001,"The diagram above shows two capacitors P and Q
of capacitances 2uF and 4 uF respectively connected to a.d.c. source. The ratio of energy
stored in P to Q is",4 : 1,2 : 1,1 : 4,1 : 2,,,
JAMB,Physics,2001,"A resistance R is connected across the terminal of
an electric cell of internal resistance 2Ohms and
the voltage was reduced to 3/5 of its nominal value.
The value of R is",3 Ohms,2 Ohms,1 Ohms,6 Ohms,,,
JAMB,Physics,2001,"The diagram above shows three capacitors C1, C2
and C3 of capacitances 2ìF, 6 ìF and 3 ìF
respectively. The potential differences across C1,
C2 and C3 respectively are","4V, 6V and 2V","2V, 6V and 4V","6V, 4V and 2V","6V, 2V and 4V",,,
JAMB,Physics,2001,"A student is at a height 4m above the ground during
a thunderstorm. Given that the potential difference
between the thundercloud and the ground is 107V,
the electric field created by the storm is",2.0 x 106NC-1,2.5 x 106NC-1,1.0 x 107NC-1,4.0 x 107NC-1,,,
JAMB,Physics,2001,"A working electric motor takes a current of 1.5A
when the p.d. across it is 250V. If its efficiency is
80%, the power output is",300.0W,469.0W,133.0W,4.8W,,,
JAMB,Physics,2001,"The cost of running five 60 W lamps and four 100W
lamps for 20 hours if electrical energy costs N10.00
per kWh is
A
N 280.00
B.
N 160.00
C.
N 120.00
D.
N 140.00",,,,,,,
JAMB,Physics,2001,"In a Daniel cell, the depolarize, positive and
negative electrodes are respectively","Copper sulphate, copper and zinc","Manganese dioxide, carbon and zinc","Sulphuric aicd, lead oxide and lead","Potassium hydroxide, nickel and iron",,,
JAMB,Physics,2001,"The diagram above shows a closed square box of
side 0.5m in a uniform electric field E in the direction
shown by the arrows. What is the flux for the box?",0.5,2.0 E,0.2 E,0.0 E,,,
JAMB,Physics,2001,"A bread toaster uses a current of 4A when plugged
in a 240 volts line. It takes one minute to toast
slices of bread. What is the energy consumed by
the toaster?",5.76 x 104J,1.60 x 104J,3.60 x 103J,1.60 x 102J,,,
JAMB,Physics,2001,"In the circuit diagram above, the ammeter reads a
current of 3A when R is 5 Ohms and 6A when R is
2 Ohms. Determine the value of x",8 Ohms,2 Ohms,10 Ohms,4 Ohms,,,
JAMB,Physics,2001,"When a piece of rectangular glass block is inserted
between two parallel plate capacitor, at constant
plate area and distance of separation, the
capacitance of the capacitor will",Increase,Decrease,"Decrease, then increase",Remain constant,,,
JAMB,Physics,2001,"The ratio of electrostatic force FE to gravitational
force FG between two protons each of charge e
and mass m, at a distance d is",e,e2,Gm2 4ne0Gm Gm2 4nE0e2,e2,,,
JAMB,Physics,2001,What is the angle of dip at the magnetic equator?,450,00,900,1800,,,
JAMB,Physics,2001,"A cell can supply currents of 0.4A and 0.2A through
a 4.0 Ohms and 10.0 Ohms resistors respectively.
The internal resistance of the cell is",2.0 Ohms,1.0 Ohms,2.5 Ohms,1.5 Ohms,,,
JAMB,Physics,2001,"Which of the following graphs correctly represents
the variation of mass of a given material deposited
with time for constant current in Faraday’s law of
electrolysis?",,,,,,,
JAMB,Physics,2001,"In the diagram above, determine the r.m.s. current",31A,48A,60A,80A,,,
JAMB,Physics,2001,"The particle emitted when 3
1
9
9K decays to 3
1
9
9K is",Gamma,Beta,Electron,Alpha,,,
JAMB,Physics,2001,"The current through a resistor in a.c. circuit is given
as 2 sin wt. Determine the d.c. equivalent of the
current","1 . A
2",2 2 A,2 A,,2 A,,
JAMB,Physics,2001,"I
Low pressure
II
High pressure
III
High potential difference
IV
Low potential difference Which combination of the above is true of the
conduction of electricity through gases?",I and IV only,I and III only,II and IV only,II and III only,,,
JAMB,Physics,2001,"Which of the following metals will provide the
greatest shield against ionizing radiation?",Iron,Manganese,Aluminium,Lead,,,
JAMB,Physics,2001,"The primary coil of a transformer has N turns and
is connected to a 120 V a.c. power line. If the
secondary coil has 1,000 turns and a terminal
voltage of 1,200 volts, what is the value of N?",120,100,"1,000","1,200",,,
JAMB,Physics,2001,The process of energy production in the sun is,Nuclear fission,Nuclear fusion,Electron collision,Radioactive decay,,,
JAMB,Physics,2001,"At resonance, the phase angle in an a.c. circuit is",900,600,00,1800,,,
JAMB,Physics,2001,"The force on a current carrying conductor in a
magnetic field is greatest when the",Conductor make an angle of 600 with the field,"Force is independent of the angle between
the field and the conductor",Conductor is parallel with the field,Conductor is at right angles with the field.,,,
JAMB,Physics,2001,A transistor functions mainly as a,Switch and an amplifier,Rectifier and an amplifier,Charge storer and an amplifier,Charge storer and switch.,,,
JAMB,Physics,2001,"Energy losses through eddy currents are reduced
by using",Low resistance wires,Insulated soft iron wires,Few turns of wire,High resistance wires,,,
JAMB,Physics,2001,"A capacitor of 20 x 10-12F and an inductor are joined
in series.. the value of the inductance that will give
the circuit a resonant frequency of 200 kHz is","1 H
16","1 H
8","1 H
64","1 H
32
[ 2 = 10]",,,
JAMB,Physics,2001,"The magnetic force on a charged particle moving
with velocity v is","Proportional to both the magnitude of the
charge and the velocity","Independent of the magnitude of the
charge",Proportional to the velocity v only,"Proportional to the magnitude of the
charge only.",,,
JAMB,Physics,2002,"Which of the following is the correct shape of the
velocity-time graph of a spherical steel ball dropped
into a viscous fluid in a tall cylinder? m/s
V m/s V t(s) t(s) V
V m/s
m/s t(s)
t(s)",,,,,,,
JAMB,Physics,2002,"A particle in circular motion performs 30 oscillations
in 6 seconds. Its angular velocity is",6 rad s-1,5 rad s-1,10 rad s-1,5 rad s-1,,,
JAMB,Physics,2002,"A copper cube weights 0.25N in air, 0.17N when
completely immersed in paraffin oil and 0.15N when
completely immersed in water. The ratio of upthrust
in oil to upthrust in water is",13 : 10,7 : 10,3 : 5,4 : 5,,,
JAMB,Physics,2002,"The hydrostatic blood pressure difference between
the head and feet of a boy standing straight is
1.65 x 104 Nm-2. Find the height of the boy.",1.5m,2.0m,0.6m,"0.5m
[Density of blood = 1.1 x 103 kgm-3, g = 10ms-2]",,,
JAMB,Physics,2002,"If the total force acting on a particle is zero, the
linear momentum will",Be constant,Increase,Increase then decrease,Decrease,,,
JAMB,Physics,2002,"The effect of a particle in a fluid attaining its
terminal velocity is that the","Buoyancy force is more than the weight
of the fluid displaced","Buoyancy force is equal to the viscous
retarding force",Acceleration is maximum,Weighting is equal to the retarding force.,,,
JAMB,Physics,2002,"Force R 0.2N
(N) Q 0.1N P E
F 0.05m
0.10m Extension The diagram above shows the force-extension
curve of a piece of wire. The energy stored when
the wire is stretched from E to F is",1.5 x 10-2 J,7.5 x 10-3 J,7.5 x 10-1 J,2.5 x 10-3 J,,,
JAMB,Physics,2002,"If the distance between two suspended masses
10kg each is tripled, the gravitational force of
attraction between them is reduced by",One ninth,One quarter,One third,One half,,,
JAMB,Physics,2002,"A wheel and axle is used to raise a load of 500 N by
the application of an effort of 250N. If the radii of
the wheel and the axle are 0.4cm and 0.1cm
respectively, the efficiency of the machine is",50%,60%,20%,40%,,,
JAMB,Physics,2002,"The diagram above shows the force (F) acting on
an object through a distance (x). The work done
on this object is expressed as","F J
x",Fx2 J,"Fx J
2",Fx J,,,
JAMB,Physics,2002,"A body weighting 80 N stands in an elevator that
is about to move. The force exerted by the floor on
the body as the elevator moves upwards with an
acceleration of 5ms-2 is",120N,40N,160N,"80N
[g = 10ms-2]",,,
JAMB,Physics,2002,"Two forces each of 10N act on a body, one towards
north and the other towards the east. The
magnitude and the direction of the resultant force
are","20N, 450 W","10 2N, 450 W","10 2N, 450","20N, 450 E",,,
JAMB,Physics,2002,"A ray of light which strikes a glass slab from air at
normal incidence passes through the slab",Undeviated and displaced at a faster speed,Undeviated and undisplaced at a lower speed,Deviated and undisplaced at a lower speed,Deviated and displaced at a lower speed.,,,
JAMB,Physics,2002,"Which of the following is a characteristic of
stationary waves?","The distance between two successive nodes
is one wavelength.","They are formed by two identical waves
traveling in opposite directions.","The antinode is a point minimum
displacement.",They can be transverse or longitudinal.,,,
JAMB,Physics,2002,"Which of the following eye defects can be
corrected using a cylindrical lens?",Presbyopia,Chromatic aberration,Myopia,Astigmatism,,,
JAMB,Physics,2002,"The property that is propagated in traveling wave
is",Amplitude,Wavelength,Frequency,Energy,,,
JAMB,Physics,2002,"A concave mirror of radius of curvature 40 cm
forms a real image twice as large as the object. The
object distance is",60 cm,40 cm,30 cm,10 cm,,,
JAMB,Physics,2002,"If tension is maintained on a stretched string of
length 0.6m, such that its fundamental frequency
of 220 Hz is excited, determine the velocity of the
transverse wave in the string.",264 ms-1,132 ms-1,66 ms-1,528 ms-1,,,
JAMB,Physics,2002,The radiator of a motor car is cooled by,Radiation and conduction,Radiation,Conduction,Convection,,,
JAMB,Physics,2002,"A coin placed below a rectangular glass block of
thickness 9cm and refractive index 1.5 is viewed
vertically above the block. The apparent
displacement of the coin is",5 cm,3 cm,8 cm,6 cm,,,
JAMB,Physics,2002,Blowing air over a liquid aids evaporation by,Decreasing its vapour pressure,Decreasing its density,Increasing its surface area,Increasing its temperature,,,
JAMB,Physics,2002,"The pressure of 3 moles of an ideal gas at a
temperature of 270C having a volume of 10-3m3 is",7.47 x 105 Nm-2,2.49 x 106 Nm-2,7.47 x 106 Nm-2,2.49 x 105 Nm-2 [R = 8.3 J mol-1 K-1],,,
JAMB,Physics,2002,"To produce an enlarged and erect image with a
concave mirror, the object must be positioned",Between the principal focus and the pole,"Between the principal focus and the
centre of curvature",Beyond the centre of curvature,At the principal focus.,,,
JAMB,Physics,2002,The colours seen in soap bubbles are due to,Refraction,Diffraction,Interference,Dispersion,,,
JAMB,Physics,2002,"The phenomenon that makes sound persist when
its source has been removed is known as",Reverberation,Acoustic vibration,Rarefaction,Echo,,,
JAMB,Physics,2002,"Vibrations in a stretched spring cannot be polarized
because they are",Longitudinal wave,Mechanical waves,Stationery waves,Transverse waves.,,,
JAMB,Physics,2002,"I.
Temperature
II
Density of air molecules
III
Pressure
IV
Pitch
Which of the above will affect the velocity of
sound air?","I, II and IV only",I and II only,"I, II, III and IV","II and IV
only.",,,
JAMB,Physics,2002,Water is poor thermometric liquid because it,Wets glass,Has low vapour pressure,Is opaque,Is a poor conductor,,,
JAMB,Physics,2002,"The time rate of loss of heat by a body is
proportional to the",Temperature of its surroundings,"Difference in temperature between the
body and its surrounding",Temperature of the body,"Ratio of the temperature of the body to
that of its surrounding.",,,
JAMB,Physics,2002,"An electric iron is rated 1 000 W, 230 V. What is the
resistance of its element?",57.6 Ohms,55.9 Ohms,51.9 Ohms,52.9 Ohms,,,
JAMB,Physics,2002,"The electric field between the two-point charges is shown in the diagram above. What types of
charges are at X and Y?",Both X and Y are positive,X is positive and Y is negative,X is negative and Y is positive,Both X and Y are negative.,,,
JAMB,Physics,2002,"The eye controls the mount of light reaching the
retina by adjusting the",Iris,Optic nerve,Cornea,Retina,,,
JAMB,Physics,2002,"An electric cell with nominal voltage E has a
resistance of 3 Ohms connected across it. If the
voltage falls to 0.6Volts, the internal resistance of
the cell is",2 Ohms,4 Ohms,1 Ohms,3 Ohms,,,
JAMB,Physics,2002,"When connected to a mains 250V, the fuse rating
in the plug of an electric device of 1kW is",5 A,4 A,3 A,2 A,,,
JAMB,Physics,2002,"The electromagnetic wave that can produce a
heating effect on the environment is",Gamma rays,X-rays,Ultraviolet rays,Infrared rays.,,,
JAMB,Physics,2002,"The energy stored in a capacitor of capacitance
10uF carrying a charge pf 100uC is",5 x 10-4 J,4 x 10-3 J,4 x 102 J,5 x 104 J,,,
JAMB,Physics,2002,"From the diagram above, determine the value of
the resistance X",15 Ohms,12 Ohms,9 Ohms,6 Ohms,,,
JAMB,Physics,2002,"Calculate the refractive index of the material for
the glass prism in the diagram above.","3
2","4
3","2
2",2,,,
JAMB,Physics,2002,"The particle that is responsible for nuclear fission
in a nuclear reactor is",Electron,Neutron,Photon,Proton,,,
JAMB,Physics,2002,"At what frequency would a capacitor of 2.5uF used
in a radio circuit have a reactance of 250Ohms?",200 Hz,"Hz
800",2000 Hz,800 Hz,,,
JAMB,Physics,2002,"The percentage of the original nuclei of a sample
of a radioactive substance left after 5 half-lives is",1 %,3 %,5 %,8 %,,,
JAMB,Physics,2002,"A current of 0.5 A flowing for 3 h deposits 2g of a
metal during electrolysis.. the quantity of the same
metal that would be deposited by a current of 1.5 A
flowing in 1h is",18 g,10 g,6 g,2 g,,,
JAMB,Physics,2002,"2
1
3
1Na + X 20
9F + 4
2He What particle is X in the reaction above?",Neutron,Alpha,Gamma,Beta,,,
JAMB,Physics,2002,"A transistor is used in the amplification of signals
because it",Allows doping,Controls the flow current,Contains electron and hole carriers,Consumes a lot of power,,,
JAMB,Physics,2002,"Which of the following statements is true of the
properties of a moving coil galvanometer?",It has a small number of turns of coil,"There is a strong permanent magnet to give
high magnetic flux",The coil ha a small area.,"There are strong hair springs to give a large
control couple",,,
JAMB,Physics,2002,"Pure silicon can be converted to a p-type material
by adding a controlled amount of",Pentavalent atoms,Trivalent atoms,Hexavalent atoms,Tetravalent atoms,,,
JAMB,Physics,2002,"From the generating station to each substation
power is transmitted at a very high voltage so as
to reduce",Heating in the coils,Magnetic flux leakage,Hysteresis loss,Eddy current loss.,,,
JAMB,Physics,2002,"Which of the following graphs shows the correct
vector diagram for the circuit above?",,,,,,,
JAMB,Physics,2002,"The energy associated with the photon of a radio
transmission at 3 x 105 Hz is",2.00 x 10-29 J,2.00 x 10-28 J,1.30 x 10-29 J,1.30 x 10-28 J,,,
JAMB,Physics,2002,"The carbon-granule microphone works on the
principle of change in",Capacitance,Voltage,Inductance,Resistance,,,
JAMB,Physics,2003,". 1. The figure above shows two velocities v1 and v2.
Which of the following diagrams correctly
represents the vector difference w = v1 – v2?",,,,,,,
JAMB,Physics,2003,"If an object just begins to slide on a surface inclined
at 300 to the horizontal, the coefficient of friction is","1
3","1
3",3,"3
3",,,
JAMB,Physics,2003,A satellite is in a parking orbit if its period is,More than the period of the earth,Equal to the period of the earth,The square of the period of the earth,Less than the period of the earth,,,
JAMB,Physics,2003,"What does not drop through an open umbrella of
silk material unless the inside of the umbrella is
touched",Osmotic pressure,Capillarity,Surface tension,Viscosity,,,
JAMB,Physics,2003,"A bead traveling on a straight wire is brought to
rest at 0.2m by friction. If the mass of the bead is
0.01kg and the coefficient of friction between the bead and the wire is 0.1, determine the work done
by the friction",2 x 10-3 J,2 x 102 J,2 x 10-4 J,"2 x 101 J
[g= 10ms-2]",,,
JAMB,Physics,2003,"The stylus of a phonograph record exerts a force
of 77. x 10-2 N on a groove of radius 10-5 m. Compute
the pressure exerted by the stylus on the groove.",2.42 x 109 Nm-2,4.90 x 108 Nm-2,2.45 x 108 Nm-2,3.45 x 108 Nm-2,,,
JAMB,Physics,2003,"A piece of stone attached to one end of a string is
whirled round in a horizontal circle and the string
suddenly cuts. The stone will fly off in a direction.",Tangential to the circular path,Perpendicular to the circular path,Towards the centre of the circle,Parallel to the circular path.,,,
JAMB,Physics,2003,"The length of a piece of glass block was measured
of a vernier caliper as shown above. The length of
the glass block is",1.65 cm,1.64 cm,1.66 cm,1.63 cm,,,
JAMB,Physics,2003,"A test tube of radius 1.0cm is loaded to 8.8g. If it is
placed upright in water, find the depth to which it
would sink.",25.2 cm,2.8 cm,28.0 cm,"5.2 cm
[g = 10ms-2 density of water 1 000kgm-3].",,,
JAMB,Physics,2003,"A 90cm uniform lever has a load of 30N suspended
at 15cm from one of its ends. If the fulcrum is at the
centre of gravity, the force that must be applied at
its other end to keep it in horizontal equilibrium is",20 N,30 N,60 N,15 N,,,
JAMB,Physics,2003,"On top of a spiral spring of force constant
500 Nm-1 is placed a mass of 5 x 10-3kg. If the spring
is compressed downwards by a length of 0.02m
and then released, calculate the height to which
the mass is projected",2 m,8 m,1 m,4 m,,,
JAMB,Physics,2003,"A hose of cross-sectional area 0.5m2 is used to
discharge water from a water thank at a velocity of
60ms-1 in 20s into a container. If the container is
filled completely, the volume of the container is",600 m3,6 000 m3,240 m3,2 400 m3,,,
JAMB,Physics,2003,"A force of 100N is used to kick a football of mass
0.8kg. Find the velocity with which the ball moves
if it takes 0.8s to be kicked.",100ms-1,32ms-1,"50ms-1
C.
64ms-1",,,,
JAMB,Physics,2003,"The phenomenon whereby the water droplets in
the atmosphere combine with dust particles in the
air to reduce visibility is",Fog,Hail,Mist,Cloud,,,
JAMB,Physics,2003,"Given that Young’s modulus for aluminium is
7.0 x 1010Nm-2 and density is 2.7 x 103kgm-3.
Find the speed of the sound produced if a solid
bar is struck at one end with a hammer?",3.6 x 103ms-1,5.1 x 103ms-1,2.8 x 103ms-1,4.2 x 103ms-1,,,
JAMB,Physics,2003,"Thermal equilibrium between two objects exists
when","The heat capacities of both objects are the
same","One objects loses heat continuously to the
other",The temperatures of both objects are equal,"The quantity of heat in both objects is the
same.",,,
JAMB,Physics,2003,"If the distance from a point source of sound is
doubled, by what factor does the density
decrease?",2.00,0.25,4.00,0.50,,,
JAMB,Physics,2003,"If an object is placed between two parallel plane
mirrors with their reflecting surfaces facing each
other, how many images of the object will be
formed?",Four,Two,Eight,infinite,,,
JAMB,Physics,2003,"A 2 000W electric heater is used to heat a metal
object of mass 5kg initially at 100C. If a temperature
rise of 300C is obtained after 10 min, the heat
capacity of the material is",1.2 x 104J0C-1,6.0 x 104J0C-1,8.0 x 103J0C-1,4.0 x 104J0C-1,,,
JAMB,Physics,2003,"By what factor will the size of an object placed
10cm from a convex lens be increased if the image
is seen on a screen placed 25cm from the lens?",2.5,1.5,0.4,15.0,,,
JAMB,Physics,2003,"On a fairly cool rainy day when the temperature is
200C, the length of a steel railroad track is 20m.
What will be its length on a hot dry day when the
temperature is 400C?",20.009 m,20.002 m,20.013 m,20.004 m,,,
JAMB,Physics,2003,"If 1.2 x 106J of heat energy is given off in 1 sec.
From a vessel maintained at a temperature gradient
of 30km-1, the surface area of the vessel is",1.0 x 103m2,1.0 x 102m2,9.0 x 104m2,9.0 x 102m2 [Thermal conductivity of the vessel = 400Wm-1 K-1],,,
JAMB,Physics,2003,"T0C
0
5
10
15
20 40 60
S.V.P(mmHg) 4.58 6.51 8.94 12.67 17.50 55.10 149.00 The table above shows the saturation vaour
pressure against temperature in a certain town. If
the vapour pressure in this town at 200C is 10mmHg,
what is the relative humidity?",57.0%,17.5%,10.0%,170.0%,,,
JAMB,Physics,2003,"At what position will an object be placed in front
of a concave mirror in order to obtain an image at
infinity?",At centre of curvature,"Between the principal focus and the
centre of curvature",At the pole of the mirror,At the principal focus,,,
JAMB,Physics,2003,"An open pipe closed at one end produces its first
fundamental note. If the velocity of sound in air is
v and l the length of the pipe, the frequency of the
note is",v/2l,2v/l,v/5l,v/4l,,,
JAMB,Physics,2003,"A tuning fork of frequency 340Hz is vibrating just
above a cylindrical tube of height 1.2m. If water is
slowly poured into the tube, At what maximum
height will resonance occur?",0.45 m,0.95 m,0.60 m,"0.50 m
[Speed of sound in air = 340ms-1]",,,
JAMB,Physics,2003,"A wire of 5 ohms resistance is drawn out so that its
new length is two times the original length. If the
resistivity of the wire remains the same and the
cross-sectional area is halved, the new resistance
is",20 Ohms,5 Ohms,40 Ohms,10 Ohms,,,
JAMB,Physics,2003,"A ray incident on a glass prism undergoes minimum
deviation when the",Refraction angle equals 900,"Incident angle is equal to the angle of
refraction","Incident angle is equal to the angle of
emergence",Incident angle equals 900,,,
JAMB,Physics,2003,"In the diagram above, if each of the resistors can
dissipate a maximum of 18W without becoming
excessively heated, what is the maximum power
the circuit can dissipate?",9 W,27 W,5 W,18 W,,,
JAMB,Physics,2003,"I.
It retains its magnetism much
longer than steel
II
it is more easily magnetized tah steel
III
It is more easily demagnetized than steel
IV
It produces a stronger magnet than steel.
Which combination of the above makes iron
preferable to steel in the making of electromagnets?","II, III and IV only","I, III and Iv only",I and II only,II and III only,,,
JAMB,Physics,2003,"Which of the following pairs of light rays shows
the widest separation in the spectrum of white light?",Green and yellow,Indigo and violet,Orange and red,Blue and red,,,
JAMB,Physics,2003,"In the diagram above, what would happen to the
current, I, if another resistor, R2, is connected in
parallel to R1?",It will decrease if R2 is greater than R1.,"It will increase because the equivalent
resistance will increase.",It will decrease if Rs is less than R1,"It will increase because the effective resistance
will decreases.",,,
JAMB,Physics,2003,"A ray of light is incident on an equilateral triangular
glass prism of refractive index 3/2. Calculate the
angle through which the ray is minimally deviated
in the prism.",37.20,48.60,30.00,42.00,,,
JAMB,Physics,2003,"The most suitable cell used for short interval
switches in electric bells is a",Nickel iron accumulator,Lead-acid accumulator,Daniel cell,Leclanche cell,,,
JAMB,Physics,2003,"An electron of charge 1.6 x 10-19C is accelerated
between two metal plates. If the kinetic energy of
the electron is 4.8 x 10-17J, the potential difference
between the plates is",300V,"30V
C.400V",,40V,,,
JAMB,Physics,2003,"A magnetic field is said to exist at a point if a force
is",Deflection at the point,Strengthened at the point,Exerted on a moving charge at the point,"Exerted on a stationary charged at the
point",,,
JAMB,Physics,2003,"The operation of an optical fibre is based on the
principal of",Polarization of light,Refraction of light,Interference of light,Dispersion of light,,,
JAMB,Physics,2003,"A positively charged rod X is brought near an
uncharged metal sphere Y and is then touched by
a finger with X still in place. When the finger is
removed, the result is that Y has",A negative charge and a positive potential,No charge and zero potential,A negative charge and a negative potential,A positive charge and a zero potential,,,
JAMB,Physics,2003,"In a semiconductor junction diode, as the depletion
or barrier layer is forward-based, the layer",Narrows,Remains constant,Widens then narrows,Widen.,,,
JAMB,Physics,2003,"When a nucleus is formed by bringing protons
and neutrons together, the actual mass of the
formed nucleus is less than the sum of the masses
of the constituent protons and neutrons. The
energy equivalent of this mass difference is the",Stability,Lost energy,Work function,Binding energy,,,
JAMB,Physics,2003,"An electron makes a transition from a certain energy
level Ek to the ground sate E0. If the frequency of
emission is 8.0 x 1014Hz, the energy emitted is",5.28 x 1019J,8.25 x 1019J,5.28 x 10-19J,8.25 x 10-19J,,,
JAMB,Physics,2003,"In a fission process, the decrease in mass is 0.01%.
How much energy could be obtained from the
fission of 1.0g of the materials?",9.0 x 1010 J,6.3 x 1011 J,9.0 x 1011 J,"9.0 x 109 J
[c = 3.0 x 108ms-1]",,,
JAMB,Physics,2003,"A circuit has an area of 0.4m2 and consists of 50
loops of wire. If the loops are twisted and allowed
to rotate at a constant angular velocity of 10 rads- 1 in a uniform magnetic field of 0.4T, the amplitude
of the induced voltage is",80V,20V,8V,16V,,,
JAMB,Physics,2003,"When an alternating current given by 1 = 10sin
(120w) passes through a 12 ohms resistor, the
power dissipated in the resistor is",120W,20W,600W,1200W,,,
JAMB,Physics,2003,"The major difference between a pure
semiconductor and a pure metal is that","The resistance of a metals increases with
temperature, while for semiconductors, it is
the reverse",Metals are harder than semiconductors,"Metals have forbidden gaps while
semiconductors have not","While the resistance of metals decrease with
temperature, the reverse is the case for
semiconductors.",,,
JAMB,Physics,2003,"If the uncertainty in the measurement of the
position of a particle is 5 x 10-10m, the uncertainty
in the momentum of the particle is",3.30 x 10-44Ns,3.30 x 10-24Ns,1.32 x 10-44Ns,"1.32 x 10-24Ns
[h = 6.6 x 10-34Js]",,,
JAMB,Physics,2003,"In the calibration of an ammeter using Faraday’s
laws of electrolysis, the ammeter reading is kept
constant at 1.20A. If 0.990g of copper is deposited
in 40 minutes, the correction to be applied to the
ammeter is",0.05A,0.06A,0.03A,"0.04A
[c.c.c. of copper = 3.3 x 10-4gC-1]",,,
JAMB,Physics,2003,"The maximum kinetic energy of the photoelectrons
emitted from a metal surface is 0.34cV. If the work
function of the metal surface is 1.83cV, find the
stopping potential",1.09V,2.17V,0.34V,1.49V,,,
JAMB,Physics,2003,"The force on a charge moving with velocity v in a
magnetic field B is half of the maximum force when
the angle between v and B is",00,900,450,300,,,
JAMB,Physics,2003,"The count rate of a radioactive material is 800
count/min. If the half-life of the material is 4 days,
what would the count rate be 16 days later?",50 count/min,"25/ count/min
B.
200 count/min",,100 count/min.,,,
JAMB,Physics,2004,"PHYSICS 2004
TYPE: S 1. The refractive index of the medium M in the
diagram above is
A 2 B. 1 C. 2 3 D. 3
3 3",,,,,,,
JAMB,Physics,2004,"What types of mirrors are capable of producing
parallel beams of light such as those arising from
the headlamps of a car?",Cylindrical mirrors,B. Parabolic mirrors.,C. spherical mirrors,Plane mirrors.,,,
JAMB,Physics,2004,"A person can focus an object only when it lies
within 200cm from him. Which spectacles should
be used to increase his maximum distance of
distinct vision to infinity?",Concave lens,Plane glasses,Binoculars.,Convex lens,,,
JAMB,Physics,2004,"In which of the following material media would
sound travel faster?",Water,Oil,Metal,Gas,,,
JAMB,Physics,2004,"Calculate the angle of minimum deviation for a ray
which is refracted through an equiangular prism
of refractive index 1.4.",290,600,990,900,,,
JAMB,Physics,2004,"What happens to the rays in a parallel beam of
light?",They diverges as they travel,They meet at infinity,They intersect,They converge as they travel,,,
JAMB,Physics,2004,"If u is the object distance and v the image distance,
which of the following expressions gives the linear magnification produced by a convex lens of focal length f?",u + f,u - f,"v - 1
V
f
f","v + 1
f",,,
JAMB,Physics,2004,"A ray of light make an angle of 350 with a plane
mirror. What is the angle of reflection?",550,350,700,650,,,
JAMB,Physics,2004,The pitch of a sound note depends on,Timbre,Harmonics,Quality,frequency,,,
JAMB,Physics,2004,"If the angle between two vectors P and Q is 00, the
vectors are said to",Be perpendicular,Be parallel,Intersect at angle 600,Intersect at angle 450,,,
JAMB,Physics,2004,"A machine whose efficiency is 60% has a velocity
ratio of 5. If a force of 500N is applied to lift a load
P, what is the magnitude of P?",750N,4166N,50N,1500N,,,
JAMB,Physics,2004,"A body of mass 4kg is acted on by a constant
force of 12N for 3 seconds. The kinetic energy
gained by the body at the end of the time is",162J,144J,72J,81J,,,
JAMB,Physics,2004,"As the pressure of a fluid increase, its viscosity",Decreased,remains constant,Increases then decrease,In crease.,,,
JAMB,Physics,2004,"I.
Jet-propelled aircraft
II
Rocket propulsion
III
The recoil of a gun
IV
A person walking
Which of the above is based on Newton’s third
law of motion?","I, II, III and IV",I and III only,I and II only,"I, II and III only",,,
JAMB,Physics,2004,"In a hydraulic press, a force of 40N is applied on
the effort piston area 0.4m2. If the force exerted on
the load piston is 400N, the area of the large piston
is",8m2,4m2,2m2,1m2,,,
JAMB,Physics,2004,"A 100kg box is pushed along a road with a force of
500N. If the box moves with a uniform velocity, the
coefficient of friction between the box and the road
is",0.5,0.4,10,"0.8
[g = 10ms-2]",,,
JAMB,Physics,2004,"The earth is four times the size of the moon and
the acceleration due to gravity on the earth is 80
times that on the moon. The ratio of the mass of
the moon to that of the earth is",1 : 320,1 : 1280,1 : 80,1 : 4,,,
JAMB,Physics,2004,"The diagram above shows forces 4N, 6N, 10N and
8N which act at a point O in directions indicated.
The net horizontal force is",7 3N,17N,3N,13N,,,
JAMB,Physics,2004,"A radioisotope has a decay constant of 10-7s-1.
The average life of the radioisotope is",6.93 x 108s,1.00 x 10-7s,1.00 x 107s,6.93 x 107s,,,
JAMB,Physics,2004,"A moving-coil galvanometer has a full-scale
deflection of 3A equivalent to 300 deflection. Then
sensivity of the instrument is",10.0,33.0,90.0,0.1,,,
JAMB,Physics,2004,"The binding energy of helium 4
2He is",2.017U,0.033U,4.033U,"0.330U
[atomic mass of proton = 1.00783U,
atomic mass of neutron = 1.00867U]",,,
JAMB,Physics,2004,"In a tuned radio receiver R, L, C series circuit for
resonance, the inductive and capacitive reactance
XL and XC respectively are related as",XL = 1,XL = 1 X.,"X.C
2
C. XL = X.C",XL =2X.C,,,
JAMB,Physics,2004,"The particle and wave nature of matter are
demonstrated in the equation",= h,"= c
P
f",= 2d sin Q,= hc,,,
JAMB,Physics,2004,"For semiconductors to have negative temperature
coefficient of resistance implies that","They have electrons and holes at high
temperatures","Their resistance is constantly changing with
temperature",Their resistance increases with temperature,Their resistance decreases with temperature,,,
JAMB,Physics,2004,Fluorescent tubes produce light by the,Refraction of light by gas molecules,Excitation of gas molecules,Conduction of solar energy,Thermal agitation of electrons in the tube.,,,
JAMB,Physics,2004,"In a reverse biased junction diode, current flows
in by",Electrons alone,Majority carriers,Minority carriers,Positive holes alone,,,
JAMB,Physics,2004,"The energy stored in an inductor of inductance
5mH when a current of 6A flows through it is",1.8 x 10-2J,9.0 x 10-3J,1.4 x 10-2J,9.0 x 10-2J,,,
JAMB,Physics,2004,"X-rays can be used in the study of crystal
structures because they",Have an extremely short wavelength,Have-a-very-long-reaching wavelength,Are very fast,Are invisible.,,,
JAMB,Physics,2004,"An a.c. circuit of e.m.f. 12V has a resistor of
resistance 8 Ohms connected in series to an
inductor of inductive reactance 16 Ohms and a
capacitor of capacitive 10 Ohms. The current flow
in the circuit is",1.4A,14.0A,1.2A,12.0A,,,
JAMB,Physics,2004,"A generator-manufacturing company was
contracted to produce an a.c. dynamo but
inadvertently produced a d.c. dynamo. To correct
this error, the",Commutator should be replace with slip rings.,Commutator should be replace with slit rings,Armature coil should be made aluminium,Armature coil should be made silver.,,,
JAMB,Physics,2004,"Transverse waves can be distinguished from
longitudinal waves using the characteristic of",Diffraction,Polarization,Reflection,Refraction.,,,
JAMB,Physics,2004,"When left in a freezer, a bottle full of water cracks
on freezing into ice because of the",Decreases in the volume of water,Contraction of the bottle,Expansion of the bottle,Increase in the volume of water,,,
JAMB,Physics,2004,"The change in volume when 450kg of ice is
completely melted is",0.05m3,0.45m3,4.50m3,0.50m3 [density of ice = 900 kgm-3 density of water = 1 000 kgm m-3],,,
JAMB,Physics,2004,"If a force of 50N stretches a wire from 20m to 20.01m,
what is the amount of force required to stretch the
same material from 20m to 20.05m?",100N,50N,250N,200N,,,
JAMB,Physics,2004,"Tea pots are often silver-coated to prevent hear
loss by",Convection and conduction,Radiation only,Conduction only,Convection only.,,,
JAMB,Physics,2004,"The phase difference between waves P and Q in
the diagram above is",,"2
2",,4,,,
JAMB,Physics,2004,"Metal rods of length 20cm each are laid end to end
to form a bridge at 250C. What gap will be provided
between consecutive rails for the bridge to
withstand 750C?",0.22m,0.25m,0.02m,"0.20m
[Linear expansivity of the material = 2.0 x 10-5K-1]",,,
JAMB,Physics,2004,"A 50W electric heater is used to heat a metal
block of mass 5kg. If in 10minutes, a temperature
rise of 120C is achieved, the specific heat
capacity of the metal is",500 J kg-1 K-1,130 J kg-1 K-1,390 J kg-1 K-1,400 J kg-1 K-1,,,
JAMB,Physics,2004,"I.
Wavelength
II
Medium of propagation
III
Wave velocity
IV
Frequency
V.
Energy
Which of the above are used for characterizing
waves?","I, II and V.","II, IV and V",I and IV,"I, III and IV",,,
JAMB,Physics,2004,"The instrument used for securing a large
number of similar charges by induction is called",Capacitor,Electrophorus,Electroscope,Proof-plane,,,
JAMB,Physics,2004,"A steady current 2A flows in a coil of e.m.f. 12V
for 0.4s. A back e.m.f. of 3V was induced during
this period. The stored energy in the loop that
can be utilized is",7.2J,12.0J,2.4J,9.6J,,,
JAMB,Physics,2004,"If 16mA of current flows through a conductor
in one second, the number of electrons
transported per second is",1.00 x 1020,1.00 x 1717,2.54 x 10-17,2.56 x 10-18 [1 electronic charge = 1.6 x 10-19C],,,
JAMB,Physics,2004,"The difference between x-rays and gamma rays
is that","X-rays arise from energy changes in the
electronic structure of atoms while gamma
rays come from the nucleus.","X-rays are electromagnetic radiations
while gamma rays are negatively charges
radiations.","X-rays have higher frequencies than
gamma rays","X-rays are more penetrating than gamma
rays.",,,
JAMB,Physics,2004,"In the diagram above, the ratio of the electric power
dissipated in the 6 Ohms and 3 Ohms resistors
respectively is",2 : 3,1 : 2,1 : 3,2 : 1,,,
JAMB,Physics,2004,"To protect a material from the influence of an
external magnetic field, the material should be kept
in a",Square steel ring,Loop of copper wire,Triangular zinc ring,Soft iron ring.,,,
JAMB,Physics,2004,Which of the following is an electrolyte?,Grape juice,Sugar solution,Alcohol,Paraffin,,,
JAMB,Physics,2004,"Electrical appliances in homes are normally earthed
so that",Both the a.c. and d.c. sources can be used,"A person touching the appliances is safe
from electric shock","The appliances are maintained at a higher
p.d. than the earth","The appliances are maintained at a lower
p.d. than the earth",,,
JAMB,Physics,2004,"A cell whose internal resistance is 0.5 Ohms delivers
a current of 4A to an external resistor. The lost
voltage of the cell is",1.250V,8.000V,0.125V,2.000V,,,
JAMB,Physics,2004,"Given three capacitors 0.3uF, 0.5 uF and 0.2 uF, the
joint capacitance when arranged to give minimum
capacitance is",0.3uF,1.0uF,0.1uF,0.5uF,,,
